death times,events
22.65653130626125,1
24.644928985797158,1
18.931786357271452,1
23.80476095219044,1
21.704340868173635,1
40.23004600920184,1
43.74474894978996,1
30.988197639527904,1
36.32326465293058,1
22.894578915783157,1
36.183236647329466,1
16.999399879975996,1
22.97859571914383,1
18.315663132626526,1
18.035607121424285,1
44.24884976995399,1
37.05141028205641,1
12.420484096819363,1
16.299259851970394,1
19.015803160632125,1
31.072214442888576,1
36.98139627925585,1
25.919183836767353,1
20.23404680936187,1
41.434286857371475,1
24.000800160032007,1
35.31506301260252,1
28.369673934786956,1
43.75875175035007,1
15.557111422284457,1
22.572514502900578,1
16.873374674934986,1
19.897979595919182,1
20.71014202840568,1
29.951990398079616,1
20.1500300060012,1
23.95879175835167,1
27.361472294458892,1
29.64392878575715,1
15.417083416683337,1
42.624524904980994,1
24.224844968993796,1
9.82996599319864,1
47.76355271054211,1
15.23504700940188,1
18.175635127025405,1
34.460892178435685,1
36.08521704340868,1
27.067413482696537,1
42.66653330666133,1
26.409281856371273,1
10.810162032406481,1
22.908581716343267,1
22.530506101220244,1
25.9751950390078,1
24.65893178635727,1
14.016803360672133,1
14.33886777355471,1
31.968393678735747,1
31.324264852970593,1
27.08141628325665,1
24.43488697739548,1
29.727945589117823,1
21.18623724744949,1
33.480696139227845,1
11.678335667133426,1
30.834166833366673,1
25.373074614922984,1
33.200640128025604,1
16.383276655331066,1
31.85637127425485,1
41.53230646129226,1
32.094418883776754,1
20.346069213842767,1
38.56371274254851,1
8.009601920384076,1
23.692738547709542,1
23.0626125225045,1
16.369273854770952,1
27.935587117423484,1
25.737147429485898,1
45.55111022204441,1
19.4498899779956,1
18.581716343268653,1
20.304060812162433,1
13.37267453490698,1
22.418483696739347,1
28.719743948789755,1
19.12782556511302,1
31.520304060812162,1
20.976195239047808,1
21.172234446889377,1
36.29525905181036,1
32.79455891178235,1
16.14522904580916,1
26.50730146029206,1
16.047209441888377,1
21.522304460892176,1
23.356671334266853,1
12.056411282256452,1
44.7249449889978,1
24.16883376675335,1
15.039007801560311,1
37.373474694938984,1
24.336867373474693,1
14.240848169633926,1
27.599519903980795,1
15.23504700940188,1
30.848169633926783,1
29.181836367273455,1
19.64592918583717,1
5.475095019003801,1
34.85297059411882,1
31.534306861372272,1
18.16163232646529,1
39.17983596719344,1
20.612122424484895,1
20.08001600320064,1
18.81976395279056,1
28.621724344868973,1
17.349469893978796,1
30.708141628325663,1
22.586517303460692,1
15.86517303460692,1
19.701940388077617,1
32.402480496099216,1
28.11762352470494,1
35.441088217643525,1
26.7873574714943,1
32.54250850170034,1
26.899379875975193,1
16.48129625925185,1
36.35127025405081,1
7.407481496299259,1
20.76615323064613,1
26.003200640128025,1
25.807161432286456,1
15.64112822564513,1
29.36387277455491,1
25.35907181436287,1
24.37887577515503,1
17.489497899579916,1
20.27605521104221,1
35.48309661932387,1
28.649729945989197,1
21.858371674334865,1
26.423284656931386,1
27.165433086617323,1
28.481696339267852,1
11.020204040808162,1
40.482096419283856,1
8.751750350070013,1
22.418483696739347,1
15.459091818363673,1
31.114222844568914,1
15.0250050010002,1
20.472094418883778,1
20.794158831766353,1
32.500500100020005,1
25.919183836767353,1
36.42128425685137,1
35.55311062212442,1
17.475495099019803,1
29.811962392478495,1
20.822164432886577,1
20.458091618323664,1
34.27885577115423,1
19.379875975195038,1
35.49709941988397,1
25.387077415483095,1
43.53470694138828,1
23.020604120824164,1
33.87277455491098,1
47.65153030606121,1
31.534306861372272,1
13.02260452090418,1
33.13062612522504,1
32.82256451290258,1
26.241248249649928,1
34.53090618123625,1
17.923584716943388,1
17.72754550910182,1
24.644928985797158,1
34.65693138627726,1
17.65753150630126,1
29.517903580716144,1
27.193438687737547,1
40.0620124024805,1
25.037007401480295,1
9.507901580316062,1
15.179035807161432,1
38.21364272854571,1
20.878175635127025,1
13.792758551710342,1
25.00900180036007,1
17.25145029005801,1
24.336867373474693,1
26.03120624124825,1
23.916783356671335,1
7.183436687337467,1
26.437287457491497,1
36.43528705741148,1
32.094418883776754,1
25.779155831166232,1
32.89257851570314,1
19.855971194238847,1
18.861772354470894,1
14.800960192038406,1
30.246049209841967,1
41.57431486297259,1
38.969793958791755,1
28.69173834766953,1
16.971394278855772,1
19.155831166233245,1
20.682136427285457,1
18.371674334866974,1
29.265853170634127,1
24.29485897179436,1
22.29245849169834,1
35.903180636127225,1
48.07161432286457,1
23.60872174434887,1
15.543108621724345,1
35.48309661932387,1
13.974794958991797,1
26.50730146029206,1
38.29765953190638,1
39.69793958791758,1
31.002200440088018,1
32.17843568713743,1
37.14942988597719,1
28.67773554710942,1
34.68493698739748,1
32.30446089217843,1
23.972794558911783,1
32.12242448489698,1
46.61532306461292,1
27.47349469893979,1
20.36007201440288,1
22.754550910182036,1
10.222044408881777,1
37.779555911182236,1
15.93518703740748,1
15.333066613322664,1
16.0752150430086,1
24.350870174034807,1
7.855571114222844,1
23.538707741548308,1
15.277055411082216,1
25.807161432286456,1
30.848169633926783,1
50.81616323264653,1
28.11762352470494,1
18.525705141028205,1
35.39907981596319,1
13.106621324264852,1
36.15523104620924,1
39.27785557111422,1
38.22764552910582,1
31.212242448489697,1
14.506901380276055,1
26.46529305861172,1
34.04080816163233,1
19.897979595919182,1
24.224844968993796,1
23.972794558911783,1
9.255851170234047,1
36.96739347869574,1
20.836167233446687,1
23.356671334266853,1
30.288057611522305,1
8.457691538307662,1
19.365873174634928,1
26.493298659731945,1
22.22244448889778,1
14.12882576515303,1
27.92158431686337,1
30.582116423284656,1
25.49909981996399,1
20.22004400880176,1
32.17843568713743,1
18.791758351670335,1
18.315663132626526,1
45.25705141028205,1
31.548309661932386,1
33.36867373474695,1
19.617923584716944,1
19.001800360072014,1
24.51890378075615,1
29.517903580716144,1
35.46909381876375,1
20.76615323064613,1
40.202040408081615,1
39.80996199239848,1
25.68113622724545,1
31.338267653530707,1
9.535907181436286,1
12.168433686737346,1
22.44648929785957,1
13.792758551710342,1
17.293458691738348,1
11.118223644728946,1
32.79455891178235,1
35.03500700140028,1
22.15243048609722,1
28.1876375275055,1
30.918183636727345,1
28.11762352470494,1
30.62412482496499,1
21.60632126425285,1
32.66853370674135,1
34.34886977395479,1
34.54490898179636,1
28.173634726945387,1
27.78155631126225,1
14.53490698139628,1
36.70134026805361,1
41.61632326465293,1
27.445489097819564,1
12.93858771754351,1
28.929785957191438,1
42.30246049209842,1
11.888377675535107,1
22.390478095619123,1
45.63512702540508,1
38.38167633526705,1
36.04320864172834,1
34.26485297059412,1
18.00760152030406,1
19.7999599919984,1
31.478295659131824,1
29.97999599919984,1
31.1002200440088,1
34.48889777955591,1
21.452290458091618,1
17.72754550910182,1
23.4126825365073,1
19.88397679535907,1
45.579115823164635,1
17.685537107421485,1
13.918783756751349,1
33.45269053810762,1
33.634726945389076,1
18.02160432086417,1
41.98039607921584,1
16.019203840768153,1
29.265853170634127,1
10.824164832966593,1
18.14762952590518,1
26.983396679335865,1
38.479695939187835,1
38.31166233246649,1
21.144228845769153,1
29.29385877175435,1
27.71154230846169,1
22.3624724944989,1
23.146629325865174,1
24.16883376675335,1
14.520904180836167,1
21.53630726145229,1
33.92878575715143,1
17.37747549509902,1
28.957791558311662,1
15.347069413882776,1
20.836167233446687,1
31.954390878175634,1
18.889777955591118,1
17.475495099019803,1
22.670534106821364,1
13.288657731546309,1
36.99539907981596,1
39.17983596719344,1
37.89157831566313,1
27.43148629725945,1
33.018603720744146,1
48.29565913182636,1
21.648329665933186,1
30.064012802560512,1
15.963192638527705,1
30.932186437287456,1
23.42668533706741,1
14.33886777355471,1
33.28465693138627,1
15.039007801560311,1
24.126825365073014,1
31.4502900580116,1
26.95539107821564,1
23.454690938187635,1
20.8501700340068,1
9.017803560712142,1
32.30446089217843,1
5.545109021804361,1
23.42668533706741,1
29.181836367273455,1
11.342268453690737,1
26.059211842368473,1
34.796959391878374,1
33.606721344268855,1
7.54750950190038,1
9.49389877975595,1
12.896579315863173,1
23.34266853370674,1
18.889777955591118,1
10.6001200240048,1
13.596719343868774,1
31.57631526305261,1
44.1508301660332,1
24.952990598119623,1
38.115623124624925,1
23.27265453090618,1
53.924784956991395,1
21.354270854170835,1
22.376475295059013,1
25.863172634526904,1
22.320464092818565,1
8.52770554110822,1
33.74674934986997,1
38.59171834366873,1
43.800760152030406,1
28.145629125825163,1
39.44588917783557,1
37.835567113422684,1
25.49909981996399,1
47.16143228645729,1
28.355671134226846,1
22.068413682736548,1
14.884976995399079,1
18.6377275455091,1
51.222244448889775,1
22.908581716343267,1
16.593318663732745,1
32.6125225045009,1
22.740548109621923,1
19.39387877575515,1
18.21764352870574,1
37.40148029605921,1
18.511702340468094,1
22.950590118023605,1
25.667133426685336,1
23.160632126425284,1
25.21904380876175,1
33.04660932186437,1
28.369673934786956,1
46.769353870774154,1
39.837967593518705,1
21.844368873774755,1
21.354270854170835,1
42.61052210442088,1
18.16163232646529,1
37.009401880376075,1
24.85497099419884,1
46.44728945789158,1
26.717343468693738,1
7.673534706941388,1
13.876775355071015,1
14.716943388677736,1
11.622324464892978,1
23.300660132026405,1
28.215643128625725,1
41.88237647529506,1
24.09881976395279,1
32.654530906181236,1
20.612122424484895,1
37.345469093818764,1
23.94478895779156,1
15.711142228445688,1
13.84876975395079,1
22.99259851970394,1
17.349469893978796,1
26.871374274854972,1
19.491898379675934,1
20.164032806561313,1
9.773954790958191,1
24.826965393078616,1
22.264452890578116,1
38.53570714142828,1
31.212242448489697,1
16.019203840768153,1
22.768553710742147,1
17.11142228445689,1
11.188237647529506,1
17.643528705741147,1
34.83896779355871,1
23.314662932586515,1
15.529105821164233,1
20.332066413282657,1
38.03160632126425,1
28.11762352470494,1
27.263452690538106,1
27.319463892778554,1
21.2002400480096,1
41.462292458491696,1
21.67633526705341,1
23.13262652530506,1
30.89017803560712,1
38.479695939187835,1
26.213242648529704,1
15.907181436287257,1
12.952590518103621,1
18.455691138227646,1
19.93998799759952,1
22.44648929785957,1
38.57771554310862,1
26.353270654130824,1
18.959791958391676,1
15.557111422284457,1
36.47729545909182,1
48.001600320064014,1
23.580716143228646,1
14.478895779155831,1
17.9375875175035,1
42.12042408481696,1
35.49709941988397,1
43.058611722344466,1
16.90138027605521,1
26.479295859171835,1
18.62372474494899,1
20.248049609921985,1
34.78295659131826,1
11.734346869373875,1
19.981996399279854,1
31.464292858571714,1
28.69173834766953,1
38.0876175235047,1
24.182836567313462,1
17.685537107421485,1
33.564712942588514,1
32.76655331066213,1
12.504500900180036,1
31.128225645129024,1
35.21704340868173,1
24.126825365073014,1
32.29045809161832,1
41.89637927585517,1
21.60632126425285,1
22.866573314662933,1
31.954390878175634,1
25.849169833966794,1
24.938987797559513,1
16.76135227045409,1
26.689337867573514,1
25.41508301660332,1
11.97239447889578,1
30.988197639527904,1
43.84276855371074,1
20.164032806561313,1
19.81396279255851,1
28.38367673534707,1
36.99539907981596,1
17.321464292858572,1
44.82296459291858,1
21.998399679935986,1
33.942788557711545,1
31.324264852970593,1
39.585917183436685,1
28.999799959991996,1
25.89117823564713,1
17.57351470294059,1
14.072814562912582,1
27.09541908381676,1
22.250450090018003,1
27.375475095019002,1
27.22144428885777,1
28.411682336467294,1
28.173634726945387,1
19.141828365673135,1
10.964192838567714,1
18.55371074214843,1
23.860772154430887,1
10.208041608321665,1
16.859371874374876,1
23.160632126425284,1
20.668133626725343,1
6.37127425485097,1
24.280856171234245,1
27.529505901180237,1
23.60872174434887,1
22.51650330066013,1
15.459091818363673,1
14.954990998199639,1
15.851170234046808,1
31.64632926585317,1
30.372074414882977,1
20.528105621124226,1
28.5377075415083,1
32.79455891178235,1
21.04620924184837,1
21.06021204240848,1
11.720344068813763,1
19.673934786957393,1
41.154230846169234,1
26.73134626925385,1
18.55371074214843,1
34.69893978795759,1
50.84416883376675,1
28.04760952190438,1
8.947789557911582,1
29.377875575115024,1
26.885377075415082,1
10.250050010002001,1
26.12922584516903,1
25.527105421084215,1
26.80136027205441,1
48.365673134626924,1
25.87717543508702,1
15.347069413882776,1
23.090618123624726,1
21.410282056411283,1
27.067413482696537,1
19.687937587517503,1
26.38127625525105,1
14.240848169633926,1
9.255851170234047,1
21.942388477695538,1
12.448489697939587,1
21.81636327265453,1
11.328265653130625,1
28.1876375275055,1
21.228245649129825,1
27.75355071014203,1
14.240848169633926,1
23.356671334266853,1
9.26985397079416,1
26.101220244048807,1
18.55371074214843,1
14.114822964592918,1
35.03500700140028,1
24.070814162832566,1
35.077015403080615,1
23.916783356671335,1
11.608321664332866,1
54.904980996199235,1
21.95639127825565,1
8.947789557911582,1
24.546909381876375,1
24.364872974594917,1
34.78295659131826,1
23.874774954990997,1
22.082416483296658,1
31.198239647929586,1
31.898379675935185,1
33.690738147629524,1
32.10842168433687,1
13.036607321464292,1
14.632926585317064,1
22.22244448889778,1
28.1876375275055,1
22.768553710742147,1
28.5377075415083,1
20.304060812162433,1
24.37887577515503,1
13.204640928185636,1
26.46529305861172,1
34.06881376275255,1
16.201240248049608,1
37.905581116223246,1
24.39287857571514,1
23.566713342668532,1
28.019603920784157,1
15.207041408281656,1
25.82116423284657,1
15.599119823964793,1
20.598119623924784,1
19.771954390878175,1
41.644328865773154,1
42.050410082016406,1
18.749749949989997,1
19.701940388077617,1
36.757351470294054,1
25.709141828365674,1
26.46529305861172,1
26.157231446289256,1
29.06981396279256,1
39.347869573914785,1
30.76415283056611,1
24.462892578515703,1
28.215643128625725,1
49.58391678335667,1
27.4874974994999,1
17.39147829565913,1
19.74394878975795,1
24.58891778355671,1
8.429685937187438,1
41.25225045009002,1
16.13122624524905,1
16.453290658131625,1
18.385677135427084,1
23.146629325865174,1
37.79355871174235,1
16.089217843568715,1
42.624524904980994,1
11.594318863772754,1
26.829365873174634,1
16.48129625925185,1
25.317063412682536,1
32.038407681536306,1
13.974794958991797,1
20.752150430086015,1
34.432886577315465,1
21.704340868173635,1
34.68493698739748,1
13.274654930986197,1
20.27605521104221,1
28.59371874374875,1
16.915383076615324,1
16.369273854770952,1
15.319063812762552,1
11.35627125425085,1
14.716943388677736,1
9.213842768553711,1
22.278455691138227,1
13.23264652930586,1
23.692738547709542,1
27.76755351070214,1
26.94138827765553,1
21.284256851370273,1
21.004200840168032,1
21.38227645529106,1
19.533906781356272,1
26.479295859171835,1
25.177035407081416,1
23.286657331466294,1
26.815363072614524,1
35.259051810362074,1
20.696139227845567,1
15.781156231246248,1
41.14022804560912,1
11.202240448089618,1
23.930786157231445,1
36.365273054610924,1
21.39627925585117,1
42.5125025005001,1
36.70134026805361,1
15.109021804360871,1
18.35767153430686,1
29.71394278855771,1
25.807161432286456,1
22.754550910182036,1
22.0124024804961,1
44.45889177835567,1
41.04220844168834,1
25.597119423884777,1
38.913782756551306,1
17.25145029005801,1
17.993598719743947,1
26.423284656931386,1
20.388077615523105,1
37.905581116223246,1
47.329465893178636,1
32.29045809161832,1
52.44048809761952,1
26.255251050210042,1
30.106021204240847,1
18.469693938787756,1
36.46329265853171,1
31.660332066413282,1
43.96879375875175,1
27.92158431686337,1
10.782156431286257,1
18.805761152230446,1
28.565713142628525,1
14.60492098419684,1
30.064012802560512,1
32.92058411682336,1
16.453290658131625,1
32.64052810562112,1
15.991198239647929,1
24.58891778355671,1
16.327265453090618,1
8.79375875175035,1
16.21524304860972,1
28.1876375275055,1
24.72894578915783,1
11.090218043608722,1
26.913382676535306,1
32.584516903380674,1
18.749749949989997,1
38.84376875375075,1
20.41608321664333,1
32.76655331066213,1
28.019603920784157,1
28.971794358871772,1
13.078615723144628,1
39.0258051610322,1
17.489497899579916,1
35.73514702940588,1
18.231646329265853,1
9.171834366873375,1
22.236447289457892,1
38.143628725745145,1
35.88917783556711,1
13.890778155631125,1
30.13402680536107,1
31.14222844568914,1
34.37687537507502,1
11.468293658731746,1
21.592318463692738,1
15.93518703740748,1
20.08001600320064,1
20.892178435687136,1
23.27265453090618,1
43.68873774754951,1
25.35907181436287,1
27.669533906781357,1
17.951590318063612,1
24.504900980196037,1
23.90278055611122,1
29.895979195839168,1
19.477895579115824,1
17.72754550910182,1
31.058211642328466,1
24.44888977795559,1
32.738547709541905,1
16.089217843568715,1
42.72254450890178,1
26.50730146029206,1
29.377875575115024,1
24.58891778355671,1
13.260652130426084,1
24.560912182436486,1
24.78495699139828,1
29.769953990798157,1
14.044808961792357,1
18.48369673934787,1
21.5503100620124,1
39.61392278455691,1
18.903780756151228,1
23.32866573314663,1
25.667133426685336,1
13.806761352270454,1
20.86417283456691,1
14.954990998199639,1
15.011002200440087,1
37.709541908381674,1
17.013402680536107,1
37.30346069213843,1
33.87277455491098,1
30.512102420484094,1
29.139827965593117,1
11.048209641928386,1
22.726545309061812,1
49.80796159231846,1
38.689737947589514,1
39.221844368873775,1
45.43908781756351,1
15.739147829565912,1
24.406881376275255,1
48.75775155031006,1
20.794158831766353,1
25.569113822764553,1
21.11622324464893,1
28.369673934786956,1
21.508301660332066,1
33.67673534706941,1
30.596119223844767,1
21.032206441288256,1
11.510302060412082,1
19.225845169033807,1
27.067413482696537,1
41.462292458491696,1
15.543108621724345,1
21.438287657531507,1
20.206041208241647,1
42.204440888177636,1
29.419883976795358,1
18.469693938787756,1
13.820764152830566,1
18.735747149429887,1
32.66853370674135,1
19.407881576315262,1
33.85877175435087,1
29.195839167833565,1
27.445489097819564,1
27.851570314062812,1
18.525705141028205,1
18.735747149429887,1
27.69753950790158,1
39.76795359071814,1
23.006601320264053,1
21.270254050810163,1
36.827365473094616,1
15.739147829565912,1
44.51490298059612,1
26.80136027205441,1
35.18903780756151,1
13.358671734346869,1
16.677335467093418,1
32.584516903380674,1
30.62412482496499,1
32.82256451290258,1
24.85497099419884,1
17.489497899579916,1
28.229645929185835,1
27.459491898379675,1
48.75775155031006,1
17.19543908781756,1
41.89637927585517,1
24.686937387477496,1
16.21524304860972,1
40.02000400080016,1
23.034606921384277,1
28.57971594318864,1
54.33086617323465,1
24.000800160032007,1
21.662332466493297,1
8.471694338867774,1
20.57011402280456,1
39.97799559911982,1
27.053410682136427,1
40.34206841368273,1
48.60372074414883,1
25.807161432286456,1
24.686937387477496,1
12.546509301860372,1
14.142828565713142,1
18.511702340468094,1
33.43868773754751,1
30.94618923784757,1
14.464892978595719,1
21.998399679935986,1
15.767153430686136,1
11.874374874974995,1
20.29005801160232,1
28.971794358871772,1
24.9249849969994,1
33.04660932186437,1
38.12962592518504,1
20.654130826165233,1
17.321464292858572,1
13.70874174834967,1
30.61012202440488,1
31.22624524904981,1
22.040408081616324,1
22.754550910182036,1
31.660332066413282,1
36.25325065013003,1
27.62752550510102,1
24.72894578915783,1
28.467693538707742,1
18.16163232646529,1
36.61732346469294,1
26.03120624124825,1
48.81376275255051,1
26.283256651330266,1
16.229245849169832,1
32.990598119623925,1
26.157231446289256,1
15.081016203240647,1
27.22144428885777,1
20.08001600320064,1
16.677335467093418,1
26.143228645729145,1
26.003200640128025,1
20.23404680936187,1
20.37407481496299,1
15.557111422284457,1
12.39247849569914,1
30.512102420484094,1
14.716943388677736,1
29.99399879975995,1
21.774354870974193,1
25.69513902780556,1
18.53970794158832,1
23.972794558911783,1
22.250450090018003,1
46.16723344668934,1
29.475895179035806,1
48.58971794358872,1
39.40388077615523,1
16.971394278855772,1
36.1132226445289,1
22.278455691138227,1
24.322864572914582,1
23.286657331466294,1
22.082416483296658,1
12.112422484496898,1
21.592318463692738,1
30.078015603120623,1
27.78155631126225,1
7.183436687337467,1
25.947189437887577,1
12.966593318663733,1
23.90278055611122,1
31.4502900580116,1
11.804360872174435,1
28.94378875775155,1
20.066013202640526,1
27.823564712942588,1
27.62752550510102,1
22.754550910182036,1
8.261652330466093,1
27.067413482696537,1
12.280456091218243,1
16.915383076615324,1
26.409281856371273,1
32.68253650730146,1
24.980996199239847,1
33.10262052410482,1
23.81876375275055,1
21.144228845769153,1
19.869973994798958,1
27.361472294458892,1
20.99019803960792,1
26.50730146029206,1
22.908581716343267,1
10.18003600720144,1
19.099819963992797,1
33.78875775155031,1
21.270254050810163,1
31.15623124624925,1
48.3376675335067,1
18.665733146629325,1
18.385677135427084,1
31.73034606921384,1
37.55551110222044,1
28.467693538707742,1
33.39667933586717,1
19.925985197039406,1
32.780556111222246,1
7.645529105821164,1
13.792758551710342,1
16.8873774754951,1
32.90658131626325,1
25.261052210442088,1
12.518503700740148,1
25.527105421084215,1
25.457091418283657,1
36.74334866973395,1
21.172234446889377,1
39.68393678735747,1
19.855971194238847,1
23.4126825365073,1
17.04140828165633,1
15.515103020604121,1
35.62312462492498,1
19.001800360072014,1
24.364872974594917,1
14.156831366273254,1
30.94618923784757,1
31.506301260252048,1
31.212242448489697,1
41.952390478095616,1
33.73274654930986,1
33.3126625325065,1
46.769353870774154,1
22.824564912982595,1
15.207041408281656,1
42.27445489097819,1
40.58011602320464,1
19.225845169033807,1
36.04320864172834,1
30.48409681936387,1
35.441088217643525,1
23.370674134826963,1
35.133026605321064,1
40.566113222644525,1
10.166033206641329,1
21.648329665933186,1
37.863572714542904,1
18.53970794158832,1
39.96399279855971,1
17.027405481096217,1
17.461492298459692,1
10.054010802160432,1
38.759751950390076,1
23.454690938187635,1
16.21524304860972,1
15.291058211642328,1
32.6125225045009,1
29.867973594718944,1
17.167433486697337,1
17.125425085017003,1
20.78015603120624,1
45.817163432686534,1
13.260652130426084,1
39.76795359071814,1
35.231046209241846,1
17.25145029005801,1
25.457091418283657,1
24.91098219643929,1
36.9253850770154,1
17.909581916383278,1
10.432086417283456,1
20.598119623924784,1
36.77135427085417,1
27.389477895579116,1
16.495299059811963,1
28.59371874374875,1
29.475895179035806,1
11.048209641928386,1
32.75255051010202,1
23.874774954990997,1
17.027405481096217,1
27.823564712942588,1
19.715943188637727,1
33.354670934186835,1
22.92258451690338,1
21.04620924184837,1
36.855371074214844,1
22.16643328665733,1
31.800360072014403,1
21.858371674334865,1
30.96019203840768,1
9.045809161832366,1
18.889777955591118,1
11.286257251450289,1
31.058211642328466,1
23.81876375275055,1
39.921984396879374,1
28.145629125825163,1
33.36867373474695,1
27.69753950790158,1
27.879575915183036,1
34.152830566113224,1
17.71354270854171,1
21.67633526705341,1
11.118223644728946,1
26.199239847969594,1
46.29325865173035,1
27.053410682136427,1
17.37747549509902,1
15.79515903180636,1
20.808161632326463,1
28.8877775555111,1
24.420884176835365,1
25.037007401480295,1
20.13602720544109,1
35.88917783556711,1
30.0500100020004,1
22.908581716343267,1
9.955991198239648,1
48.981796359271854,1
19.16983396679336,1
14.26885377075415,1
25.933186637327466,1
36.8133626725345,1
17.979595919183836,1
30.386077215443088,1
35.83316663332666,1
32.12242448489698,1
31.534306861372272,1
31.114222844568914,1
32.43048609721944,1
44.54290858171634,1
34.8249649929986,1
57.92958591718344,1
38.80176035207041,1
27.585517103420685,1
17.993598719743947,1
30.862172434486897,1
14.380876175235047,1
18.00760152030406,1
29.279855971194237,1
28.45369073814763,1
24.37887577515503,1
19.65993198639728,1
25.2750550110022,1
35.79115823164633,1
34.75495099019804,1
40.7621524304861,1
29.30786157231446,1
12.896579315863173,1
14.940988197639527,1
23.48269653930786,1
29.615923184636927,1
25.35907181436287,1
12.686537307461492,1
17.405481096219244,1
33.15863172634527,1
4.802960592118423,1
27.27745549109822,1
34.4748949789958,1
38.57771554310862,1
21.06021204240848,1
14.296859371874374,1
14.086817363472694,1
19.617923584716944,1
27.823564712942588,1
36.98139627925585,1
23.27265453090618,1
9.087817563512703,1
11.986397279455892,1
22.20844168833767,1
24.644928985797158,1
31.422284456891376,1
20.01000200040008,1
26.759351870374076,1
33.38267653530706,1
26.759351870374076,1
17.39147829565913,1
15.487097419483897,1
24.53290658131626,1
27.837567513502698,1
34.65693138627726,1
26.64732946589318,1
45.91518303660732,1
17.979595919183836,1
23.81876375275055,1
44.136827365473096,1
38.18563712742549,1
19.26785357071414,1
32.43048609721944,1
15.137027405481096,1
23.524704940988197,1
26.255251050210042,1
35.80516103220644,1
17.769553910782157,1
38.84376875375075,1
15.207041408281656,1
28.789757951590317,1
21.410282056411283,1
20.038007601520302,1
34.768953790758154,1
16.677335467093418,1
26.409281856371273,1
14.282856571314262,1
30.988197639527904,1
20.92018403680736,1
27.403480696139226,1
24.5749149829966,1
32.864572914582915,1
35.231046209241846,1
24.616923384676934,1
51.964392878575715,1
22.278455691138227,1
11.538307661532306,1
21.802360472094417,1
41.74234846969394,1
26.759351870374076,1
33.662732546509304,1
12.028405681136228,1
18.69373874774955,1
32.13642728545709,1
16.677335467093418,1
42.55451090218043,1
12.630526105221044,1
38.18563712742549,1
50.92818563712743,1
30.27405481096219,1
26.549309861972393,1
12.322464492898579,1
27.57151430286057,1
19.673934786957393,1
32.82256451290258,1
16.509301860372073,1
26.003200640128025,1
19.18383676735347,1
11.440288057611522,1
37.51350270054011,1
37.33146629325865,1
34.124824964992996,1
28.11762352470494,1
26.339267853570714,1
34.3628725745149,1
19.46389277855571,1
17.67153430686137,1
23.076615323064612,1
26.675335067013403,1
12.014402880576116,1
17.09741948389678,1
34.78295659131826,1
19.141828365673135,1
20.122024404880975,1
30.750150030006,1
18.889777955591118,1
38.17163432686537,1
24.462892578515703,1
16.383276655331066,1
9.325865173034607,1
41.770354070814165,1
20.388077615523105,1
48.799759951990396,1
23.580716143228646,1
16.27125425085017,1
29.769953990798157,1
42.72254450890178,1
22.474494898979795,1
33.95679135827165,1
25.751150230046008,1
15.333066613322664,1
27.683536707341467,1
32.33246649329866,1
16.789357871574314,1
16.13122624524905,1
37.56951390278056,1
36.71534306861372,1
27.165433086617323,1
19.687937587517503,1
8.261652330466093,1
22.236447289457892,1
11.300260052010401,1
22.474494898979795,1
13.610722144428886,1
12.882576515303061,1
15.767153430686136,1
28.52370474094819,1
35.76315263052611,1
30.94618923784757,1
9.63392678535707,1
31.520304060812162,1
19.60392078415683,1
23.27265453090618,1
18.105621124224843,1
15.109021804360871,1
29.237847569513903,1
40.42608521704341,1
32.30446089217843,1
22.754550910182036,1
38.31166233246649,1
26.297259451890376,1
41.56031206241248,1
23.020604120824164,1
21.858371674334865,1
24.742948589717944,1
30.778155631126225,1
7.939587917583516,1
31.660332066413282,1
29.461892378475696,1
5.881176235247049,1
19.7999599919984,1
18.707741548309663,1
17.027405481096217,1
11.034206841368274,1
29.139827965593117,1
23.454690938187635,1
38.92778555711142,1
33.564712942588514,1
29.251850370074013,1
18.07761552310462,1
21.704340868173635,1
16.46729345869174,1
31.254250850170035,1
31.814362872574513,1
45.22904580916183,1
26.479295859171835,1
35.60912182436487,1
19.32386477295459,1
49.289857971594316,1
41.44828965793158,1
27.76755351070214,1
40.27205441088218,1
15.515103020604121,1
20.976195239047808,1
24.672934586917382,1
16.831366273254652,1
41.924384876975395,1
36.08521704340868,1
23.244648929785956,1
24.980996199239847,1
22.69853970794159,1
13.84876975395079,1
25.023004600920185,1
31.422284456891376,1
30.96019203840768,1
22.670534106821364,1
29.97999599919984,1
31.884376875375075,1
36.43528705741148,1
18.049609921984395,1
25.723144628925784,1
39.51590318063612,1
14.562912582516503,1
15.557111422284457,1
21.88637727545509,1
36.96739347869574,1
23.650730146029204,1
15.109021804360871,1
23.020604120824164,1
27.515503100620123,1
16.789357871574314,1
35.18903780756151,1
12.910582116423285,1
13.02260452090418,1
19.88397679535907,1
14.576915383076615,1
13.23264652930586,1
15.515103020604121,1
24.826965393078616,1
41.392278455691134,1
30.792158431686335,1
25.303060612122422,1
31.268253650730145,1
9.171834366873375,1
15.011002200440087,1
10.418083616723344,1
26.213242648529704,1
46.405281056211244,1
37.35947189437888,1
25.597119423884777,1
14.184836967393478,1
37.373474694938984,1
28.06161232246449,1
8.261652330466093,1
34.460892178435685,1
14.352870574114823,1
34.124824964992996,1
20.8501700340068,1
32.82256451290258,1
27.57151430286057,1
25.919183836767353,1
13.694738947789558,1
19.855971194238847,1
22.670534106821364,1
25.49909981996399,1
14.968993798759751,1
31.254250850170035,1
31.954390878175634,1
41.26625325065013,1
22.138427685537106,1
17.769553910782157,1
10.264052810562113,1
32.23444688937788,1
24.04280856171234,1
39.16583316663333,1
19.39387877575515,1
40.88817763552711,1
19.88397679535907,1
21.48029605921184,1
26.50730146029206,1
40.846169233846766,1
18.875775155031004,1
35.6371274254851,1
14.800960192038406,1
22.572514502900578,1
24.08481696339268,1
24.196839367873572,1
31.38027605521104,1
24.09881976395279,1
7.995599119823964,1
10.684136827365473,1
23.0626125225045,1
16.999399879975996,1
17.86757351470294,1
30.974194838967794,1
13.736747349469894,1
29.64392878575715,1
25.905181036207242,1
12.056411282256452,1
28.10362072414483,1
11.748349669933987,1
32.29045809161832,1
40.3000600120024,1
33.21464292858572,1
20.8501700340068,1
26.255251050210042,1
41.25225045009002,1
37.23344668933787,1
23.74874974994999,1
33.43868773754751,1
18.665733146629325,1
14.142828565713142,1
20.304060812162433,1
23.076615323064612,1
29.405881176235248,1
14.114822964592918,1
23.076615323064612,1
24.43488697739548,1
12.210442088417683,1
29.65793158631726,1
24.30886177235447,1
11.664332866573314,1
35.31506301260252,1
30.288057611522305,1
28.45369073814763,1
22.530506101220244,1
19.995999199839968,1
6.791358271654331,1
36.70134026805361,1
19.477895579115824,1
8.835767153430686,1
24.08481696339268,1
25.20504100820164,1
28.425685137027404,1
21.522304460892176,1
21.67633526705341,1
26.45129025805161,1
35.133026605321064,1
29.475895179035806,1
17.51750350070014,1
26.12922584516903,1
13.456691338267653,1
21.522304460892176,1
24.25285057011402,1
34.0128025605121,1
15.613122624524905,1
24.840968193638727,1
12.098419683936786,1
25.709141828365674,1
28.999799959991996,1
15.291058211642328,1
10.86617323464693,1
24.014802960592117,1
8.891778355671134,1
24.126825365073014,1
33.67673534706941,1
26.73134626925385,1
26.74534906981396,1
29.195839167833565,1
10.768153630726145,1
42.904580916183235,1
19.561912382476496,1
31.184236847369473,1
31.548309661932386,1
37.037407481496295,1
23.80476095219044,1
38.22764552910582,1
16.033206641328267,1
21.34026805361072,1
27.669533906781357,1
39.96399279855971,1
39.72594518903781,1
36.337267453490696,1
30.862172434486897,1
25.48509701940388,1
24.504900980196037,1
40.328065613122625,1
14.996999399879975,1
23.32866573314663,1
23.244648929785956,1
25.023004600920185,1
18.035607121424285,1
28.87377475495099,1
15.781156231246248,1
19.60392078415683,1
15.263052610522104,1
42.12042408481696,1
21.74634926985397,1
27.62752550510102,1
28.089617923584715,1
24.126825365073014,1
29.615923184636927,1
32.248449689937985,1
17.125425085017003,1
27.78155631126225,1
32.710542108421684,1
16.243248649729946,1
21.774354870974193,1
37.933586717343466,1
24.966993398679737,1
34.124824964992996,1
31.002200440088018,1
20.55611122224445,1
20.78015603120624,1
13.120624124824964,1
37.8495699139828,1
23.146629325865174,1
14.576915383076615,1
31.99639927985597,1
6.217243448689738,1
21.102220444088818,1
18.35767153430686,1
27.865573114622922,1
39.80996199239848,1
27.333466693338668,1
26.899379875975193,1
11.664332866573314,1
36.78535707141428,1
31.744348869773955,1
15.921184236847369,1
27.165433086617323,1
29.92398479695939,1
21.81636327265453,1
23.510702140428084,1
31.92638527705541,1
32.30446089217843,1
19.057811562312462,1
6.1752350470094015,1
30.232046409281857,1
20.542108421684336,1
8.52770554110822,1
17.5875175035007,1
31.968393678735747,1
13.23264652930586,1
16.8873774754951,1
30.33006601320264,1
24.25285057011402,1
35.413082616523305,1
26.017203440688135,1
39.75395079015803,1
7.855571114222844,1
31.43628725745149,1
32.8505701140228,1
22.85257051410282,1
36.1132226445289,1
16.62132426485297,1
25.513102620524105,1
47.23144628925785,1
14.26885377075415,1
21.06021204240848,1
22.97859571914383,1
41.82636527305461,1
22.740548109621923,1
37.289457891578316,1
26.143228645729145,1
42.14842968593719,1
41.1122224444889,1
42.260452090418084,1
32.27645529105821,1
36.14122824564913,1
25.107021404280854,1
21.788357671534307,1
21.32626525305061,1
19.491898379675934,1
23.300660132026405,1
27.795559111822364,1
23.692738547709542,1
46.05521104220844,1
22.614522904580916,1
25.21904380876175,1
36.98139627925585,1
24.182836567313462,1
21.46629325865173,1
19.785957191438285,1
43.25465093018604,1
11.944388877775555,1
7.995599119823964,1
39.0258051610322,1
19.197839567913583,1
39.47389477895579,1
36.19723944788958,1
31.982396479295858,1
41.36427285457091,1
30.792158431686335,1
27.263452690538106,1
30.4000800160032,1
38.689737947589514,1
27.599519903980795,1
16.327265453090618,1
21.578315663132624,1
32.68253650730146,1
51.82436487297459,1
15.585117023404681,1
39.095819163832765,1
29.83996799359872,1
46.4752950590118,1
41.434286857371475,1
32.94858971794359,1
35.97319463892779,1
25.00900180036007,1
21.522304460892176,1
34.99299859971994,1
26.99739947989598,1
38.84376875375075,1
28.019603920784157,1
28.985797159431886,1
18.53970794158832,1
15.30506101220244,1
18.917783556711342,1
22.894578915783157,1
29.195839167833565,1
28.005601120224043,1
25.905181036207242,1
19.95399079815963,1
24.966993398679737,1
22.628525705141026,1
35.077015403080615,1
26.11522304460892,1
22.614522904580916,1
35.38507701540308,1
32.094418883776754,1
26.50730146029206,1
24.37887577515503,1
21.73234646929386,1
20.262052410482095,1
12.658531706341268,1
19.4498899779956,1
28.355671134226846,1
40.02000400080016,1
6.65133026605321,1
24.630926185237048,1
13.23264652930586,1
11.468293658731746,1
20.1500300060012,1
31.71634326865373,1
19.575915183036606,1
20.388077615523105,1
19.631926385277055,1
19.057811562312462,1
30.708141628325663,1
17.53150630126025,1
21.83036607321464,1
28.67773554710942,1
23.174634926985398,1
22.124424884976996,1
16.663332666533307,1
35.38507701540308,1
24.71494298859772,1
32.010402080416085,1
37.471494298859774,1
28.761752350470093,1
22.586517303460692,1
19.967993598719744,1
28.859771954390876,1
20.402080416083216,1
28.24364872974595,1
36.5753150630126,1
27.41748349669934,1
24.44888977795559,1
15.137027405481096,1
18.06361272254451,1
33.95679135827165,1
28.1876375275055,1
24.798959791958392,1
22.97859571914383,1
13.680736147229446,1
46.3632726545309,1
16.915383076615324,1
15.57111422284457,1
24.78495699139828,1
35.693138627725546,1
31.366273254650928,1
30.162032406481295,1
19.015803160632125,1
21.844368873774755,1
25.765153030606122,1
29.99399879975995,1
25.63912782556511,1
29.531906381276254,1
39.459891978395675,1
30.008001600320064,1
32.248449689937985,1
16.159231846369273,1
38.18563712742549,1
13.414682936587317,1
31.800360072014403,1
24.266853370674134,1
21.032206441288256,1
33.228645729145825,1
47.44148829765953,1
18.69373874774955,1
32.990598119623925,1
9.983996799359872,1
5.783156631326265,1
19.547909581916382,1
35.903180636127225,1
36.309261852370476,1
18.16163232646529,1
15.347069413882776,1
14.044808961792357,1
8.751750350070013,1
26.871374274854972,1
15.109021804360871,1
14.394878975795159,1
33.38267653530706,1
28.38367673534707,1
21.774354870974193,1
22.376475295059013,1
23.174634926985398,1
26.297259451890376,1
34.27885577115423,1
34.78295659131826,1
28.439687937587518,1
36.44928985797159,1
17.321464292858572,1
11.524304860972194,1
19.26785357071414,1
18.48369673934787,1
18.749749949989997,1
23.370674134826963,1
20.486097219443888,1
19.981996399279854,1
23.972794558911783,1
14.562912582516503,1
12.798559711942389,1
40.664132826565314,1
40.21604320864173,1
31.63232646529306,1
30.148029605921185,1
20.976195239047808,1
33.57871574314863,1
22.0124024804961,1
27.039407881576313,1
25.177035407081416,1
29.251850370074013,1
29.531906381276254,1
16.999399879975996,1
34.0128025605121,1
17.083416683336665,1
41.1122224444889,1
27.333466693338668,1
18.69373874774955,1
20.794158831766353,1
35.00700140028005,1
30.596119223844767,1
40.79015803160632,1
25.121024204840968,1
17.629525905181037,1
13.344668933786757,1
19.81396279255851,1
33.43868773754751,1
37.06541308261652,1
19.337867573514703,1
18.511702340468094,1
23.832766553310663,1
37.54150830166033,1
36.799359871974396,1
8.429685937187438,1
14.352870574114823,1
34.0128025605121,1
23.776755351070214,1
24.266853370674134,1
42.55451090218043,1
18.399679935987198,1
19.379875975195038,1
36.855371074214844,1
26.12922584516903,1
21.32626525305061,1
35.98719743948789,1
47.00740148029606,1
11.342268453690737,1
20.206041208241647,1
29.727945589117823,1
34.0128025605121,1
26.04520904180836,1
36.01520304060812,1
27.29145829165833,1
28.481696339267852,1
28.467693538707742,1
26.101220244048807,1
24.322864572914582,1
27.725545109021805,1
28.285657131426284,1
7.435487097419483,1
16.859371874374876,1
22.64252850570114,1
21.228245649129825,1
24.546909381876375,1
29.3498699739948,1
28.24364872974595,1
17.125425085017003,1
19.25385077015403,1
13.70874174834967,1
18.399679935987198,1
8.429685937187438,1
5.6431286257251445,1
50.158031606321266,1
39.431886377275454,1
9.325865173034607,1
42.03640728145629,1
23.048609721944388,1
21.984396879375875,1
29.6999399879976,1
23.440688137627525,1
11.216243248649729,1
47.175435087017405,1
17.755551110222044,1
27.319463892778554,1
23.81876375275055,1
28.705741148229645,1
19.533906781356272,1
36.50530106021204,1
10.782156431286257,1
22.824564912982595,1
29.867973594718944,1
6.861372274454891,1
29.125825165033007,1
18.97379475895179,1
46.02720544108821,1
30.0500100020004,1
14.520904180836167,1
30.232046409281857,1
31.1002200440088,1
21.494298859771956,1
39.78195639127826,1
19.673934786957393,1
30.078015603120623,1
37.317463492698536,1
34.8249649929986,1
13.23264652930586,1
23.25865173034607,1
30.89017803560712,1
26.157231446289256,1
25.163032606521302,1
19.911982396479296,1
18.231646329265853,1
33.83076615323065,1
16.187237447489498,1
22.124424884976996,1
32.248449689937985,1
27.23544708941788,1
32.220444088817764,1
22.78255651130226,1
34.99299859971994,1
12.952590518103621,1
47.06341268253651,1
19.281856371274255,1
10.32006401280256,1
16.831366273254652,1
20.92018403680736,1
40.70614122824565,1
29.6999399879976,1
36.673334666933386,1
24.65893178635727,1
17.685537107421485,1
26.143228645729145,1
17.67153430686137,1
27.445489097819564,1
26.969393878775755,1
13.274654930986197,1
31.072214442888576,1
18.62372474494899,1
29.83996799359872,1
20.976195239047808,1
15.039007801560311,1
17.069413882776555,1
21.648329665933186,1
23.524704940988197,1
14.506901380276055,1
17.769553910782157,1
37.163432686537305,1
48.46369273854771,1
33.144628925785156,1
36.645329065813165,1
26.60532106421284,1
25.373074614922984,1
44.66893378675735,1
33.73274654930986,1
46.153230646129224,1
7.813562712542509,1
34.11082216443288,1
18.07761552310462,1
27.69753950790158,1
30.512102420484094,1
27.23544708941788,1
24.29485897179436,1
24.51890378075615,1
23.566713342668532,1
27.08141628325665,1
16.11722344468894,1
15.039007801560311,1
37.42948589717943,1
25.69513902780556,1
14.632926585317064,1
23.832766553310663,1
25.093018603720743,1
31.43628725745149,1
18.889777955591118,1
41.22424484896979,1
21.788357671534307,1
42.9745949189838,1
16.74734946989398,1
27.851570314062812,1
28.229645929185835,1
20.43008601720344,1
27.067413482696537,1
39.31986397279456,1
26.549309861972393,1
43.32466493298659,1
36.365273054610924,1
16.74734946989398,1
13.820764152830566,1
29.111822364472893,1
11.930386077215443,1
25.9751950390078,1
33.3126625325065,1
23.090618123624726,1
27.97759551910382,1
29.671934386877375,1
32.94858971794359,1
36.61732346469294,1
14.324864972994598,1
34.08281656331266,1
31.072214442888576,1
14.660932186437288,1
33.074614922984594,1
18.931786357271452,1
23.454690938187635,1
29.671934386877375,1
38.423684736947386,1
46.46129225845169,1
17.25145029005801,1
27.669533906781357,1
21.5503100620124,1
37.58351670334067,1
25.989197839567915,1
28.81776355271054,1
28.59371874374875,1
30.19003800760152,1
25.40108021604321,1
34.06881376275255,1
13.218643728745748,1
26.563312662532507,1
12.336467293458691,1
38.95579115823165,1
33.228645729145825,1
15.921184236847369,1
15.319063812762552,1
24.72894578915783,1
44.92098419683936,1
19.95399079815963,1
22.34846969393879,1
14.086817363472694,1
34.8249649929986,1
25.55511102220444,1
33.508701740348066,1
32.27645529105821,1
20.108021604320864,1
11.216243248649729,1
16.28525705141028,1
11.510302060412082,1
25.849169833966794,1
23.32866573314663,1
20.584116823364674,1
28.24364872974595,1
25.625125025005,1
31.744348869773955,1
16.859371874374876,1
25.709141828365674,1
26.99739947989598,1
28.59371874374875,1
30.722144428885777,1
36.71534306861372,1
37.30346069213843,1
16.94338867773555,1
25.54110822164433,1
37.79355871174235,1
22.97859571914383,1
22.44648929785957,1
17.125425085017003,1
9.871974394878976,1
44.864972994598915,1
22.02640528105621,1
25.68113622724545,1
33.18663732746549,1
25.471094218843767,1
20.668133626725343,1
18.49769953990798,1
30.61012202440488,1
24.72894578915783,1
30.80616123224645,1
27.949589917983594,1
29.64392878575715,1
47.945589117823566,1
20.86417283456691,1
17.783556711342268,1
17.545509101820365,1
14.366873374674935,1
24.112822564512904,1
17.895579115823164,1
25.947189437887577,1
6.917383476695339,1
21.564312862572514,1
28.66373274654931,1
22.544508901780354,1
22.3624724944989,1
27.879575915183036,1
30.4000800160032,1
6.623324664932986,1
12.12642528505701,1
20.584116823364674,1
19.295859171834365,1
27.47349469893979,1
20.122024404880975,1
27.92158431686337,1
8.023604720944189,1
13.358671734346869,1
31.506301260252048,1
29.629925985197037,1
18.14762952590518,1
25.14902980596119,1
35.76315263052611,1
18.34366873374675,1
17.629525905181037,1
29.16783356671334,1
37.59751950390078,1
25.989197839567915,1
18.97379475895179,1
10.838167633526705,1
33.73274654930986,1
31.506301260252048,1
32.094418883776754,1
7.155431086217243,1
20.248049609921985,1
25.54110822164433,1
24.140828165633128,1
32.82256451290258,1
38.70374074814963,1
45.85917183436687,1
26.38127625525105,1
32.54250850170034,1
30.33006601320264,1
27.795559111822364,1
20.76615323064613,1
17.09741948389678,1
35.693138627725546,1
30.512102420484094,1
10.768153630726145,1
19.085817163432687,1
27.585517103420685,1
52.39847969593919,1
26.157231446289256,1
18.385677135427084,1
34.124824964992996,1
28.145629125825163,1
20.486097219443888,1
46.41928385677135,1
20.22004400880176,1
38.17163432686537,1
36.08521704340868,1
31.1002200440088,1
45.817163432686534,1
26.087217443488697,1
34.152830566113224,1
30.76415283056611,1
33.55071014202841,1
34.670934186837364,1
29.097819563912783,1
13.246649329865972,1
20.668133626725343,1
12.252450490098019,1
26.073214642928583,1
26.563312662532507,1
41.644328865773154,1
37.989597919583915,1
14.478895779155831,1
25.373074614922984,1
15.823164632926584,1
18.959791958391676,1
23.734746949389876,1
14.702940588117624,1
24.91098219643929,1
10.74014802960592,1
7.505501100220044,1
25.947189437887577,1
35.49709941988397,1
22.964592918583715,1
21.578315663132624,1
22.124424884976996,1
31.59031806361272,1
25.191038207641526,1
24.966993398679737,1
24.280856171234245,1
25.667133426685336,1
22.894578915783157,1
23.25865173034607,1
12.630526105221044,1
17.475495099019803,1
30.918183636727345,1
21.69033806761352,1
17.57351470294059,1
34.60092018403681,1
27.76755351070214,1
7.281456291258252,1
19.701940388077617,1
22.390478095619123,1
35.105021004200836,1
18.903780756151228,1
19.51990398079616,1
21.578315663132624,1
12.238447689537907,1
14.05881176235247,1
15.053010602120423,1
18.707741548309663,1
36.60332066413282,1
18.091618323664733,1
29.22384476895379,1
20.332066413282657,1
17.993598719743947,1
19.701940388077617,1
19.085817163432687,1
43.310662132426486,1
20.892178435687136,1
44.7249449889978,1
29.181836367273455,1
11.790358071614323,1
30.526105221044208,1
12.308461692338467,1
16.915383076615324,1
24.770954190838168,1
17.85357071414283,1
15.963192638527705,1
10.964192838567714,1
37.961592318463694,1
16.803360672134428,1
23.566713342668532,1
18.931786357271452,1
28.10362072414483,1
38.12962592518504,1
27.515503100620123,1
12.420484096819363,1
31.128225645129024,1
21.144228845769153,1
35.287057411482294,1
20.332066413282657,1
22.054410882176434,1
40.88817763552711,1
28.32766553310662,1
16.495299059811963,1
23.46869373874775,1
56.36127225445089,1
32.93458691738348,1
12.896579315863173,1
11.020204040808162,1
28.621724344868973,1
26.017203440688135,1
11.650330066013202,1
28.32766553310662,1
24.938987797559513,1
22.180436087217444,1
30.442088417683536,1
20.528105621124226,1
32.094418883776754,1
34.614922984596916,1
19.995999199839968,1
23.244648929785956,1
21.494298859771956,1
29.461892378475696,1
33.634726945389076,1
23.104620924184836,1
14.40888177635527,1
30.862172434486897,1
36.28125625125025,1
41.14022804560912,1
28.39767953590718,1
25.905181036207242,1
30.428085617123426,1
14.730946189237848,1
40.02000400080016,1
28.5377075415083,1
23.90278055611122,1
18.21764352870574,1
24.504900980196037,1
21.942388477695538,1
43.40868173634727,1
20.36007201440288,1
23.95879175835167,1
15.389077815563112,1
10.992198439687938,1
16.95739147829566,1
11.412282456491297,1
40.28605721144229,1
33.13062612522504,1
20.346069213842767,1
25.765153030606122,1
17.027405481096217,1
38.885777155431086,1
18.049609921984395,1
28.439687937587518,1
28.38367673534707,1
34.20884176835367,1
25.387077415483095,1
19.239847969593917,1
18.189637927585515,1
11.944388877775555,1
18.427685537107422,1
39.65593118623725,1
11.986397279455892,1
11.118223644728946,1
19.085817163432687,1
16.817363472694538,1
27.865573114622922,1
28.313662732546508,1
25.48509701940388,1
20.878175635127025,1
36.267253450690134,1
28.005601120224043,1
20.878175635127025,1
22.02640528105621,1
9.185837167433487,1
44.82296459291858,1
25.471094218843767,1
24.644928985797158,1
12.67253450690138,1
26.927385477095417,1
27.501500300060012,1
45.99919983996799,1
19.071814362872573,1
13.190638127625524,1
20.472094418883778,1
31.29625925185037,1
46.85337067413482,1
8.681736347269453,1
7.449489897979595,1
19.617923584716944,1
22.85257051410282,1
40.09001800360072,1
12.378475695139027,1
26.913382676535306,1
14.394878975795159,1
28.705741148229645,1
10.264052810562113,1
36.19723944788958,1
40.27205441088218,1
12.616523304660932,1
24.630926185237048,1
24.630926185237048,1
18.105621124224843,1
32.31846369273855,1
26.80136027205441,1
26.213242648529704,1
21.73234646929386,1
27.75355071014203,1
18.525705141028205,1
21.81636327265453,1
22.390478095619123,1
12.476495299059811,1
47.049409881976395,1
21.634326865373072,1
15.851170234046808,1
19.26785357071414,1
27.067413482696537,1
35.203040608121626,1
6.735347069413883,1
16.103220644128825,1
16.46729345869174,1
18.315663132626526,1
20.066013202640526,1
28.10362072414483,1
28.355671134226846,1
52.244448889777956,1
20.62612522504501,1
37.317463492698536,1
28.285657131426284,1
23.95879175835167,1
46.69933986797359,1
20.794158831766353,1
37.17743548709742,1
17.643528705741147,1
21.928385677135427,1
5.993198639727946,1
28.901780356071214,1
46.279255851170234,1
12.084416883376676,1
25.625125025005,1
16.327265453090618,1
18.84776955391078,1
44.17883576715343,1
27.57151430286057,1
13.204640928185636,1
33.06061212242449,1
18.259651930386077,1
24.350870174034807,1
17.65753150630126,1
21.172234446889377,1
16.579315863172635,1
25.9751950390078,1
23.020604120824164,1
27.15143028605721,1
31.072214442888576,1
23.776755351070214,1
18.81976395279056,1
19.04380876175235,1
23.006601320264053,1
36.77135427085417,1
35.27305461092218,1
33.17263452690538,1
41.78435687137427,1
14.072814562912582,1
35.79115823164633,1
27.08141628325665,1
17.825565113022606,1
39.4878975795159,1
23.60872174434887,1
28.45369073814763,1
9.07381476295259,1
33.21464292858572,1
37.63952790558112,1
33.59271854370874,1
24.5749149829966,1
34.32086417283457,1
26.829365873174634,1
38.115623124624925,1
19.435887177435486,1
37.9755951190238,1
40.87417483496699,1
19.701940388077617,1
16.159231846369273,1
39.05381076215243,1
17.85357071414283,1
26.619323864772955,1
19.673934786957393,1
20.332066413282657,1
18.413682736547308,1
18.805761152230446,1
17.39147829565913,1
38.815763152630524,1
30.27405481096219,1
41.84036807361472,1
21.088217643528704,1
25.611122224444888,1
17.909581916383278,1
20.92018403680736,1
23.88877775555111,1
35.67913582716543,1
23.11862372474495,1
24.700940188037606,1
25.191038207641526,1
42.27445489097819,1
16.13122624524905,1
16.229245849169832,1
39.80996199239848,1
30.232046409281857,1
33.00460092018404,1
24.08481696339268,1
19.02980596119224,1
17.769553910782157,1
41.60232046409282,1
22.69853970794159,1
16.27125425085017,1
22.628525705141026,1
22.432486497299458,1
18.581716343268653,1
26.38127625525105,1
29.769953990798157,1
26.339267853570714,1
23.776755351070214,1
27.795559111822364,1
49.55591118223644,1
25.83516703340668,1
32.66853370674135,1
27.249449889977996,1
30.526105221044208,1
40.21604320864173,1
19.477895579115824,1
32.34646929385877,1
24.742948589717944,1
33.08861772354471,1
10.082016403280656,1
33.28465693138627,1
52.972594518903776,1
34.60092018403681,1
26.45129025805161,1
19.407881576315262,1
36.057211442288455,1
16.663332666533307,1
22.83856771354271,1
26.717343468693738,1
22.7125425085017,1
29.055811162232445,1
14.926985397079415,1
37.42948589717943,1
22.558511702340468,1
28.005601120224043,1
18.707741548309663,1
52.538507701540304,1
23.230646129225846,1
28.11762352470494,1
32.30446089217843,1
24.882976595319064,1
30.064012802560512,1
11.832366473294659,1
25.653130626125225,1
56.291258251650326,1
40.09001800360072,1
18.861772354470894,1
2.590518103620724,1
10.880176035207041,1
44.164832966593316,1
14.030806161232245,1
37.653530706141225,1
20.878175635127025,1
26.59131826365273,1
18.651730346069215,1
37.66753350670134,1
20.584116823364674,1
32.654530906181236,1
15.23504700940188,1
28.145629125825163,1
17.965593118623723,1
21.24224844968994,1
27.165433086617323,1
14.436887377475495,1
22.334466893378675,1
33.7747549509902,1
18.133626725345067,1
10.278055611122225,1
20.122024404880975,1
10.18003600720144,1
41.000200040008004,1
15.319063812762552,1
21.438287657531507,1
15.30506101220244,1
24.560912182436486,1
27.09541908381676,1
19.057811562312462,1
19.88397679535907,1
19.25385077015403,1
8.051610322064413,1
30.862172434486897,1
11.090218043608722,1
13.288657731546309,1
29.909981996399278,1
30.13402680536107,1
18.259651930386077,1
46.16723344668934,1
24.322864572914582,1
28.67773554710942,1
13.414682936587317,1
23.650730146029204,1
39.66993398679736,1
24.882976595319064,1
30.750150030006,1
13.106621324264852,1
35.59511902380476,1
19.925985197039406,1
25.457091418283657,1
23.356671334266853,1
20.29005801160232,1
22.488497699539906,1
31.08621724344869,1
39.585917183436685,1
14.53490698139628,1
11.524304860972194,1
25.40108021604321,1
10.222044408881777,1
17.65753150630126,1
37.653530706141225,1
35.5251050210042,1
24.126825365073014,1
22.180436087217444,1
21.158231646329266,1
35.931186237247445,1
14.982996599319863,1
28.803760752150428,1
21.998399679935986,1
21.53630726145229,1
38.01760352070414,1
25.89117823564713,1
34.866973394678936,1
14.870974194838967,1
28.915783156631324,1
38.82976595319064,1
10.516103220644128,1
36.77135427085417,1
26.60532106421284,1
25.89117823564713,1
21.130226045209042,1
15.86517303460692,1
23.524704940988197,1
30.036007201440288,1
15.93518703740748,1
25.63912782556511,1
32.68253650730146,1
24.126825365073014,1
6.469293858771755,1
38.17163432686537,1
7.89757951590318,1
41.98039607921584,1
16.873374674934986,1
19.74394878975795,1
25.34506901380276,1
33.17263452690538,1
18.665733146629325,1
32.990598119623925,1
14.380876175235047,1
30.694138827765553,1
18.875775155031004,1
12.910582116423285,1
29.447889577915582,1
36.239247849569914,1
30.036007201440288,1
24.71494298859772,1
29.867973594718944,1
15.599119823964793,1
19.897979595919182,1
29.237847569513903,1
30.862172434486897,1
17.769553910782157,1
18.903780756151228,1
35.46909381876375,1
31.002200440088018,1
28.901780356071214,1
36.08521704340868,1
9.33986797359472,1
33.270654130826166,1
30.848169633926783,1
35.97319463892779,1
27.305461092218444,1
26.297259451890376,1
37.219443888777754,1
25.527105421084215,1
38.00360072014403,1
21.662332466493297,1
15.529105821164233,1
31.408281656331265,1
21.592318463692738,1
22.866573314662933,1
14.044808961792357,1
22.040408081616324,1
33.018603720744146,1
21.46629325865173,1
22.85257051410282,1
29.181836367273455,1
18.035607121424285,1
47.06341268253651,1
18.665733146629325,1
35.49709941988397,1
27.47349469893979,1
21.984396879375875,1
25.373074614922984,1
19.239847969593917,1
21.410282056411283,1
24.504900980196037,1
43.086617323464694,1
31.78635727145429,1
18.511702340468094,1
31.940388077615523,1
18.00760152030406,1
26.17123424684937,1
21.158231646329266,1
10.194038807761553,1
9.96999399879976,1
13.274654930986197,1
39.69793958791758,1
35.21704340868173,1
33.83076615323065,1
35.59511902380476,1
41.3502700540108,1
25.49909981996399,1
27.655531106221243,1
19.631926385277055,1
24.86897379475895,1
42.17643528705741,1
19.897979595919182,1
21.38227645529106,1
20.388077615523105,1
24.86897379475895,1
30.442088417683536,1
20.402080416083216,1
25.05101020204041,1
39.011802360472096,1
31.408281656331265,1
24.938987797559513,1
16.327265453090618,1
28.411682336467294,1
30.078015603120623,1
40.74814962992598,1
41.21024204840968,1
26.619323864772955,1
14.016803360672133,1
20.164032806561313,1
35.18903780756151,1
28.11762352470494,1
7.197439487897579,1
21.5503100620124,1
36.645329065813165,1
10.334066813362671,1
6.9453890778155625,1
45.971194238847765,1
19.771954390878175,1
27.389477895579116,1
29.867973594718944,1
25.163032606521302,1
17.839567913582716,1
20.458091618323664,1
28.761752350470093,1
30.498099619923984,1
19.421884376875376,1
27.57151430286057,1
20.262052410482095,1
16.677335467093418,1
13.98879775955191,1
16.48129625925185,1
23.48269653930786,1
50.76015203040608,1
30.064012802560512,1
22.0124024804961,1
31.044208841768352,1
12.994598919783957,1
11.748349669933987,1
52.74854970994199,1
25.48509701940388,1
37.91958391678335,1
30.89017803560712,1
21.11622324464893,1
24.112822564512904,1
34.712942588517706,1
34.41888377675535,1
12.910582116423285,1
21.438287657531507,1
27.501500300060012,1
28.467693538707742,1
11.762352470494099,1
17.307461492298458,1
29.78395679135827,1
23.916783356671335,1
22.7125425085017,1
10.544108821764352,1
37.33146629325865,1
19.617923584716944,1
30.092018403680736,1
22.85257051410282,1
27.109421884376875,1
31.4502900580116,1
35.819163832766556,1
15.823164632926584,1
37.625525105021005,1
20.206041208241647,1
9.07381476295259,1
12.868573714742949,1
34.16683336667333,1
7.281456291258252,1
28.649729945989197,1
50.732146429285855,1
43.604720944188834,1
24.560912182436486,1
27.991598319663932,1
10.86617323464693,1
28.957791558311662,1
37.07941588317664,1
22.082416483296658,1
31.954390878175634,1
25.387077415483095,1
42.8625725145029,1
28.159631926385277,1
41.42028405681136,1
41.518303660732144,1
27.585517103420685,1
35.903180636127225,1
7.3374674934987,1
19.015803160632125,1
20.304060812162433,1
33.62072414482896,1
35.357071414282856,1
33.8867773554711,1
41.336267253450686,1
32.62652530506101,1
28.52370474094819,1
29.041808361672334,1
33.38267653530706,1
17.363472694538906,1
29.97999599919984,1
14.89897979595919,1
23.706741348269652,1
25.723144628925784,1
34.768953790758154,1
18.55371074214843,1
40.79015803160632,1
31.464292858571714,1
36.47729545909182,1
29.377875575115024,1
43.086617323464694,1
24.000800160032007,1
23.566713342668532,1
18.67973594718944,1
23.174634926985398,1
20.248049609921985,1
30.372074414882977,1
15.109021804360871,1
48.281656331266255,1
17.881576315263054,1
35.66513302660532,1
27.991598319663932,1
46.251250250050006,1
29.85397079415883,1
41.770354070814165,1
31.184236847369473,1
19.701940388077617,1
26.94138827765553,1
27.249449889977996,1
19.64592918583717,1
22.236447289457892,1
18.875775155031004,1
14.618923784756952,1
18.14762952590518,1
25.261052210442088,1
30.33006601320264,1
21.368273654730945,1
33.25665133026605,1
30.582116423284656,1
13.98879775955191,1
28.271654330866173,1
26.885377075415082,1
27.27745549109822,1
34.41888377675535,1
20.13602720544109,1
34.432886577315465,1
19.491898379675934,1
26.409281856371273,1
32.38847769553911,1
21.522304460892176,1
25.55511102220444,1
14.968993798759751,1
27.165433086617323,1
27.739547909581916,1
31.968393678735747,1
36.93938787757551,1
8.751750350070013,1
30.526105221044208,1
32.38847769553911,1
36.309261852370476,1
33.942788557711545,1
39.05381076215243,1
34.22284456891378,1
28.425685137027404,1
23.034606921384277,1
36.25325065013003,1
42.4004800960192,1
22.418483696739347,1
33.8867773554711,1
35.58111622324465,1
20.052010402080416,1
17.769553910782157,1
20.878175635127025,1
21.522304460892176,1
14.324864972994598,1
12.350470094018803,1
26.38127625525105,1
24.826965393078616,1
31.520304060812162,1
37.14942988597719,1
37.51350270054011,1
20.27605521104221,1
41.72834566913382,1
33.508701740348066,1
34.250850170034006,1
24.65893178635727,1
35.6371274254851,1
17.363472694538906,1
19.95399079815963,1
12.294458891778355,1
21.858371674334865,1
15.739147829565912,1
16.593318663732745,1
26.297259451890376,1
30.008001600320064,1
16.677335467093418,1
25.443088617723543,1
25.807161432286456,1
33.67673534706941,1
40.31406281256251,1
26.255251050210042,1
37.373474694938984,1
32.33246649329866,1
36.799359871974396,1
17.615523104620923,1
17.461492298459692,1
24.86897379475895,1
34.40488097619524,1
20.948189637927584,1
13.316663332666533,1
22.15243048609722,1
39.62792558511702,1
20.402080416083216,1
27.08141628325665,1
28.24364872974595,1
33.98479695939188,1
33.844768953790755,1
28.5377075415083,1
29.36387277455491,1
21.508301660332066,1
27.333466693338668,1
31.324264852970593,1
50.53610722144429,1
27.55751150230046,1
22.418483696739347,1
18.875775155031004,1
20.962192438487698,1
26.199239847969594,1
11.622324464892978,1
31.016203240648128,1
27.879575915183036,1
13.820764152830566,1
26.885377075415082,1
27.599519903980795,1
27.179435887177434,1
20.76615323064613,1
24.504900980196037,1
34.796959391878374,1
14.282856571314262,1
22.908581716343267,1
15.781156231246248,1
15.291058211642328,1
22.29245849169834,1
17.293458691738348,1
16.663332666533307,1
41.434286857371475,1
15.417083416683337,1
23.48269653930786,1
36.029205841168235,1
40.39807961592318,1
11.70634126825365,1
19.715943188637727,1
23.356671334266853,1
23.846769353870773,1
45.7751550310062,1
28.929785957191438,1
17.125425085017003,1
33.816763352670534,1
9.647929585917183,1
31.08621724344869,1
30.45609121824365,1
12.714542908581716,1
19.729945989197837,1
10.894178835767153,1
14.380876175235047,1
20.052010402080416,1
16.509301860372073,1
21.5503100620124,1
9.955991198239648,1
10.46009201840368,1
16.775355071014204,1
20.038007601520302,1
11.104220844168834,1
22.950590118023605,1
33.70474094818964,1
23.538707741548308,1
16.971394278855772,1
24.65893178635727,1
34.97899579915983,1
18.427685537107422,1
21.620324064812962,1
13.820764152830566,1
18.329665933186636,1
14.492898579715943,1
30.708141628325663,1
36.61732346469294,1
37.40148029605921,1
34.950990198039605,1
30.092018403680736,1
31.29625925185037,1
24.840968193638727,1
18.119623924784957,1
41.462292458491696,1
12.588517703540708,1
12.420484096819363,1
36.61732346469294,1
46.72734546909382,1
16.28525705141028,1
19.25385077015403,1
19.12782556511302,1
25.457091418283657,1
19.141828365673135,1
38.913782756551306,1
43.94078815763152,1
33.83076615323065,1
28.621724344868973,1
20.066013202640526,1
34.152830566113224,1
33.91478295659132,1
30.862172434486897,1
20.36007201440288,1
18.525705141028205,1
8.919783956791358,1
21.144228845769153,1
36.44928985797159,1
32.97659531906381,1
15.543108621724345,1
21.354270854170835,1
20.486097219443888,1
25.63912782556511,1
10.18003600720144,1
37.07941588317664,1
35.0630126025205,1
23.32866573314663,1
13.680736147229446,1
34.06881376275255,1
45.663132626525304,1
20.71014202840568,1
31.464292858571714,1
36.71534306861372,1
41.644328865773154,1
18.875775155031004,1
40.482096419283856,1
24.58891778355671,1
12.294458891778355,1
37.19143828765753,1
34.460892178435685,1
23.18863772754551,1
30.12002400480096,1
35.24504900980196,1
23.18863772754551,1
26.50730146029206,1
11.77635527105421,1
32.038407681536306,1
35.203040608121626,1
24.71494298859772,1
36.365273054610924,1
35.98719743948789,1
34.50290058011602,1
47.31546309261852,1
37.26145229045809,1
36.09921984396879,1
39.47389477895579,1
37.12142428485697,1
33.270654130826166,1
15.403080616123225,1
28.649729945989197,1
18.84776955391078,1
25.9751950390078,1
28.1876375275055,1
22.64252850570114,1
9.731946389277855,1
29.16783356671334,1
29.16783356671334,1
24.938987797559513,1
39.69793958791758,1
10.39007801560312,1
28.971794358871772,1
18.259651930386077,1
30.31606321264253,1
30.204040808161633,1
32.08041608321664,1
21.088217643528704,1
17.44748949789958,1
24.322864572914582,1
44.38887777555511,1
28.94378875775155,1
34.39087817563512,1
40.95819163832766,1
14.590918183636727,1
18.00760152030406,1
22.0124024804961,1
31.57631526305261,1
16.789357871574314,1
23.594718943788756,1
12.210442088417683,1
31.534306861372272,1
30.064012802560512,1
47.693538707741546,1
38.115623124624925,1
36.74334866973395,1
24.126825365073014,1
34.054810962192434,1
23.216643328665732,1
21.074214842968594,1
19.995999199839968,1
18.9877975595119,1
24.770954190838168,1
27.22144428885777,1
20.76615323064613,1
23.650730146029204,1
35.83316663332666,1
25.54110822164433,1
45.59311862372474,1
33.270654130826166,1
34.69893978795759,1
34.8249649929986,1
14.996999399879975,1
11.062212442488498,1
22.264452890578116,1
34.11082216443288,1
17.81156231246249,1
21.5503100620124,1
29.755951190238047,1
37.82156431286257,1
42.03640728145629,1
25.83516703340668,1
36.645329065813165,1
33.78875775155031,1
30.988197639527904,1
17.72754550910182,1
18.945789157831566,1
20.444088817763554,1
16.831366273254652,1
46.279255851170234,1
14.912982596519303,1
31.562312462492496,1
22.15243048609722,1
22.558511702340468,1
28.089617923584715,1
42.48449689937988,1
27.823564712942588,1
22.50250050010002,1
15.669133826765353,1
34.866973394678936,1
37.59751950390078,1
38.8997799559912,1
10.642128425685137,1
29.78395679135827,1
13.624724944988998,1
15.655131026205241,1
26.689337867573514,1
14.212842568513702,1
36.42128425685137,1
38.64772954590918,1
27.319463892778554,1
20.64012802560512,1
14.590918183636727,1
31.268253650730145,1
7.589517903580716,1
30.078015603120623,1
35.86117223444689,1
27.23544708941788,1
31.534306861372272,1
17.783556711342268,1
16.817363472694538,1
40.46809361872374,1
35.0630126025205,1
24.9249849969994,1
41.19623924784957,1
25.989197839567915,1
34.9369873974795,1
16.635327065413083,1
15.64112822564513,1
24.490898179635927,1
19.365873174634928,1
38.18563712742549,1
27.039407881576313,1
11.42628525705141,1
31.422284456891376,1
40.608121624324866,1
33.8867773554711,1
11.958391678335667,1
14.716943388677736,1
31.828365673134627,1
32.038407681536306,1
29.92398479695939,1
33.49469893978796,1
46.223244648929786,1
18.567713542708542,1
19.351870374074814,1
20.57011402280456,1
23.94478895779156,1
30.94618923784757,1
23.020604120824164,1
18.30166033206641,1
9.507901580316062,1
11.314262852570513,1
22.278455691138227,1
22.082416483296658,1
22.684536907381474,1
18.273654730946188,1
23.090618123624726,1
7.729545909181836,1
39.12382476495299,1
20.41608321664333,1
19.26785357071414,1
16.929385877175434,1
35.847169433886776,1
18.2876575315063,1
25.583116623324663,1
24.616923384676934,1
25.48509701940388,1
22.558511702340468,1
9.171834366873375,1
20.86417283456691,1
11.174234846969394,1
29.195839167833565,1
16.677335467093418,1
15.893178635727145,1
45.8871774354871,1
18.48369673934787,1
33.17263452690538,1
21.144228845769153,1
20.248049609921985,1
16.775355071014204,1
41.392278455691134,1
27.09541908381676,1
21.592318463692738,1
26.59131826365273,1
33.83076615323065,1
36.827365473094616,1
31.058211642328466,1
12.434486897379475,1
17.601520304060813,1
12.910582116423285,1
20.836167233446687,1
8.821764352870574,1
17.57351470294059,1
12.154430886177234,1
25.54110822164433,1
30.862172434486897,1
27.78155631126225,1
20.41608321664333,1
27.47349469893979,1
28.481696339267852,1
44.626925385077016,1
15.515103020604121,1
9.311862372474495,1
24.462892578515703,1
18.441688337667532,1
40.27205441088218,1
19.673934786957393,1
16.27125425085017,1
52.14642928585717,1
10.32006401280256,1
36.15523104620924,1
18.30166033206641,1
16.4252850570114,1
13.764752950590118,1
11.118223644728946,1
14.212842568513702,1
16.11722344468894,1
37.653530706141225,1
40.59411882376475,1
27.809561912382474,1
22.880576115223043,1
19.099819963992797,1
31.618323664732944,1
17.559511902380475,1
23.538707741548308,1
31.492298459691938,1
32.402480496099216,1
15.515103020604121,1
34.712942588517706,1
21.144228845769153,1
14.310862172434486,1
31.688337667533506,1
26.94138827765553,1
8.387677535507102,1
43.17063412682536,1
43.99679935987197,1
31.016203240648128,1
14.33886777355471,1
25.135027005401078,1
20.29005801160232,1
23.636727345469094,1
11.552310462092418,1
21.312262452490497,1
17.335467093418682,1
20.23404680936187,1
26.297259451890376,1
21.83036607321464,1
7.4914982996599315,1
7.785557111422285,1
51.194238847769554,1
16.27125425085017,1
25.765153030606122,1
21.900380076015203,1
30.442088417683536,1
32.584516903380674,1
20.262052410482095,1
42.55451090218043,1
25.135027005401078,1
11.412282456491297,1
21.662332466493297,1
28.999799959991996,1
14.170834166833366,1
36.393278655731145,1
26.857371474294858,1
12.826565313062613,1
24.336867373474693,1
21.942388477695538,1
20.500100020004002,1
27.319463892778554,1
30.036007201440288,1
39.05381076215243,1
40.38407681536307,1
26.7873574714943,1
16.90138027605521,1
24.742948589717944,1
30.96019203840768,1
23.32866573314663,1
22.3624724944989,1
31.408281656331265,1
39.62792558511702,1
32.64052810562112,1
22.46049209841968,1
27.263452690538106,1
23.286657331466294,1
8.499699939987998,1
34.16683336667333,1
41.68633726745349,1
35.203040608121626,1
23.790758151630325,1
25.905181036207242,1
7.645529105821164,1
44.626925385077016,1
15.431086217243449,1
11.524304860972194,1
27.22144428885777,1
33.00460092018404,1
17.19543908781756,1
26.815363072614524,1
34.796959391878374,1
22.85257051410282,1
17.825565113022606,1
17.461492298459692,1
22.600520104020802,1
20.514102820564112,1
34.96499299859972,1
19.967993598719744,1
23.496699339867973,1
34.768953790758154,1
31.058211642328466,1
20.8501700340068,1
20.09401880376075,1
22.670534106821364,1
40.7621524304861,1
36.827365473094616,1
29.83996799359872,1
14.282856571314262,1
35.539107821564315,1
36.00120024004801,1
22.51650330066013,1
19.547909581916382,1
9.017803560712142,1
18.6377275455091,1
34.22284456891378,1
21.48029605921184,1
30.54010802160432,1
23.006601320264053,1
24.43488697739548,1
27.949589917983594,1
19.547909581916382,1
49.02380476095219,1
27.445489097819564,1
19.155831166233245,1
39.82396479295859,1
11.846369273854771,1
38.74574914982996,1
17.153430686137227,1
19.855971194238847,1
44.48689737947589,1
17.895579115823164,1
16.355271054210842,1
32.54250850170034,1
14.730946189237848,1
25.20504100820164,1
14.212842568513702,1
20.976195239047808,1
18.83376675335067,1
23.076615323064612,1
23.734746949389876,1
32.66853370674135,1
38.07361472294459,1
24.53290658131626,1
35.38507701540308,1
23.18863772754551,1
17.86757351470294,1
41.25225045009002,1
27.375475095019002,1
31.660332066413282,1
23.174634926985398,1
12.252450490098019,1
35.38507701540308,1
29.99399879975995,1
12.658531706341268,1
25.023004600920185,1
24.014802960592117,1
18.441688337667532,1
38.0876175235047,1
21.144228845769153,1
24.840968193638727,1
27.207441488297658,1
41.61632326465293,1
40.076015203040605,1
25.135027005401078,1
50.116023204640925,1
37.961592318463694,1
41.098219643928786,1
30.12002400480096,1
27.333466693338668,1
45.7751550310062,1
9.297859571914383,1
24.08481696339268,1
21.368273654730945,1
22.44648929785957,1
23.048609721944388,1
19.02980596119224,1
12.8125625125025,1
16.453290658131625,1
39.711942388477695,1
42.06441288257651,1
16.313262652530504,1
44.290858171634326,1
19.39387877575515,1
41.04220844168834,1
16.0752150430086,1
21.74634926985397,1
36.211242248449686,1
20.78015603120624,1
19.281856371274255,1
21.424284856971394,1
18.07761552310462,1
28.73374674934987,1
43.240648129625924,1
18.105621124224843,1
29.811962392478495,1
23.314662932586515,1
23.860772154430887,1
24.23884776955391,1
31.044208841768352,1
36.32326465293058,1
29.741948389677933,1
16.27125425085017,1
21.172234446889377,1
16.299259851970394,1
28.033606721344267,1
14.072814562912582,1
24.672934586917382,1
18.903780756151228,1
46.60132026405281,1
34.60092018403681,1
6.6933386677335465,1
18.83376675335067,1
16.985397079415883,1
16.019203840768153,1
23.356671334266853,1
13.624724944988998,1
25.68113622724545,1
9.591918383676735,1
52.46849369873975,1
36.057211442288455,1
14.044808961792357,1
14.702940588117624,1
30.582116423284656,1
45.3130626125225,1
18.945789157831566,1
29.335867173434686,1
29.3498699739948,1
9.283856771354271,1
18.875775155031004,1
18.53970794158832,1
19.099819963992797,1
7.281456291258252,1
23.94478895779156,1
38.633726745349065,1
13.23264652930586,1
32.62652530506101,1
25.079015803160633,1
23.25865173034607,1
18.595719143828767,1
34.32086417283457,1
17.741548309661933,1
30.288057611522305,1
22.572514502900578,1
18.329665933186636,1
28.509701940388076,1
20.108021604320864,1
23.34266853370674,1
22.46049209841968,1
23.104620924184836,1
11.160232046409282,1
29.447889577915582,1
14.12882576515303,1
18.245649129825964,1
33.59271854370874,1
16.28525705141028,1
23.62272454490898,1
34.65693138627726,1
46.29325865173035,1
22.97859571914383,1
47.945589117823566,1
21.634326865373072,1
23.216643328665732,1
39.711942388477695,1
10.04000800160032,1
23.034606921384277,1
22.040408081616324,1
36.5753150630126,1
19.729945989197837,1
14.436887377475495,1
18.67973594718944,1
13.204640928185636,1
31.422284456891376,1
35.67913582716543,1
24.51890378075615,1
42.288457691538305,1
24.9249849969994,1
25.54110822164433,1
13.470694138827765,1
13.484696939387877,1
18.889777955591118,1
33.074614922984594,1
21.494298859771956,1
28.20164032806561,1
36.5753150630126,1
24.644928985797158,1
35.27305461092218,1
36.19723944788958,1
27.991598319663932,1
17.783556711342268,1
38.70374074814963,1
10.964192838567714,1
48.04360872174435,1
31.310262052410483,1
16.187237447489498,1
27.375475095019002,1
30.61012202440488,1
26.703340668133627,1
51.502300460092016,1
16.4252850570114,1
22.740548109621923,1
37.42948589717943,1
42.68053610722144,1
23.930786157231445,1
20.09401880376075,1
12.04240848169634,1
13.792758551710342,1
42.91858371674335,1
23.734746949389876,1
47.97359471894379,1
47.31546309261852,1
22.110422084416882,1
38.241648329665935,1
12.420484096819363,1
35.105021004200836,1
23.356671334266853,1
12.952590518103621,1
25.40108021604321,1
16.383276655331066,1
17.53150630126025,1
17.72754550910182,1
30.232046409281857,1
24.938987797559513,1
34.26485297059412,1
18.903780756151228,1
14.562912582516503,1
36.86937387477495,1
38.17163432686537,1
17.86757351470294,1
34.768953790758154,1
40.95819163832766,1
28.299659931986398,1
21.578315663132624,1
41.672334466893375,1
29.741948389677933,1
21.144228845769153,1
32.836567313462695,1
14.74494898979796,1
38.50770154030806,1
35.693138627725546,1
15.949189837967593,1
29.601920384076813,1
14.12882576515303,1
30.568113622724542,1
37.66753350670134,1
12.896579315863173,1
40.25805161032206,1
24.364872974594917,1
34.3628725745149,1
17.461492298459692,1
30.76415283056611,1
26.18523704740948,1
26.927385477095417,1
23.538707741548308,1
38.59171834366873,1
17.18143628725745,1
23.13262652530506,1
22.068413682736548,1
9.717943588717743,1
13.428685737147429,1
44.05281056211242,1
17.9375875175035,1
29.06981396279256,1
28.957791558311662,1
22.670534106821364,1
19.88397679535907,1
31.002200440088018,1
29.20984196839368,1
24.812962592518502,1
38.59171834366873,1
23.11862372474495,1
40.02000400080016,1
23.874774954990997,1
40.048009601920384,1
38.29765953190638,1
13.414682936587317,1
43.114622924584914,1
26.66133226645329,1
26.899379875975193,1
22.096419283856772,1
30.19003800760152,1
11.790358071614323,1
16.817363472694538,1
29.321864372874575,1
21.410282056411283,1
33.28465693138627,1
21.130226045209042,1
20.8501700340068,1
28.761752350470093,1
17.349469893978796,1
20.122024404880975,1
12.700540108021604,1
28.87377475495099,1
49.51390278055611,1
34.08281656331266,1
23.006601320264053,1
35.79115823164633,1
23.42668533706741,1
35.98719743948789,1
35.287057411482294,1
30.498099619923984,1
27.739547909581916,1
14.60492098419684,1
37.807561512302456,1
31.660332066413282,1
28.495699139827966,1
31.39427885577115,1
33.228645729145825,1
40.31406281256251,1
25.737147429485898,1
26.003200640128025,1
29.727945589117823,1
21.95639127825565,1
22.51650330066013,1
10.516103220644128,1
47.70754150830166,1
19.827965593118623,1
14.996999399879975,1
8.961792358471694,1
41.99439887977596,1
37.2754550910182,1
36.15523104620924,1
35.76315263052611,1
24.78495699139828,1
28.215643128625725,1
48.799759951990396,1
47.67953590718143,1
12.60252050410082,1
26.969393878775755,1
22.138427685537106,1
8.289657931586317,1
20.76615323064613,1
28.635727145429087,1
16.243248649729946,1
16.915383076615324,1
35.02100420084017,1
18.49769953990798,1
54.44288857771554,1
29.461892378475696,1
42.14842968593719,1
28.845769153830766,1
21.074214842968594,1
11.07621524304861,1
14.562912582516503,1
22.250450090018003,1
47.357471494298856,1
18.931786357271452,1
20.164032806561313,1
40.86017203440688,1
37.68153630726145,1
21.284256851370273,1
25.163032606521302,1
29.741948389677933,1
17.769553910782157,1
35.46909381876375,1
4.452890578115623,1
31.478295659131824,1
32.02440488097619,1
24.336867373474693,1
16.775355071014204,1
25.261052210442088,1
17.475495099019803,1
30.582116423284656,1
32.68253650730146,1
35.83316663332666,1
8.779755951190237,1
25.69513902780556,1
25.569113822764553,1
24.25285057011402,1
16.635327065413083,1
20.934186837367474,1
17.5875175035007,1
27.879575915183036,1
13.386677335467093,1
25.471094218843767,1
9.983996799359872,1
13.932786557311461,1
5.979195839167834,1
27.501500300060012,1
21.648329665933186,1
23.174634926985398,1
19.141828365673135,1
33.21464292858572,1
10.908181636327265,1
42.02240448089618,1
36.547309461892375,1
21.620324064812962,1
21.04620924184837,1
14.940988197639527,1
31.674334866973393,1
16.55131026205241,1
37.55551110222044,1
49.051810362072416,1
27.193438687737547,1
17.419483896779354,1
26.66133226645329,1
51.08221644328866,1
29.83996799359872,1
27.1374274854971,1
10.124024804960992,1
8.653730746149229,1
32.94858971794359,1
35.1750350070014,1
16.719343868773755,1
28.20164032806561,1
31.492298459691938,1
23.580716143228646,1
25.387077415483095,1
26.17123424684937,1
21.228245649129825,1
18.105621124224843,1
20.41608321664333,1
21.788357671534307,1
6.917383476695339,1
8.457691538307662,1
12.868573714742949,1
13.540708141628325,1
11.77635527105421,1
21.592318463692738,1
18.441688337667532,1
14.380876175235047,1
32.87857571514303,1
25.667133426685336,1
10.6001200240048,1
18.21764352870574,1
12.028405681136228,1
21.97039407881576,1
22.320464092818565,1
15.64112822564513,1
19.39387877575515,1
48.645729145829165,1
23.74874974994999,1
27.879575915183036,1
24.16883376675335,1
18.791758351670335,1
19.58991798359672,1
36.98139627925585,1
16.649329865973193,1
34.69893978795759,1
15.347069413882776,1
24.602920584116823,1
20.01000200040008,1
22.614522904580916,1
10.992198439687938,1
48.001600320064014,1
25.863172634526904,1
26.31126225245049,1
25.87717543508702,1
35.6371274254851,1
24.126825365073014,1
40.02000400080016,1
19.085817163432687,1
29.671934386877375,1
23.916783356671335,1
20.206041208241647,1
57.27145429085817,1
17.19543908781756,1
23.314662932586515,1
18.749749949989997,1
40.63612722544509,1
27.543508701740347,1
38.31166233246649,1
36.16923384676935,1
43.268653730746145,1
8.849769953990798,1
30.848169633926783,1
24.938987797559513,1
12.238447689537907,1
23.174634926985398,1
40.91618323664733,1
39.69793958791758,1
21.48029605921184,1
10.922184436887378,1
17.72754550910182,1
26.213242648529704,1
22.404480896179237,1
18.455691138227646,1
30.736147229445887,1
26.18523704740948,1
13.344668933786757,1
21.298259651930387,1
34.11082216443288,1
23.538707741548308,1
32.6125225045009,1
17.39147829565913,1
17.923584716943388,1
24.490898179635927,1
34.83896779355871,1
39.23584716943389,1
16.69133826765353,1
32.458491698339664,1
31.184236847369473,1
48.925785157031406,1
47.16143228645729,1
28.971794358871772,1
32.27645529105821,1
27.61352270454091,1
19.379875975195038,1
27.1374274854971,1
22.278455691138227,1
28.649729945989197,1
25.653130626125225,1
9.773954790958191,1
16.579315863172635,1
28.67773554710942,1
27.389477895579116,1
28.901780356071214,1
29.517903580716144,1
7.407481496299259,1
20.29005801160232,1
27.92158431686337,1
39.54390878175635,1
27.459491898379675,1
17.321464292858572,1
16.019203840768153,1
14.05881176235247,1
20.836167233446687,1
16.803360672134428,1
25.597119423884777,1
19.39387877575515,1
33.144628925785156,1
26.815363072614524,1
9.675935187037407,1
17.67153430686137,1
34.04080816163233,1
11.132226445289058,1
19.81396279255851,1
28.8877775555111,1
31.57631526305261,1
24.140828165633128,1
20.696139227845567,1
31.940388077615523,1
28.495699139827966,1
36.00120024004801,1
25.947189437887577,1
26.73134626925385,1
15.79515903180636,1
29.125825165033007,1
14.968993798759751,1
31.310262052410483,1
11.188237647529506,1
15.823164632926584,1
32.20644128825765,1
24.840968193638727,1
13.008601720344068,1
20.27605521104221,1
13.680736147229446,1
25.9751950390078,1
43.04460892178435,1
26.80136027205441,1
37.40148029605921,1
21.900380076015203,1
24.420884176835365,1
35.73514702940588,1
15.57111422284457,1
31.24024804960992,1
39.82396479295859,1
27.109421884376875,1
19.81396279255851,1
36.96739347869574,1
13.890778155631125,1
33.98479695939188,1
53.49069813962792,1
24.882976595319064,1
10.950190038007602,1
17.475495099019803,1
32.1504300860172,1
24.952990598119623,1
34.69893978795759,1
33.942788557711545,1
24.364872974594917,1
16.831366273254652,1
33.64872974594919,1
35.95919183836767,1
36.337267453490696,1
15.907181436287257,1
36.86937387477495,1
24.770954190838168,1
31.800360072014403,1
37.19143828765753,1
17.769553910782157,1
45.41108221644329,1
32.29045809161832,1
24.280856171234245,1
30.218043608721743,1
13.036607321464292,1
16.62132426485297,1
22.754550910182036,1
30.750150030006,1
36.74334866973395,1
41.588317663532706,1
27.249449889977996,1
19.4498899779956,1
26.45129025805161,1
22.22244448889778,1
21.802360472094417,1
21.858371674334865,1
21.312262452490497,1
15.249049809961992,1
17.769553910782157,1
21.88637727545509,1
18.69373874774955,1
37.79355871174235,1
13.77875575115023,1
34.8249649929986,1
25.49909981996399,1
33.67673534706941,1
22.16643328665733,1
40.39807961592318,1
25.905181036207242,1
22.530506101220244,1
24.154830966193238,1
12.560512102420484,1
23.25865173034607,1
29.951990398079616,1
42.61052210442088,1
27.501500300060012,1
14.576915383076615,1
21.5503100620124,1
34.26485297059412,1
28.145629125825163,1
27.683536707341467,1
14.53490698139628,1
25.54110822164433,1
41.336267253450686,1
11.258251650330065,1
23.104620924184836,1
25.905181036207242,1
21.522304460892176,1
35.34306861372274,1
20.514102820564112,1
16.439287857571514,1
21.844368873774755,1
49.42988597719544,1
13.582716543308662,1
21.284256851370273,1
7.211442288457691,1
26.74534906981396,1
31.842368473694737,1
24.78495699139828,1
24.406881376275255,1
38.18563712742549,1
37.26145229045809,1
17.601520304060813,1
35.00700140028005,1
21.704340868173635,1
18.315663132626526,1
30.302060412082415,1
32.654530906181236,1
35.32906581316263,1
7.197439487897579,1
24.966993398679737,1
19.687937587517503,1
25.121024204840968,1
29.601920384076813,1
28.649729945989197,1
25.48509701940388,1
46.3632726545309,1
19.25385077015403,1
14.954990998199639,1
24.826965393078616,1
29.391878375675134,1
25.55511102220444,1
14.82896579315863,1
20.23404680936187,1
25.751150230046008,1
37.24744948989798,1
15.93518703740748,1
35.31506301260252,1
18.02160432086417,1
9.185837167433487,1
17.25145029005801,1
42.050410082016406,1
15.179035807161432,1
49.905981196239246,1
36.827365473094616,1
23.95879175835167,1
15.207041408281656,1
8.121624324864973,1
41.32226445289058,1
41.714342868573716,1
20.99019803960792,1
21.69033806761352,1
16.593318663732745,1
32.010402080416085,1
41.49029805961192,1
18.399679935987198,1
31.548309661932386,1
30.568113622724542,1
44.66893378675735,1
22.110422084416882,1
34.06881376275255,1
33.00460092018404,1
38.71774354870974,1
15.109021804360871,1
8.205641128225645,1
11.510302060412082,1
15.44508901780356,1
27.795559111822364,1
14.40888177635527,1
28.39767953590718,1
33.7747549509902,1
14.716943388677736,1
15.403080616123225,1
29.769953990798157,1
37.317463492698536,1
20.486097219443888,1
23.496699339867973,1
30.386077215443088,1
42.9745949189838,1
32.66853370674135,1
29.83996799359872,1
14.380876175235047,1
32.82256451290258,1
15.879175835167032,1
18.371674334866974,1
16.831366273254652,1
33.9007801560312,1
18.16163232646529,1
40.87417483496699,1
30.62412482496499,1
13.428685737147429,1
12.770554110822165,1
13.680736147229446,1
34.99299859971994,1
31.968393678735747,1
27.599519903980795,1
34.78295659131826,1
20.90618123624725,1
38.423684736947386,1
41.308261652330465,1
28.1876375275055,1
29.48989797959592,1
29.951990398079616,1
9.325865173034607,1
31.77235447089418,1
38.00360072014403,1
29.405881176235248,1
25.21904380876175,1
38.199639927985594,1
17.37747549509902,1
34.57291458291658,1
19.16983396679336,1
38.633726745349065,1
26.493298659731945,1
17.601520304060813,1
4.270854170834166,1
26.689337867573514,1
29.461892378475696,1
16.005201040208043,1
40.846169233846766,1
9.437887577515502,1
26.619323864772955,1
38.95579115823165,1
9.577915583116622,1
20.682136427285457,1
12.182436487297458,1
18.20364072814563,1
4.690938187637528,1
36.309261852370476,1
16.005201040208043,1
18.245649129825964,1
19.057811562312462,1
37.33146629325865,1
25.457091418283657,1
46.3632726545309,1
35.161032206441284,1
9.059811962392478,1
28.901780356071214,1
41.000200040008004,1
15.837167433486696,1
19.197839567913583,1
18.175635127025405,1
32.500500100020005,1
11.790358071614323,1
29.601920384076813,1
11.608321664332866,1
36.29525905181036,1
27.361472294458892,1
21.81636327265453,1
38.969793958791755,1
16.159231846369273,1
21.032206441288256,1
27.725545109021805,1
19.631926385277055,1
20.892178435687136,1
17.951590318063612,1
18.945789157831566,1
14.33886777355471,1
23.650730146029204,1
26.535307061412283,1
29.02780556111222,1
31.016203240648128,1
22.096419283856772,1
34.642928585717144,1
42.45649129825965,1
16.985397079415883,1
10.194038807761553,1
36.86937387477495,1
26.409281856371273,1
13.652730546109222,1
35.11902380476095,1
12.658531706341268,1
27.29145829165833,1
50.270054010802156,1
18.49769953990798,1
13.106621324264852,1
6.063212642528505,1
31.814362872574513,1
27.97759551910382,1
28.859771954390876,1
14.82896579315863,1
30.512102420484094,1
16.005201040208043,1
15.473094618923785,1
43.01660332066413,1
24.196839367873572,1
22.34846969393879,1
24.112822564512904,1
40.6501300260052,1
42.03640728145629,1
33.3126625325065,1
22.29245849169834,1
21.928385677135427,1
35.777155431086214,1
33.59271854370874,1
11.77635527105421,1
27.08141628325665,1
36.98139627925585,1
23.846769353870773,1
23.230646129225846,1
14.380876175235047,1
20.164032806561313,1
38.80176035207041,1
30.54010802160432,1
13.834766953390679,1
34.20884176835367,1
19.11382276455291,1
30.736147229445887,1
22.964592918583715,1
27.71154230846169,1
26.759351870374076,1
36.337267453490696,1
17.769553910782157,1
23.776755351070214,1
29.965993198639726,1
43.43668733746749,1
31.14222844568914,1
20.57011402280456,1
29.629925985197037,1
18.889777955591118,1
40.39807961592318,1
34.02680536107221,1
33.78875775155031,1
20.948189637927584,1
38.143628725745145,1
18.469693938787756,1
36.883376675335064,1
12.854570914182837,1
21.494298859771956,1
34.39087817563512,1
37.779555911182236,1
42.27445489097819,1
22.194438887777554,1
32.584516903380674,1
20.08001600320064,1
15.221044208841768,1
9.703940788157631,1
18.091618323664733,1
33.15863172634527,1
34.3628725745149,1
35.875175035007,1
21.074214842968594,1
16.593318663732745,1
16.14522904580916,1
25.037007401480295,1
36.28125625125025,1
21.95639127825565,1
25.261052210442088,1
25.317063412682536,1
35.721144228845766,1
24.182836567313462,1
35.98719743948789,1
32.90658131626325,1
37.30346069213843,1
28.66373274654931,1
35.133026605321064,1
43.15663132626525,1
20.066013202640526,1
22.726545309061812,1
17.153430686137227,1
14.856971394278855,1
31.28225645129026,1
28.495699139827966,1
31.422284456891376,1
31.14222844568914,1
13.37267453490698,1
39.96399279855971,1
21.102220444088818,1
20.76615323064613,1
30.246049209841967,1
24.672934586917382,1
20.836167233446687,1
25.83516703340668,1
21.620324064812962,1
28.24364872974595,1
43.14262852570514,1
18.48369673934787,1
26.927385477095417,1
18.97379475895179,1
28.271654330866173,1
23.664732946589318,1
33.55071014202841,1
20.948189637927584,1
27.263452690538106,1
11.97239447889578,1
38.7877575515103,1
31.954390878175634,1
21.67633526705341,1
17.601520304060813,1
28.509701940388076,1
31.85637127425485,1
19.631926385277055,1
14.758951790358072,1
12.378475695139027,1
32.738547709541905,1
22.78255651130226,1
17.25145029005801,1
19.65993198639728,1
7.869573914782956,1
33.39667933586717,1
15.151030206041208,1
28.32766553310662,1
39.27785557111422,1
49.21984396879376,1
24.966993398679737,1
26.12922584516903,1
30.0500100020004,1
16.70534106821364,1
12.364472894578915,1
16.159231846369273,1
33.116623324664936,1
32.1504300860172,1
24.154830966193238,1
40.6501300260052,1
41.42028405681136,1
30.148029605921185,1
30.54010802160432,1
9.227845569113823,1
22.30646129225845,1
25.037007401480295,1
22.810562112422485,1
30.778155631126225,1
12.028405681136228,1
28.25765153030606,1
29.125825165033007,1
36.95339067813563,1
37.61152230446089,1
52.72054410882176,1
23.300660132026405,1
23.090618123624726,1
22.614522904580916,1
45.49509901980396,1
18.20364072814563,1
33.53670734146829,1
16.817363472694538,1
23.104620924184836,1
11.888377675535107,1
29.587917583516703,1
9.815963192638527,1
18.84776955391078,1
26.927385477095417,1
33.564712942588514,1
13.064612922584516,1
12.140428085617122,1
27.69753950790158,1
25.00900180036007,1
31.268253650730145,1
39.41788357671534,1
16.62132426485297,1
24.154830966193238,1
37.3874774954991,1
21.984396879375875,1
22.628525705141026,1
22.79655931186237,1
24.5749149829966,1
34.39087817563512,1
16.41128225645129,1
28.929785957191438,1
29.573914782956592,1
21.998399679935986,1
28.173634726945387,1
17.39147829565913,1
25.737147429485898,1
25.49909981996399,1
10.53010602120424,1
24.85497099419884,1
11.650330066013202,1
29.685937187437485,1
23.916783356671335,1
20.164032806561313,1
20.668133626725343,1
29.811962392478495,1
30.918183636727345,1
17.39147829565913,1
34.20884176835367,1
22.376475295059013,1
31.184236847369473,1
21.5503100620124,1
22.572514502900578,1
12.546509301860372,1
19.715943188637727,1
16.21524304860972,1
29.01380276055211,1
35.11902380476095,1
25.723144628925784,1
15.389077815563112,1
45.34106821364273,1
19.687937587517503,1
29.78395679135827,1
19.337867573514703,1
16.60732146429286,1
32.89257851570314,1
11.748349669933987,1
18.53970794158832,1
24.140828165633128,1
7.393478695739148,1
30.96019203840768,1
37.61152230446089,1
18.02160432086417,1
41.96639327865573,1
34.712942588517706,1
36.855371074214844,1
24.938987797559513,1
33.15863172634527,1
26.353270654130824,1
24.196839367873572,1
18.77775555111022,1
31.618323664732944,1
38.07361472294459,1
18.861772354470894,1
18.34366873374675,1
10.46009201840368,1
27.669533906781357,1
18.903780756151228,1
33.36867373474695,1
34.85297059411882,1
34.054810962192434,1
36.86937387477495,1
20.668133626725343,1
6.973394678935787,1
36.645329065813165,1
8.583716743348669,1
37.59751950390078,1
18.97379475895179,1
29.65793158631726,1
25.55511102220444,1
42.55451090218043,1
38.913782756551306,1
34.50290058011602,1
28.369673934786956,1
28.551710342068414,1
25.40108021604321,1
6.105221044208841,1
20.37407481496299,1
30.022004400880174,1
35.903180636127225,1
36.58931786357272,1
34.306861372274454,1
14.6749349869974,1
17.81156231246249,1
9.14382876575315,1
21.858371674334865,1
18.385677135427084,1
22.670534106821364,1
24.30886177235447,1
15.501100220044009,1
25.387077415483095,1
41.14022804560912,1
15.879175835167032,1
23.34266853370674,1
25.40108021604321,1
34.11082216443288,1
37.14942988597719,1
20.27605521104221,1
8.681736347269453,1
20.542108421684336,1
33.57871574314863,1
23.27265453090618,1
12.000400080016004,1
36.49129825965193,1
10.32006401280256,1
21.718343668733745,1
24.602920584116823,1
12.854570914182837,1
40.79015803160632,1
38.70374074814963,1
20.822164432886577,1
42.12042408481696,1
14.562912582516503,1
31.492298459691938,1
19.65993198639728,1
25.737147429485898,1
26.18523704740948,1
34.11082216443288,1
25.667133426685336,1
34.054810962192434,1
10.404080816163232,1
28.719743948789755,1
30.27405481096219,1
35.00700140028005,1
39.19383876775355,1
11.454290858171634,1
14.702940588117624,1
30.61012202440488,1
20.192038407681537,1
21.424284856971394,1
16.845369073814762,1
19.617923584716944,1
17.545509101820365,1
12.154430886177234,1
16.873374674934986,1
14.842968593718743,1
10.74014802960592,1
29.71394278855771,1
11.762352470494099,1
22.180436087217444,1
20.36007201440288,1
30.512102420484094,1
23.0626125225045,1
30.48409681936387,1
14.982996599319863,1
17.335467093418682,1
25.429085817163433,1
29.475895179035806,1
32.374474894978995,1
13.050610122024404,1
6.133226645329065,1
17.18143628725745,1
28.957791558311662,1
13.106621324264852,1
31.044208841768352,1
35.98719743948789,1
14.40888177635527,1
31.478295659131824,1
21.088217643528704,1
42.008401680336064,1
39.19383876775355,1
38.98379675935187,1
12.420484096819363,1
21.452290458091618,1
14.856971394278855,1
17.25145029005801,1
48.93978795759152,1
47.00740148029606,1
35.539107821564315,1
13.84876975395079,1
16.005201040208043,1
44.85097019403881,1
29.867973594718944,1
19.64592918583717,1
41.924384876975395,1
26.74534906981396,1
39.459891978395675,1
21.088217643528704,1
17.979595919183836,1
13.63872774554911,1
14.352870574114823,1
21.578315663132624,1
18.34366873374675,1
23.286657331466294,1
27.445489097819564,1
34.50290058011602,1
30.876175235047008,1
32.80856171234247,1
15.599119823964793,1
18.917783556711342,1
24.08481696339268,1
16.159231846369273,1
28.66373274654931,1
37.48549709941988,1
30.62412482496499,1
32.864572914582915,1
33.45269053810762,1
17.86757351470294,1
26.815363072614524,1
30.82016403280656,1
20.654130826165233,1
21.97039407881576,1
37.40148029605921,1
26.12922584516903,1
41.84036807361472,1
23.4126825365073,1
15.221044208841768,1
22.754550910182036,1
6.763352670534107,1
15.949189837967593,1
27.445489097819564,1
24.896979395879175,1
16.677335467093418,1
17.25145029005801,1
21.06021204240848,1
16.76135227045409,1
28.24364872974595,1
36.77135427085417,1
15.319063812762552,1
29.909981996399278,1
22.670534106821364,1
22.950590118023605,1
26.773354670934186,1
30.4000800160032,1
27.78155631126225,1
17.083416683336665,1
25.387077415483095,1
26.885377075415082,1
34.22284456891378,1
17.293458691738348,1
18.735747149429887,1
14.548909781956391,1
9.353870774154831,1
32.92058411682336,1
32.30446089217843,1
17.5875175035007,1
35.777155431086214,1
22.02640528105621,1
37.17743548709742,1
24.770954190838168,1
39.80996199239848,1
25.41508301660332,1
16.831366273254652,1
37.499499899979995,1
24.966993398679737,1
25.20504100820164,1
19.65993198639728,1
34.32086417283457,1
37.835567113422684,1
17.895579115823164,1
18.581716343268653,1
24.700940188037606,1
41.26625325065013,1
21.38227645529106,1
48.40768153630726,1
25.471094218843767,1
29.99399879975995,1
16.439287857571514,1
17.18143628725745,1
40.482096419283856,1
36.58931786357272,1
14.996999399879975,1
18.69373874774955,1
4.592918583716743,1
49.79395879175835,1
43.04460892178435,1
25.14902980596119,1
38.815763152630524,1
30.162032406481295,1
36.37927585517103,1
13.1626325265053,1
29.29385877175435,1
46.923384676935385,1
22.110422084416882,1
19.407881576315262,1
33.270654130826166,1
14.19883976795359,1
32.87857571514303,1
23.580716143228646,1
46.223244648929786,1
46.05521104220844,1
29.965993198639726,1
13.288657731546309,1
29.64392878575715,1
12.350470094018803,1
15.823164632926584,1
17.839567913582716,1
18.259651930386077,1
41.336267253450686,1
30.232046409281857,1
13.456691338267653,1
15.067013402680535,1
10.376075215043008,1
31.268253650730145,1
25.89117823564713,1
25.40108021604321,1
19.869973994798958,1
38.199639927985594,1
8.709741948389677,1
25.06501300260052,1
18.735747149429887,1
30.862172434486897,1
12.140428085617122,1
21.270254050810163,1
21.32626525305061,1
34.740948189637926,1
42.84856971394279,1
13.554710942188438,1
19.827965593118623,1
28.509701940388076,1
26.269253850770152,1
48.5757151430286,1
30.344068813762753,1
23.034606921384277,1
27.61352270454091,1
32.8505701140228,1
30.13402680536107,1
37.35947189437888,1
30.750150030006,1
25.49909981996399,1
35.161032206441284,1
46.2372474494899,1
23.94478895779156,1
15.893178635727145,1
21.984396879375875,1
29.50390078015603,1
28.621724344868973,1
14.296859371874374,1
38.61972394478896,1
36.70134026805361,1
35.18903780756151,1
36.25325065013003,1
19.02980596119224,1
21.38227645529106,1
27.90758151630326,1
23.27265453090618,1
15.417083416683337,1
9.56391278255651,1
37.345469093818764,1
38.689737947589514,1
14.002800560112021,1
35.42708541708342,1
22.29245849169834,1
23.650730146029204,1
17.013402680536107,1
32.23444688937788,1
16.733346669333866,1
47.79155831166233,1
37.30346069213843,1
27.991598319663932,1
19.099819963992797,1
29.139827965593117,1
27.851570314062812,1
33.228645729145825,1
36.519303860772155,1
20.09401880376075,1
49.16383276655331,1
41.26625325065013,1
27.333466693338668,1
17.069413882776555,1
38.84376875375075,1
23.42668533706741,1
9.479895979195838,1
8.079615923184637,1
41.63032606521304,1
31.128225645129024,1
27.109421884376875,1
10.852170434086817,1
14.394878975795159,1
36.827365473094616,1
12.644528905781156,1
36.337267453490696,1
24.840968193638727,1
39.15183036607321,1
19.869973994798958,1
41.86837367473495,1
31.352270454090817,1
16.229245849169832,1
25.429085817163433,1
24.85497099419884,1
32.08041608321664,1
40.91618323664733,1
33.29865973194639,1
27.179435887177434,1
45.92918583716743,1
26.31126225245049,1
25.919183836767353,1
40.482096419283856,1
14.254850970194038,1
13.106621324264852,1
30.204040808161633,1
43.99679935987197,1
44.05281056211242,1
27.585517103420685,1
17.335467093418682,1
27.039407881576313,1
15.039007801560311,1
45.70514102820564,1
31.898379675935185,1
20.27605521104221,1
13.330666133226645,1
23.160632126425284,1
9.731946389277855,1
22.30646129225845,1
31.28225645129026,1
22.97859571914383,1
21.032206441288256,1
7.155431086217243,1
36.365273054610924,1
31.64632926585317,1
13.470694138827765,1
25.49909981996399,1
33.690738147629524,1
24.196839367873572,1
6.889377875575115,1
14.044808961792357,1
30.876175235047008,1
45.4250850170034,1
22.180436087217444,1
39.431886377275454,1
30.12002400480096,1
9.367873574714944,1
15.179035807161432,1
9.801960392078415,1
14.814962992598518,1
34.27885577115423,1
38.885777155431086,1
48.729745949189834,1
31.1002200440088,1
28.32766553310662,1
22.83856771354271,1
46.33526705341068,1
31.534306861372272,1
29.321864372874575,1
23.74874974994999,1
15.193038607721544,1
25.611122224444888,1
23.46869373874775,1
34.39087817563512,1
32.12242448489698,1
10.698139627925585,1
24.014802960592117,1
21.914382876575313,1
25.779155831166232,1
34.642928585717144,1
24.770954190838168,1
15.09501900380076,1
28.915783156631324,1
20.444088817763554,1
22.85257051410282,1
43.268653730746145,1
24.16883376675335,1
23.48269653930786,1
31.408281656331265,1
19.561912382476496,1
29.391878375675134,1
20.304060812162433,1
39.9499899979996,1
32.51450290058011,1
33.87277455491098,1
26.66133226645329,1
20.36007201440288,1
23.636727345469094,1
21.97039407881576,1
29.321864372874575,1
21.634326865373072,1
19.533906781356272,1
34.306861372274454,1
41.68633726745349,1
28.229645929185835,1
15.0250050010002,1
20.90618123624725,1
20.76615323064613,1
9.395879175835168,1
25.709141828365674,1
24.546909381876375,1
14.954990998199639,1
19.561912382476496,1
26.199239847969594,1
27.92158431686337,1
24.71494298859772,1
10.768153630726145,1
18.511702340468094,1
9.577915583116622,1
11.748349669933987,1
19.841968393678734,1
15.697139427885576,1
33.52270454090818,1
26.829365873174634,1
29.181836367273455,1
23.874774954990997,1
39.4878975795159,1
11.034206841368274,1
5.6431286257251445,1
19.561912382476496,1
17.293458691738348,1
12.140428085617122,1
15.991198239647929,1
27.067413482696537,1
23.860772154430887,1
26.759351870374076,1
22.950590118023605,1
28.52370474094819,1
20.402080416083216,1
11.510302060412082,1
34.26485297059412,1
22.46049209841968,1
30.80616123224645,1
12.322464492898579,1
29.741948389677933,1
18.07761552310462,1
22.558511702340468,1
35.077015403080615,1
40.972194438887776,1
38.95579115823165,1
8.471694338867774,1
50.07401480296059,1
40.02000400080016,1
21.46629325865173,1
23.104620924184836,1
39.76795359071814,1
28.355671134226846,1
41.37827565513103,1
13.470694138827765,1
20.388077615523105,1
38.31166233246649,1
30.988197639527904,1
16.103220644128825,1
17.307461492298458,1
27.22144428885777,1
35.5251050210042,1
46.96539307861572,1
13.176635327065412,1
31.87037407481496,1
29.769953990798157,1
33.80276055211042,1
27.865573114622922,1
14.394878975795159,1
17.85357071414283,1
23.11862372474495,1
18.441688337667532,1
34.740948189637926,1
22.376475295059013,1
19.687937587517503,1
31.170234046809362,1
23.846769353870773,1
21.38227645529106,1
45.62112422484497,1
19.351870374074814,1
14.296859371874374,1
13.470694138827765,1
20.57011402280456,1
27.92158431686337,1
11.97239447889578,1
24.490898179635927,1
29.97999599919984,1
20.738147629525905,1
31.688337667533506,1
26.03120624124825,1
14.89897979595919,1
32.402480496099216,1
27.935587117423484,1
7.743548709741948,1
22.614522904580916,1
28.425685137027404,1
25.135027005401078,1
23.55271054210842,1
40.46809361872374,1
23.566713342668532,1
24.51890378075615,1
25.093018603720743,1
24.756951390278054,1
12.882576515303061,1
22.83856771354271,1
25.905181036207242,1
43.9127825565113,1
39.61392278455691,1
55.38107621524305,1
29.15383076615323,1
21.088217643528704,1
32.20644128825765,1
28.075615123024605,1
23.454690938187635,1
30.41408281656331,1
27.641528305661133,1
23.496699339867973,1
20.41608321664333,1
46.51730346069214,1
20.29005801160232,1
43.058611722344466,1
34.27885577115423,1
33.15863172634527,1
23.398679735947187,1
19.25385077015403,1
47.03540708141628,1
27.879575915183036,1
20.500100020004002,1
24.406881376275255,1
19.25385077015403,1
14.814962992598518,1
34.48889777955591,1
19.505901180236048,1
27.62752550510102,1
13.386677335467093,1
23.104620924184836,1
41.47629525905181,1
9.63392678535707,1
21.5503100620124,1
25.87717543508702,1
53.028605721144224,1
18.805761152230446,1
33.144628925785156,1
34.50290058011602,1
12.4624924984997,1
26.80136027205441,1
28.607721544308863,1
32.69653930786157,1
53.23864772954591,1
43.29665933186637,1
33.816763352670534,1
27.543508701740347,1
9.33986797359472,1
20.808161632326463,1
22.530506101220244,1
16.355271054210842,1
21.39627925585117,1
36.04320864172834,1
20.500100020004002,1
21.424284856971394,1
29.83996799359872,1
28.355671134226846,1
25.49909981996399,1
22.054410882176434,1
28.94378875775155,1
30.96019203840768,1
53.65873174634927,1
24.420884176835365,1
20.878175635127025,1
25.527105421084215,1
19.141828365673135,1
35.441088217643525,1
31.198239647929586,1
26.633326665333065,1
35.51110222044409,1
24.08481696339268,1
16.873374674934986,1
21.04620924184837,1
24.420884176835365,1
15.44508901780356,1
19.701940388077617,1
17.5875175035007,1
11.440288057611522,1
21.032206441288256,1
39.19383876775355,1
33.98479695939188,1
28.929785957191438,1
28.719743948789755,1
29.769953990798157,1
11.07621524304861,1
24.686937387477496,1
42.58251650330066,1
26.101220244048807,1
38.80176035207041,1
19.365873174634928,1
15.991198239647929,1
25.82116423284657,1
32.79455891178235,1
13.49869973994799,1
14.856971394278855,1
22.99259851970394,1
37.3874774954991,1
17.615523104620923,1
20.78015603120624,1
21.67633526705341,1
14.436887377475495,1
31.464292858571714,1
16.173234646929384,1
23.538707741548308,1
33.508701740348066,1
34.334866973394675,1
37.87757551510302,1
14.842968593718743,1
29.48989797959592,1
34.37687537507502,1
28.215643128625725,1
40.09001800360072,1
24.78495699139828,1
8.695739147829565,1
28.11762352470494,1
25.597119423884777,1
30.162032406481295,1
38.98379675935187,1
44.64092818563713,1
32.164432886577316,1
22.586517303460692,1
22.124424884976996,1
22.908581716343267,1
43.856771354270855,1
15.683136627325464,1
23.440688137627525,1
19.197839567913583,1
25.919183836767353,1
12.588517703540708,1
35.04900980196039,1
13.358671734346869,1
33.200640128025604,1
14.590918183636727,1
17.993598719743947,1
32.66853370674135,1
23.95879175835167,1
29.29385877175435,1
38.49369873974795,1
20.86417283456691,1
14.870974194838967,1
41.7003400680136,1
14.646929385877176,1
32.780556111222246,1
14.436887377475495,1
9.451890378075614,1
17.559511902380475,1
27.09541908381676,1
28.999799959991996,1
26.45129025805161,1
17.39147829565913,1
27.165433086617323,1
47.46949389877975,1
22.530506101220244,1
28.299659931986398,1
33.690738147629524,1
39.921984396879374,1
35.5251050210042,1
25.35907181436287,1
23.94478895779156,1
8.0376075215043,1
17.53150630126025,1
26.689337867573514,1
10.306061212242447,1
19.211842368473693,1
37.66753350670134,1
16.383276655331066,1
33.816763352670534,1
26.535307061412283,1
35.903180636127225,1
18.9877975595119,1
31.618323664732944,1
16.55131026205241,1
16.103220644128825,1
42.8625725145029,1
22.726545309061812,1
39.501900380076016,1
12.12642528505701,1
10.11002200440088,1
10.474094818963792,1
30.596119223844767,1
29.419883976795358,1
10.404080816163232,1
35.14702940588118,1
16.817363472694538,1
21.802360472094417,1
22.432486497299458,1
20.164032806561313,1
24.266853370674134,1
31.562312462492496,1
24.04280856171234,1
37.26145229045809,1
18.861772354470894,1
22.29245849169834,1
23.95879175835167,1
46.797359471894374,1
16.55131026205241,1
25.21904380876175,1
8.23364672934587,1
12.420484096819363,1
20.934186837367474,1
16.299259851970394,1
15.893178635727145,1
17.307461492298458,1
29.447889577915582,1
26.255251050210042,1
17.125425085017003,1
34.72694538907781,1
39.991998399679936,1
23.566713342668532,1
22.138427685537106,1
23.174634926985398,1
25.14902980596119,1
9.717943588717743,1
8.429685937187438,1
35.58111622324465,1
30.82016403280656,1
11.216243248649729,1
18.34366873374675,1
21.228245649129825,1
33.116623324664936,1
36.309261852370476,1
30.302060412082415,1
29.30786157231446,1
18.21764352870574,1
19.02980596119224,1
42.84856971394279,1
33.816763352670534,1
18.67973594718944,1
30.148029605921185,1
38.689737947589514,1
36.645329065813165,1
27.403480696139226,1
40.02000400080016,1
14.800960192038406,1
38.31166233246649,1
31.562312462492496,1
15.431086217243449,1
34.60092018403681,1
21.774354870974193,1
17.44748949789958,1
37.219443888777754,1
48.925785157031406,1
28.803760752150428,1
22.754550910182036,1
36.40728145629126,1
44.780956191238246,1
22.754550910182036,1
31.618323664732944,1
37.56951390278056,1
19.46389277855571,1
25.21904380876175,1
8.765753150630125,1
31.57631526305261,1
36.32326465293058,1
8.625725145029005,1
28.24364872974595,1
25.373074614922984,1
14.002800560112021,1
30.568113622724542,1
17.545509101820365,1
31.212242448489697,1
26.549309861972393,1
32.68253650730146,1
16.327265453090618,1
32.38847769553911,1
17.881576315263054,1
16.56531306261252,1
37.66753350670134,1
21.648329665933186,1
22.69853970794159,1
22.64252850570114,1
31.408281656331265,1
21.354270854170835,1
24.196839367873572,1
31.562312462492496,1
18.889777955591118,1
37.037407481496295,1
30.568113622724542,1
21.284256851370273,1
28.635727145429087,1
33.144628925785156,1
18.34366873374675,1
21.11622324464893,1
25.947189437887577,1
16.831366273254652,1
12.644528905781156,1
34.41888377675535,1
35.30106021204241,1
39.9499899979996,1
29.685937187437485,1
28.52370474094819,1
33.78875775155031,1
21.284256851370273,1
31.968393678735747,1
32.6125225045009,1
24.938987797559513,1
38.03160632126425,1
31.492298459691938,1
33.25665133026605,1
42.106421284256854,1
15.347069413882776,1
25.513102620524105,1
18.77775555111022,1
30.45609121824365,1
29.279855971194237,1
15.585117023404681,1
35.11902380476095,1
29.377875575115024,1
34.65693138627726,1
18.329665933186636,1
20.024004800960192,1
37.24744948989798,1
59.665933186637325,1
33.942788557711545,1
25.06501300260052,1
19.631926385277055,1
20.164032806561313,1
36.60332066413282,1
38.57771554310862,1
9.395879175835168,1
22.264452890578116,1
47.77755551110222,1
28.59371874374875,1
37.30346069213843,1
24.5749149829966,1
27.55751150230046,1
12.028405681136228,1
11.874374874974995,1
30.988197639527904,1
13.064612922584516,1
15.319063812762552,1
37.02340468093619,1
21.06021204240848,1
30.442088417683536,1
16.089217843568715,1
40.048009601920384,1
20.1500300060012,1
14.758951790358072,1
37.56951390278056,1
25.317063412682536,1
22.628525705141026,1
30.106021204240847,1
23.636727345469094,1
17.05541108221644,1
11.07621524304861,1
13.764752950590118,1
15.137027405481096,1
19.631926385277055,1
20.346069213842767,1
32.13642728545709,1
16.94338867773555,1
21.368273654730945,1
37.289457891578316,1
34.13882776555311,1
12.490498099619924,1
44.962992598519705,1
31.39427885577115,1
20.808161632326463,1
20.346069213842767,1
36.09921984396879,1
19.673934786957393,1
26.60532106421284,1
22.65653130626125,1
24.182836567313462,1
33.4246849369874,1
38.05961192238448,1
25.751150230046008,1
21.858371674334865,1
10.642128425685137,1
28.04760952190438,1
16.187237447489498,1
14.632926585317064,1
10.978195639127826,1
29.3498699739948,1
18.889777955591118,1
34.51690338067613,1
35.60912182436487,1
15.7251450290058,1
6.889377875575115,1
30.31606321264253,1
15.837167433486696,1
26.64732946589318,1
26.50730146029206,1
23.356671334266853,1
13.56871374274855,1
40.86017203440688,1
29.48989797959592,1
38.59171834366873,1
11.608321664332866,1
28.20164032806561,1
10.572114422884576,1
30.792158431686335,1
22.908581716343267,1
20.794158831766353,1
19.477895579115824,1
21.06021204240848,1
14.870974194838967,1
41.8123624724945,1
32.584516903380674,1
39.33386677335467,1
47.48349669933987,1
31.506301260252048,1
29.111822364472893,1
31.128225645129024,1
25.69513902780556,1
26.479295859171835,1
22.69853970794159,1
28.59371874374875,1
51.25025005001,1
13.890778155631125,1
24.280856171234245,1
27.347469493898778,1
33.41068213642728,1
23.60872174434887,1
22.964592918583715,1
12.112422484496898,1
41.672334466893375,1
39.4878975795159,1
23.174634926985398,1
30.94618923784757,1
43.77275455091018,1
12.952590518103621,1
25.457091418283657,1
34.23684736947389,1
23.202640528105622,1
26.99739947989598,1
10.082016403280656,1
32.87857571514303,1
22.628525705141026,1
19.65993198639728,1
46.713342668533706,1
20.892178435687136,1
36.95339067813563,1
13.344668933786757,1
38.04560912182436,1
27.57151430286057,1
24.196839367873572,1
17.125425085017003,1
27.599519903980795,1
29.181836367273455,1
9.437887577515502,1
30.834166833366673,1
15.417083416683337,1
30.148029605921185,1
25.96119223844769,1
23.454690938187635,1
20.892178435687136,1
14.436887377475495,1
15.529105821164233,1
8.86377275455091,1
37.345469093818764,1
29.811962392478495,1
22.69853970794159,1
22.92258451690338,1
32.458491698339664,1
20.332066413282657,1
30.778155631126225,1
6.9593918783756745,1
16.74734946989398,1
43.01660332066413,1
23.678735747149428,1
25.9751950390078,1
13.246649329865972,1
35.24504900980196,1
22.474494898979795,1
19.225845169033807,1
16.649329865973193,1
30.526105221044208,1
48.35167033406681,1
34.41888377675535,1
22.670534106821364,1
9.129825965193039,1
21.53630726145229,1
31.814362872574513,1
32.62652530506101,1
24.644928985797158,1
19.491898379675934,1
26.479295859171835,1
30.17603520704141,1
32.10842168433687,1
27.4874974994999,1
13.470694138827765,1
18.105621124224843,1
27.655531106221243,1
21.5503100620124,1
13.694738947789558,1
27.23544708941788,1
26.619323864772955,1
32.30446089217843,1
32.2624524904981,1
12.952590518103621,1
19.30986197239448,1
24.39287857571514,1
19.88397679535907,1
39.15183036607321,1
19.897979595919182,1
20.542108421684336,1
56.17923584716943,1
27.76755351070214,1
43.240648129625924,1
23.34266853370674,1
27.445489097819564,1
28.915783156631324,1
24.896979395879175,1
29.335867173434686,1
17.405481096219244,1
20.668133626725343,1
25.093018603720743,1
24.58891778355671,1
17.545509101820365,1
30.736147229445887,1
44.290858171634326,1
13.722744548909782,1
27.22144428885777,1
33.8867773554711,1
35.46909381876375,1
27.09541908381676,1
20.822164432886577,1
40.25805161032206,1
14.436887377475495,1
22.99259851970394,1
26.675335067013403,1
38.633726745349065,1
19.295859171834365,1
11.020204040808162,1
30.834166833366673,1
23.244648929785956,1
8.961792358471694,1
27.039407881576313,1
19.141828365673135,1
36.40728145629126,1
18.805761152230446,1
20.90618123624725,1
20.500100020004002,1
11.594318863772754,1
20.78015603120624,1
51.27825565113022,1
40.412082416483294,1
32.500500100020005,1
31.73034606921384,1
26.99739947989598,1
30.68013602720544,1
47.60952190438088,1
28.69173834766953,1
40.24404880976195,1
30.13402680536107,1
34.41888377675535,1
26.409281856371273,1
17.685537107421485,1
12.168433686737346,1
10.362072414482896,1
32.402480496099216,1
22.264452890578116,1
6.917383476695339,1
28.06161232246449,1
15.039007801560311,1
53.82676535307061,1
31.9123824764953,1
36.63132626525305,1
25.653130626125225,1
14.730946189237848,1
22.22244448889778,1
26.717343468693738,1
13.890778155631125,1
31.128225645129024,1
16.383276655331066,1
29.097819563912783,1
15.277055411082216,1
15.753150630126024,1
29.041808361672334,1
25.597119423884777,1
22.02640528105621,1
43.00260052010402,1
20.71014202840568,1
29.097819563912783,1
22.29245849169834,1
20.808161632326463,1
18.231646329265853,1
6.119223844768953,1
28.131626325265053,1
17.601520304060813,1
13.820764152830566,1
37.12142428485697,1
32.97659531906381,1
16.76135227045409,1
31.310262052410483,1
30.68013602720544,1
12.560512102420484,1
14.520904180836167,1
20.024004800960192,1
21.60632126425285,1
31.366273254650928,1
37.289457891578316,1
15.781156231246248,1
25.69513902780556,1
20.038007601520302,1
29.867973594718944,1
33.228645729145825,1
29.111822364472893,1
39.76795359071814,1
36.91138227645529,1
31.366273254650928,1
34.4748949789958,1
34.124824964992996,1
25.2750550110022,1
10.208041608321665,1
19.421884376875376,1
20.934186837367474,1
12.490498099619924,1
38.759751950390076,1
28.551710342068414,1
31.77235447089418,1
47.79155831166233,1
16.775355071014204,1
34.614922984596916,1
38.82976595319064,1
35.00700140028005,1
8.667733546709341,1
35.04900980196039,1
18.945789157831566,1
18.385677135427084,1
30.638127625525104,1
26.563312662532507,1
22.236447289457892,1
46.60132026405281,1
25.261052210442088,1
17.741548309661933,1
25.20504100820164,1
44.752950590118026,1
27.683536707341467,1
34.72694538907781,1
19.295859171834365,1
31.016203240648128,1
16.103220644128825,1
34.16683336667333,1
34.432886577315465,1
35.567113422684535,1
7.827565513102621,1
35.55311062212442,1
22.194438887777554,1
31.016203240648128,1
30.17603520704141,1
11.216243248649729,1
11.062212442488498,1
18.30166033206641,1
28.005601120224043,1
16.663332666533307,1
13.148629725945188,1
30.19003800760152,1
30.498099619923984,1
38.04560912182436,1
20.248049609921985,1
29.055811162232445,1
15.809161832366472,1
25.83516703340668,1
37.709541908381674,1
17.09741948389678,1
37.07941588317664,1
43.38067613522704,1
31.38027605521104,1
22.16643328665733,1
33.326665333066614,1
10.93618723744749,1
37.289457891578316,1
28.425685137027404,1
24.546909381876375,1
27.403480696139226,1
31.254250850170035,1
22.78255651130226,1
30.89017803560712,1
39.305861172234444,1
9.521904380876174,1
27.459491898379675,1
38.04560912182436,1
29.251850370074013,1
25.807161432286456,1
32.27645529105821,1
28.775755151030204,1
37.3874774954991,1
10.502100420084016,1
29.671934386877375,1
24.014802960592117,1
40.902180436087214,1
40.46809361872374,1
40.44008801760352,1
35.931186237247445,1
35.02100420084017,1
34.34886977395479,1
34.19483896779356,1
17.741548309661933,1
24.462892578515703,1
30.47009401880376,1
21.06021204240848,1
49.63992798559712,1
41.3502700540108,1
33.17263452690538,1
46.97939587917583,1
30.0500100020004,1
19.421884376875376,1
20.206041208241647,1
18.329665933186636,1
31.77235447089418,1
18.749749949989997,1
31.43628725745149,1
16.313262652530504,1
34.89497899579916,1
36.827365473094616,1
17.72754550910182,1
33.83076615323065,1
46.78335667133427,1
19.60392078415683,1
25.177035407081416,1
55.78715743148629,1
21.38227645529106,1
16.817363472694538,1
31.072214442888576,1
20.024004800960192,1
24.686937387477496,1
30.008001600320064,1
28.81776355271054,1
23.076615323064612,1
34.75495099019804,1
43.674734946989396,1
18.371674334866974,1
23.62272454490898,1
34.34886977395479,1
10.082016403280656,1
35.077015403080615,1
21.24224844968994,1
31.87037407481496,1
37.10742148429686,1
16.845369073814762,1
46.39127825565113,1
36.58931786357272,1
35.76315263052611,1
30.61012202440488,1
37.23344668933787,1
31.828365673134627,1
23.020604120824164,1
33.28465693138627,1
11.70634126825365,1
32.69653930786157,1
25.457091418283657,1
21.67633526705341,1
21.95639127825565,1
16.579315863172635,1
47.11942388477696,1
26.549309861972393,1
23.930786157231445,1
32.9625925185037,1
48.54770954190838,1
18.83376675335067,1
20.43008601720344,1
11.202240448089618,1
43.646729345869176,1
15.627125425085017,1
39.795959191838364,1
31.828365673134627,1
13.70874174834967,1
23.496699339867973,1
29.447889577915582,1
13.456691338267653,1
17.461492298459692,1
29.055811162232445,1
17.279455891178234,1
29.391878375675134,1
33.03260652130426,1
28.621724344868973,1
32.51450290058011,1
10.628125625125024,1
14.324864972994598,1
33.46669333866773,1
19.26785357071414,1
28.59371874374875,1
28.957791558311662,1
28.005601120224043,1
24.770954190838168,1
14.926985397079415,1
31.310262052410483,1
13.078615723144628,1
26.143228645729145,1
11.622324464892978,1
30.848169633926783,1
19.505901180236048,1
36.6873374674935,1
28.5377075415083,1
52.14642928585717,1
16.733346669333866,1
35.70714142828566,1
18.049609921984395,1
31.072214442888576,1
27.529505901180237,1
16.663332666533307,1
37.87757551510302,1
14.478895779155831,1
10.74014802960592,1
26.283256651330266,1
27.991598319663932,1
34.614922984596916,1
28.59371874374875,1
29.265853170634127,1
37.05141028205641,1
6.049209841968393,1
33.04660932186437,1
23.692738547709542,1
33.018603720744146,1
12.644528905781156,1
15.067013402680535,1
38.99779955991198,1
9.801960392078415,1
11.538307661532306,1
30.974194838967794,1
35.903180636127225,1
32.038407681536306,1
34.334866973394675,1
16.817363472694538,1
14.40888177635527,1
20.57011402280456,1
29.769953990798157,1
20.332066413282657,1
48.99579915983197,1
26.073214642928583,1
21.270254050810163,1
12.014402880576116,1
35.09101820364073,1
13.344668933786757,1
8.849769953990798,1
42.47049409881976,1
30.596119223844767,1
22.51650330066013,1
40.91618323664733,1
21.18623724744949,1
37.19143828765753,1
38.25565113022604,1
34.32086417283457,1
30.90418083616723,1
14.576915383076615,1
11.846369273854771,1
33.08861772354471,1
18.6377275455091,1
11.188237647529506,1
29.30786157231446,1
31.73034606921384,1
13.442688537707541,1
11.580316063212642,1
27.179435887177434,1
46.95139027805561,1
25.317063412682536,1
24.560912182436486,1
15.86517303460692,1
25.54110822164433,1
38.70374074814963,1
12.574514902980596,1
24.546909381876375,1
41.392278455691134,1
29.587917583516703,1
18.315663132626526,1
22.488497699539906,1
28.355671134226846,1
23.370674134826963,1
28.845769153830766,1
19.001800360072014,1
18.861772354470894,1
15.459091818363673,1
43.884776955391075,1
23.356671334266853,1
16.13122624524905,1
18.2876575315063,1
33.06061212242449,1
24.406881376275255,1
54.09281856371274,1
12.980596119223845,1
25.513102620524105,1
38.61972394478896,1
34.41888377675535,1
10.166033206641329,1
33.970794158831765,1
19.561912382476496,1
31.08621724344869,1
28.24364872974595,1
14.044808961792357,1
24.336867373474693,1
38.84376875375075,1
15.053010602120423,1
41.63032606521304,1
37.863572714542904,1
13.050610122024404,1
26.31126225245049,1
35.86117223444689,1
21.06021204240848,1
14.660932186437288,1
53.1126225245049,1
42.37247449489898,1
34.180836167233444,1
19.02980596119224,1
30.54010802160432,1
18.385677135427084,1
37.24744948989798,1
33.018603720744146,1
13.792758551710342,1
27.347469493898778,1
18.595719143828767,1
30.288057611522305,1
33.91478295659132,1
33.85877175435087,1
20.794158831766353,1
32.92058411682336,1
7.113422684536907,1
34.670934186837364,1
27.515503100620123,1
41.47629525905181,1
18.35767153430686,1
12.12642528505701,1
18.07761552310462,1
23.566713342668532,1
31.660332066413282,1
15.907181436287257,1
23.90278055611122,1
24.78495699139828,1
25.513102620524105,1
24.952990598119623,1
36.86937387477495,1
23.678735747149428,1
25.00900180036007,1
17.79755951190238,1
21.620324064812962,1
17.81156231246249,1
32.990598119623925,1
26.577315463092617,1
27.669533906781357,1
25.06501300260052,1
45.35507101420284,1
9.42388477695539,1
16.257251450290056,1
27.879575915183036,1
22.180436087217444,1
23.27265453090618,1
25.121024204840968,1
28.271654330866173,1
10.908181636327265,1
26.983396679335865,1
18.2876575315063,1
20.248049609921985,1
39.89397879575915,1
32.164432886577316,1
24.742948589717944,1
35.231046209241846,1
22.684536907381474,1
20.346069213842767,1
33.8867773554711,1
17.279455891178234,1
38.815763152630524,1
37.48549709941988,1
54.722944588917784,1
19.533906781356272,1
30.33006601320264,1
25.583116623324663,1
17.881576315263054,1
46.05521104220844,1
33.91478295659132,1
26.283256651330266,1
50.116023204640925,1
21.102220444088818,1
11.762352470494099,1
11.692338467693538,1
19.65993198639728,1
56.263252650530106,1
24.490898179635927,1
15.655131026205241,1
27.991598319663932,1
20.528105621124226,1
33.06061212242449,1
33.942788557711545,1
39.305861172234444,1
29.097819563912783,1
39.61392278455691,1
30.68013602720544,1
24.798959791958392,1
31.660332066413282,1
19.295859171834365,1
39.095819163832765,1
24.742948589717944,1
19.225845169033807,1
17.05541108221644,1
38.04560912182436,1
13.834766953390679,1
9.661932386477295,1
26.073214642928583,1
13.176635327065412,1
25.06501300260052,1
47.10542108421684,1
27.55751150230046,1
38.56371274254851,1
35.60912182436487,1
28.635727145429087,1
12.04240848169634,1
38.885777155431086,1
34.55891178235647,1
30.582116423284656,1
31.688337667533506,1
22.474494898979795,1
8.401680336067214,1
20.598119623924784,1
6.315263052610522,1
54.73694738947789,1
7.939587917583516,1
33.67673534706941,1
19.785957191438285,1
24.210842168433686,1
36.84136827365473,1
33.95679135827165,1
21.298259651930387,1
10.152030406081217,1
27.669533906781357,1
19.575915183036606,1
19.351870374074814,1
21.900380076015203,1
27.29145829165833,1
11.846369273854771,1
40.59411882376475,1
29.06981396279256,1
50.66213242648529,1
10.74014802960592,1
33.24264852970594,1
9.185837167433487,1
26.703340668133627,1
18.97379475895179,1
24.798959791958392,1
22.16643328665733,1
38.115623124624925,1
13.512702540508101,1
10.516103220644128,1
36.29525905181036,1
38.61972394478896,1
31.618323664732944,1
27.935587117423484,1
50.9001800360072,1
30.31606321264253,1
38.0876175235047,1
28.20164032806561,1
7.883576715343068,1
19.60392078415683,1
32.48649729945989,1
34.97899579915983,1
24.798959791958392,1
35.62312462492498,1
13.540708141628325,1
27.851570314062812,1
18.805761152230446,1
12.112422484496898,1
31.688337667533506,1
15.543108621724345,1
22.950590118023605,1
27.27745549109822,1
19.64592918583717,1
39.44588917783557,1
29.85397079415883,1
16.95739147829566,1
22.138427685537106,1
22.586517303460692,1
9.591918383676735,1
13.260652130426084,1
16.369273854770952,1
21.214242848569715,1
23.13262652530506,1
17.335467093418682,1
12.154430886177234,1
17.72754550910182,1
19.197839567913583,1
17.909581916383278,1
22.29245849169834,1
16.94338867773555,1
16.439287857571514,1
16.453290658131625,1
17.895579115823164,1
38.64772954590918,1
21.998399679935986,1
43.92678535707141,1
33.144628925785156,1
19.81396279255851,1
30.092018403680736,1
47.70754150830166,1
28.57971594318864,1
23.146629325865174,1
24.952990598119623,1
25.63912782556511,1
34.34886977395479,1
43.184636927385476,1
19.25385077015403,1
9.507901580316062,1
20.794158831766353,1
23.356671334266853,1
12.980596119223845,1
23.314662932586515,1
30.596119223844767,1
13.344668933786757,1
18.53970794158832,1
34.60092018403681,1
9.82996599319864,1
18.34366873374675,1
22.278455691138227,1
15.57111422284457,1
27.529505901180237,1
33.17263452690538,1
47.83356671334267,1
15.781156231246248,1
14.646929385877176,1
46.26525305061012,1
36.16923384676935,1
44.82296459291858,1
30.61012202440488,1
20.78015603120624,1
32.43048609721944,1
28.439687937587518,1
37.09341868373674,1
45.95719143828766,1
23.95879175835167,1
14.688937787557512,1
22.810562112422485,1
40.86017203440688,1
21.53630726145229,1
28.859771954390876,1
6.791358271654331,1
31.016203240648128,1
17.153430686137227,1
26.38127625525105,1
37.345469093818764,1
35.567113422684535,1
36.29525905181036,1
41.28025605121024,1
25.9751950390078,1
22.0124024804961,1
21.270254050810163,1
42.106421284256854,1
18.48369673934787,1
37.653530706141225,1
23.776755351070214,1
35.6371274254851,1
30.48409681936387,1
27.165433086617323,1
8.807761552310462,1
30.68013602720544,1
18.20364072814563,1
16.005201040208043,1
26.255251050210042,1
22.20844168833767,1
17.545509101820365,1
23.0626125225045,1
24.210842168433686,1
12.700540108021604,1
31.352270454090817,1
20.332066413282657,1
21.24224844968994,1
30.94618923784757,1
17.293458691738348,1
23.80476095219044,1
16.047209441888377,1
22.44648929785957,1
17.2374474894979,1
13.02260452090418,1
24.86897379475895,1
17.909581916383278,1
16.187237447489498,1
24.840968193638727,1
36.60332066413282,1
13.190638127625524,1
30.596119223844767,1
25.919183836767353,1
22.138427685537106,1
35.21704340868173,1
22.768553710742147,1
16.579315863172635,1
13.1626325265053,1
10.18003600720144,1
25.05101020204041,1
19.197839567913583,1
23.160632126425284,1
11.804360872174435,1
23.104620924184836,1
19.617923584716944,1
19.505901180236048,1
29.097819563912783,1
25.331066213242647,1
27.109421884376875,1
16.775355071014204,1
28.481696339267852,1
28.57971594318864,1
24.000800160032007,1
32.57051410282056,1
11.482296459291858,1
27.599519903980795,1
23.90278055611122,1
29.769953990798157,1
14.926985397079415,1
22.97859571914383,1
31.478295659131824,1
39.38987797559512,1
29.16783356671334,1
24.056811362272455,1
25.289057811562312,1
19.855971194238847,1
16.327265453090618,1
18.69373874774955,1
49.69593918783757,1
33.3126625325065,1
40.79015803160632,1
14.394878975795159,1
29.573914782956592,1
27.75355071014203,1
13.02260452090418,1
11.104220844168834,1
25.247049409881974,1
27.263452690538106,1
30.162032406481295,1
22.096419283856772,1
33.85877175435087,1
18.581716343268653,1
23.94478895779156,1
41.44828965793158,1
29.741948389677933,1
36.183236647329466,1
29.881976395279054,1
24.966993398679737,1
27.09541908381676,1
11.692338467693538,1
18.48369673934787,1
43.42268453690738,1
15.543108621724345,1
28.649729945989197,1
21.942388477695538,1
13.008601720344068,1
14.33886777355471,1
23.692738547709542,1
36.44928985797159,1
41.86837367473495,1
25.373074614922984,1
22.054410882176434,1
39.1378275655131,1
27.361472294458892,1
30.974194838967794,1
22.92258451690338,1
30.848169633926783,1
28.66373274654931,1
27.165433086617323,1
12.756551310262052,1
13.918783756751349,1
28.551710342068414,1
33.13062612522504,1
24.9249849969994,1
47.133426685337064,1
22.85257051410282,1
16.999399879975996,1
18.329665933186636,1
22.124424884976996,1
16.775355071014204,1
25.163032606521302,1
29.867973594718944,1
27.179435887177434,1
32.57051410282056,1
23.356671334266853,1
26.703340668133627,1
19.239847969593917,1
25.06501300260052,1
37.289457891578316,1
19.197839567913583,1
33.92878575715143,1
15.039007801560311,1
30.344068813762753,1
29.15383076615323,1
23.860772154430887,1
53.714742948589716,1
24.504900980196037,1
18.81976395279056,1
23.88877775555111,1
21.34026805361072,1
25.331066213242647,1
51.82436487297459,1
12.980596119223845,1
9.087817563512703,1
24.43488697739548,1
36.29525905181036,1
31.338267653530707,1
24.826965393078616,1
43.12862572514503,1
34.22284456891378,1
19.435887177435486,1
48.491698339667934,1
45.327065413082614,1
25.48509701940388,1
40.608121624324866,1
51.30626125225045,1
28.67773554710942,1
27.61352270454091,1
26.675335067013403,1
22.83856771354271,1
24.5749149829966,1
27.039407881576313,1
34.02680536107221,1
19.099819963992797,1
24.630926185237048,1
39.16583316663333,1
36.855371074214844,1
22.250450090018003,1
23.846769353870773,1
19.26785357071414,1
18.35767153430686,1
27.067413482696537,1
25.49909981996399,1
12.93858771754351,1
30.246049209841967,1
22.65653130626125,1
13.876775355071015,1
16.21524304860972,1
32.48649729945989,1
42.414482896579315,1
33.71874374874975,1
17.615523104620923,1
22.376475295059013,1
25.49909981996399,1
12.070414082816564,1
14.982996599319863,1
23.42668533706741,1
16.635327065413083,1
18.945789157831566,1
12.518503700740148,1
33.116623324664936,1
28.439687937587518,1
19.099819963992797,1
22.64252850570114,1
26.66133226645329,1
33.18663732746549,1
37.933586717343466,1
31.814362872574513,1
10.152030406081217,1
20.318063612722543,1
19.085817163432687,1
20.598119623924784,1
21.88637727545509,1
25.779155831166232,1
38.731746349269855,1
23.020604120824164,1
50.704140828165635,1
18.67973594718944,1
26.577315463092617,1
26.759351870374076,1
10.698139627925585,1
37.12142428485697,1
12.994598919783957,1
25.751150230046008,1
25.48509701940388,1
7.827565513102621,1
42.65253050610122,1
21.900380076015203,1
22.20844168833767,1
26.17123424684937,1
24.126825365073014,1
35.70714142828566,1
31.492298459691938,1
14.646929385877176,1
28.859771954390876,1
21.158231646329266,1
12.406481296259251,1
25.471094218843767,1
15.361072214442888,1
22.110422084416882,1
16.11722344468894,1
38.15763152630526,1
42.694538907781556,1
24.504900980196037,1
26.675335067013403,1
12.574514902980596,1
27.75355071014203,1
38.38167633526705,1
13.288657731546309,1
19.995999199839968,1
18.83376675335067,1
19.11382276455291,1
33.62072414482896,1
14.450890178035607,1
25.527105421084215,1
36.09921984396879,1
17.86757351470294,1
20.55611122224445,1
23.230646129225846,1
16.789357871574314,1
20.72414482896579,1
29.769953990798157,1
21.718343668733745,1
27.515503100620123,1
20.57011402280456,1
31.78635727145429,1
38.92778555711142,1
29.48989797959592,1
18.07761552310462,1
25.177035407081416,1
28.215643128625725,1
15.907181436287257,1
23.734746949389876,1
23.972794558911783,1
35.32906581316263,1
26.7873574714943,1
21.438287657531507,1
30.708141628325663,1
29.15383076615323,1
36.89737947589518,1
8.30366073214643,1
25.905181036207242,1
33.970794158831765,1
39.17983596719344,1
16.537307461492297,1
32.1504300860172,1
14.6749349869974,1
15.207041408281656,1
39.40388077615523,1
34.26485297059412,1
35.847169433886776,1
28.39767953590718,1
40.55211042208442,1
29.825965193038606,1
37.52750550110022,1
43.856771354270855,1
27.4874974994999,1
16.60732146429286,1
26.493298659731945,1
32.29045809161832,1
29.545909181836368,1
29.02780556111222,1
31.64632926585317,1
11.160232046409282,1
32.33246649329866,1
26.17123424684937,1
21.662332466493297,1
23.678735747149428,1
23.398679735947187,1
6.4412882576515305,1
13.386677335467093,1
12.084416883376676,1
26.059211842368473,1
19.407881576315262,1
43.17063412682536,1
14.940988197639527,1
18.55371074214843,1
24.560912182436486,1
19.071814362872573,1
22.34846969393879,1
26.871374274854972,1
32.64052810562112,1
36.827365473094616,1
20.99019803960792,1
20.822164432886577,1
33.634726945389076,1
30.106021204240847,1
28.005601120224043,1
25.107021404280854,1
35.875175035007,1
35.231046209241846,1
49.289857971594316,1
19.505901180236048,1
35.6371274254851,1
23.42668533706741,1
30.94618923784757,1
19.855971194238847,1
29.685937187437485,1
10.586117223444688,1
18.455691138227646,1
11.07621524304861,1
39.221844368873775,1
16.06121224244849,1
23.174634926985398,1
31.268253650730145,1
11.398279655931185,1
32.51450290058011,1
47.91758351670334,1
6.427285457091418,1
25.87717543508702,1
16.4252850570114,1
26.94138827765553,1
53.75675135027005,1
33.80276055211042,1
31.884376875375075,1
26.535307061412283,1
26.437287457491497,1
25.163032606521302,1
33.45269053810762,1
23.104620924184836,1
33.99879975995199,1
20.808161632326463,1
30.302060412082415,1
28.59371874374875,1
30.302060412082415,1
33.34066813362672,1
31.520304060812162,1
26.255251050210042,1
48.54770954190838,1
31.688337667533506,1
14.254850970194038,1
38.01760352070414,1
26.857371474294858,1
37.40148029605921,1
36.883376675335064,1
10.922184436887378,1
14.212842568513702,1
9.745949189837967,1
27.403480696139226,1
15.529105821164233,1
31.9123824764953,1
15.053010602120423,1
31.22624524904981,1
15.417083416683337,1
13.050610122024404,1
17.279455891178234,1
32.6125225045009,1
19.239847969593917,1
12.140428085617122,1
28.11762352470494,1
34.55891178235647,1
33.71874374874975,1
24.5749149829966,1
24.08481696339268,1
13.1626325265053,1
18.62372474494899,1
15.921184236847369,1
14.89897979595919,1
14.60492098419684,1
14.016803360672133,1
26.437287457491497,1
28.915783156631324,1
45.62112422484497,1
9.591918383676735,1
19.057811562312462,1
36.337267453490696,1
42.23244648929786,1
21.67633526705341,1
31.14222844568914,1
26.73134626925385,1
33.690738147629524,1
15.039007801560311,1
29.573914782956592,1
59.581916383276656,1
12.406481296259251,1
29.99399879975995,1
44.30486097219444,1
33.46669333866773,1
26.871374274854972,1
17.67153430686137,1
5.251050210042008,1
20.458091618323664,1
21.522304460892176,1
13.02260452090418,1
24.02880576115223,1
7.533506701340268,1
31.744348869773955,1
25.387077415483095,1
45.117023404680936,1
31.78635727145429,1
30.31606321264253,1
21.032206441288256,1
34.096819363872775,1
54.9749949989998,1
32.93458691738348,1
44.094818963792754,1
26.04520904180836,1
13.750750150030006,1
24.16883376675335,1
18.371674334866974,1
20.388077615523105,1
43.28265653130626,1
10.474094818963792,1
33.228645729145825,1
22.670534106821364,1
15.375075015003,1
26.80136027205441,1
16.537307461492297,1
23.076615323064612,1
24.25285057011402,1
28.39767953590718,1
36.71534306861372,1
14.184836967393478,1
33.99879975995199,1
15.79515903180636,1
38.913782756551306,1
19.617923584716944,1
31.324264852970593,1
18.30166033206641,1
19.51990398079616,1
23.104620924184836,1
35.94518903780756,1
28.313662732546508,1
28.67773554710942,1
16.635327065413083,1
31.38027605521104,1
17.839567913582716,1
24.406881376275255,1
41.86837367473495,1
33.03260652130426,1
10.404080816163232,1
28.145629125825163,1
26.969393878775755,1
25.05101020204041,1
19.715943188637727,1
12.714542908581716,1
12.546509301860372,1
36.09921984396879,1
31.77235447089418,1
33.17263452690538,1
18.105621124224843,1
31.954390878175634,1
21.97039407881576,1
27.165433086617323,1
28.10362072414483,1
22.684536907381474,1
19.407881576315262,1
13.98879775955191,1
11.594318863772754,1
33.844768953790755,1
21.88637727545509,1
20.878175635127025,1
25.35907181436287,1
24.5749149829966,1
24.742948589717944,1
21.704340868173635,1
37.499499899979995,1
16.55131026205241,1
9.157831566313263,1
23.55271054210842,1
21.48029605921184,1
23.244648929785956,1
31.78635727145429,1
16.229245849169832,1
24.29485897179436,1
37.709541908381674,1
29.909981996399278,1
31.71634326865373,1
19.771954390878175,1
50.032006401280256,1
42.14842968593719,1
34.096819363872775,1
32.23444688937788,1
20.8501700340068,1
22.040408081616324,1
38.15763152630526,1
24.602920584116823,1
24.896979395879175,1
23.986797359471893,1
14.646929385877176,1
35.00700140028005,1
16.915383076615324,1
12.770554110822165,1
26.03120624124825,1
17.335467093418682,1
25.023004600920185,1
14.772954590918184,1
38.99779955991198,1
28.39767953590718,1
19.771954390878175,1
17.755551110222044,1
16.005201040208043,1
21.97039407881576,1
24.966993398679737,1
18.9877975595119,1
48.22564512902581,1
9.927985597119424,1
36.61732346469294,1
49.135827165433085,1
24.04280856171234,1
23.90278055611122,1
41.8123624724945,1
14.05881176235247,1
40.87417483496699,1
26.717343468693738,1
22.79655931186237,1
18.707741548309663,1
29.545909181836368,1
11.35627125425085,1
30.036007201440288,1
29.237847569513903,1
28.04760952190438,1
26.829365873174634,1
25.289057811562312,1
26.241248249649928,1
29.573914782956592,1
29.64392878575715,1
25.443088617723543,1
22.51650330066013,1
32.17843568713743,1
24.25285057011402,1
28.985797159431886,1
21.87237447489498,1
22.22244448889778,1
33.4246849369874,1
27.025405081016203,1
22.3624724944989,1
29.83996799359872,1
29.951990398079616,1
23.286657331466294,1
31.618323664732944,1
41.392278455691134,1
24.04280856171234,1
31.338267653530707,1
45.271054210842166,1
11.762352470494099,1
13.820764152830566,1
13.218643728745748,1
41.714342868573716,1
27.55751150230046,1
28.635727145429087,1
21.032206441288256,1
15.291058211642328,1
15.977195439087817,1
23.398679735947187,1
36.365273054610924,1
14.282856571314262,1
29.99399879975995,1
30.33006601320264,1
8.807761552310462,1
25.63912782556511,1
8.499699939987998,1
24.126825365073014,1
24.182836567313462,1
22.600520104020802,1
17.321464292858572,1
20.500100020004002,1
8.751750350070013,1
26.857371474294858,1
18.469693938787756,1
11.944388877775555,1
25.63912782556511,1
25.457091418283657,1
14.618923784756952,1
23.25865173034607,1
32.30446089217843,1
16.95739147829566,1
32.010402080416085,1
26.829365873174634,1
7.953590718143628,1
15.64112822564513,1
41.42028405681136,1
20.57011402280456,1
27.76755351070214,1
26.59131826365273,1
44.08081616323265,1
15.79515903180636,1
25.41508301660332,1
28.229645929185835,1
20.262052410482095,1
30.54010802160432,1
22.768553710742147,1
31.57631526305261,1
19.295859171834365,1
23.034606921384277,1
43.28265653130626,1
14.814962992598518,1
28.649729945989197,1
21.87237447489498,1
19.687937587517503,1
20.29005801160232,1
50.34006801360272,1
17.09741948389678,1
16.21524304860972,1
21.368273654730945,1
25.709141828365674,1
13.358671734346869,1
28.159631926385277,1
28.845769153830766,1
32.2624524904981,1
33.62072414482896,1
20.27605521104221,1
33.24264852970594,1
24.700940188037606,1
13.49869973994799,1
35.931186237247445,1
26.087217443488697,1
28.957791558311662,1
27.165433086617323,1
21.38227645529106,1
38.00360072014403,1
20.01000200040008,1
22.726545309061812,1
13.876775355071015,1
14.772954590918184,1
15.389077815563112,1
19.337867573514703,1
32.7245449089818,1
32.08041608321664,1
37.55551110222044,1
33.43868773754751,1
37.42948589717943,1
24.896979395879175,1
21.424284856971394,1
18.525705141028205,1
23.580716143228646,1
20.304060812162433,1
35.203040608121626,1
30.54010802160432,1
27.90758151630326,1
33.70474094818964,1
19.869973994798958,1
25.079015803160633,1
12.112422484496898,1
20.1500300060012,1
23.090618123624726,1
22.572514502900578,1
30.750150030006,1
20.500100020004002,1
16.94338867773555,1
28.915783156631324,1
29.895979195839168,1
20.41608321664333,1
16.397279455891177,1
19.74394878975795,1
23.398679735947187,1
36.78535707141428,1
48.26765353070614,1
12.084416883376676,1
24.798959791958392,1
16.033206641328267,1
28.24364872974595,1
17.825565113022606,1
14.044808961792357,1
16.537307461492297,1
20.318063612722543,1
11.174234846969394,1
22.79655931186237,1
37.52750550110022,1
28.145629125825163,1
34.27885577115423,1
26.31126225245049,1
22.824564912982595,1
18.2876575315063,1
26.437287457491497,1
29.685937187437485,1
21.83036607321464,1
29.181836367273455,1
25.849169833966794,1
27.879575915183036,1
22.572514502900578,1
19.39387877575515,1
25.247049409881974,1
24.29485897179436,1
35.0630126025205,1
38.521704340868176,1
32.54250850170034,1
24.350870174034807,1
14.016803360672133,1
9.731946389277855,1
25.737147429485898,1
20.934186837367474,1
26.31126225245049,1
52.62252450490098,1
45.22904580916183,1
37.02340468093619,1
17.9375875175035,1
10.124024804960992,1
3.5987197439487897,1
53.88277655531106,1
14.212842568513702,1
15.93518703740748,1
47.9875975195039,1
28.10362072414483,1
14.590918183636727,1
13.260652130426084,1
12.12642528505701,1
29.15383076615323,1
34.306861372274454,1
26.213242648529704,1
13.442688537707541,1
45.21504300860172,1
6.749349869973995,1
40.74814962992598,1
24.602920584116823,1
18.665733146629325,1
35.30106021204241,1
25.233046609321864,1
21.18623724744949,1
21.172234446889377,1
21.130226045209042,1
34.152830566113224,1
12.868573714742949,1
33.53670734146829,1
27.333466693338668,1
39.69793958791758,1
26.18523704740948,1
24.742948589717944,1
42.70854170834167,1
17.559511902380475,1
37.20544108821764,1
30.13402680536107,1
7.6875375075015,1
15.977195439087817,1
45.7751550310062,1
25.247049409881974,1
31.78635727145429,1
28.299659931986398,1
29.825965193038606,1
23.860772154430887,1
28.59371874374875,1
29.02780556111222,1
31.73034606921384,1
15.599119823964793,1
28.411682336467294,1
26.18523704740948,1
16.90138027605521,1
28.019603920784157,1
14.366873374674935,1
45.04700940188037,1
12.224444888977795,1
29.111822364472893,1
44.6129225845169,1
23.104620924184836,1
14.33886777355471,1
29.36387277455491,1
23.538707741548308,1
23.18863772754551,1
24.196839367873572,1
25.597119423884777,1
28.971794358871772,1
26.269253850770152,1
40.95819163832766,1
24.65893178635727,1
14.002800560112021,1
34.32086417283457,1
36.15523104620924,1
36.183236647329466,1
20.808161632326463,1
10.306061212242447,1
14.240848169633926,1
44.69693938787758,1
23.986797359471893,1
31.800360072014403,1
20.90618123624725,1
30.232046409281857,1
27.039407881576313,1
28.39767953590718,1
26.773354670934186,1
37.625525105021005,1
25.765153030606122,1
17.265453090618124,1
13.036607321464292,1
16.327265453090618,1
19.225845169033807,1
23.398679735947187,1
33.74674934986997,1
20.304060812162433,1
38.10162032406481,1
24.644928985797158,1
31.604320864172834,1
8.079615923184637,1
61.6123224644929,1
35.70714142828566,1
30.4000800160032,1
20.71014202840568,1
32.82256451290258,1
33.57871574314863,1
24.364872974594917,1
16.28525705141028,1
25.947189437887577,1
22.082416483296658,1
33.816763352670534,1
30.344068813762753,1
22.29245849169834,1
9.717943588717743,1
38.85777155431086,1
28.971794358871772,1
13.260652130426084,1
20.976195239047808,1
28.173634726945387,1
36.65933186637327,1
16.34126825365073,1
48.21164232846569,1
15.44508901780356,1
28.929785957191438,1
31.99639927985597,1
27.29145829165833,1
42.09241848369674,1
32.458491698339664,1
17.2374474894979,1
18.805761152230446,1
34.48889777955591,1
29.391878375675134,1
27.165433086617323,1
21.424284856971394,1
23.18863772754551,1
18.399679935987198,1
31.548309661932386,1
21.284256851370273,1
18.231646329265853,1
19.88397679535907,1
21.312262452490497,1
35.413082616523305,1
19.365873174634928,1
26.31126225245049,1
36.86937387477495,1
7.589517903580716,1
31.408281656331265,1
13.806761352270454,1
30.428085617123426,1
25.723144628925784,1
18.69373874774955,1
46.13922784556911,1
33.55071014202841,1
20.22004400880176,1
26.353270654130824,1
36.56131226245249,1
33.24264852970594,1
24.966993398679737,1
12.238447689537907,1
35.94518903780756,1
26.255251050210042,1
29.20984196839368,1
27.865573114622922,1
17.685537107421485,1
13.330666133226645,1
29.447889577915582,1
30.94618923784757,1
20.458091618323664,1
19.995999199839968,1
42.52650530106021,1
23.986797359471893,1
13.358671734346869,1
32.17843568713743,1
21.18623724744949,1
23.4126825365073,1
35.749149829965994,1
16.789357871574314,1
34.460892178435685,1
25.807161432286456,1
23.734746949389876,1
27.1374274854971,1
31.366273254650928,1
12.658531706341268,1
16.859371874374876,1
39.585917183436685,1
6.1612322464492895,1
28.621724344868973,1
20.76615323064613,1
44.780956191238246,1
29.22384476895379,1
29.29385877175435,1
20.1500300060012,1
19.897979595919182,1
21.18623724744949,1
18.399679935987198,1
15.053010602120423,1
11.748349669933987,1
19.295859171834365,1
12.854570914182837,1
28.159631926385277,1
19.04380876175235,1
27.1374274854971,1
37.12142428485697,1
20.500100020004002,1
34.796959391878374,1
26.633326665333065,1
31.63232646529306,1
36.12722544508902,1
7.939587917583516,1
28.10362072414483,1
21.130226045209042,1
42.778555711142225,1
30.078015603120623,1
22.46049209841968,1
20.332066413282657,1
19.477895579115824,1
15.081016203240647,1
12.420484096819363,1
23.594718943788756,1
30.008001600320064,1
30.876175235047008,1
33.18663732746549,1
18.20364072814563,1
26.12922584516903,1
38.633726745349065,1
18.707741548309663,1
23.706741348269652,1
22.51650330066013,1
35.83316663332666,1
35.83316663332666,1
24.02880576115223,1
21.634326865373072,1
21.410282056411283,1
17.699539907981595,1
8.093618723744749,1
11.594318863772754,1
12.60252050410082,1
15.193038607721544,1
39.375875175035006,1
27.78155631126225,1
38.66173234646929,1
22.236447289457892,1
41.37827565513103,1
21.60632126425285,1
22.194438887777554,1
23.006601320264053,1
13.078615723144628,1
28.20164032806561,1
24.560912182436486,1
35.98719743948789,1
22.22244448889778,1
12.336467293458691,1
26.297259451890376,1
27.97759551910382,1
39.33386677335467,1
14.842968593718743,1
53.896779355871175,1
21.87237447489498,1
38.451690338067614,1
8.331666333266654,1
15.627125425085017,1
13.63872774554911,1
22.30646129225845,1
21.48029605921184,1
30.82016403280656,1
30.68013602720544,1
36.799359871974396,1
31.268253650730145,1
9.82996599319864,1
45.56511302260452,1
24.210842168433686,1
12.39247849569914,1
28.38367673534707,1
27.43148629725945,1
6.665333066613322,1
19.869973994798958,1
24.938987797559513,1
17.951590318063612,1
28.173634726945387,1
38.395679135827166,1
38.689737947589514,1
27.403480696139226,1
12.686537307461492,1
37.52750550110022,1
50.28405681136227,1
38.87177435487097,1
25.163032606521302,1
16.873374674934986,1
26.17123424684937,1
33.92878575715143,1
44.12282456491298,1
32.94858971794359,1
27.96359271854371,1
17.629525905181037,1
27.1374274854971,1
14.786957391478296,1
17.25145029005801,1
12.336467293458691,1
18.455691138227646,1
23.0626125225045,1
23.678735747149428,1
36.645329065813165,1
26.38127625525105,1
40.118023604720946,1
36.673334666933386,1
17.139427885577113,1
39.585917183436685,1
22.69853970794159,1
20.178035607121423,1
33.606721344268855,1
32.51450290058011,1
26.7873574714943,1
24.826965393078616,1
22.278455691138227,1
22.97859571914383,1
30.302060412082415,1
21.11622324464893,1
22.29245849169834,1
8.877775555111022,1
17.881576315263054,1
15.627125425085017,1
50.87217443488698,1
49.835967193438684,1
36.211242248449686,1
50.28405681136227,1
33.690738147629524,1
20.13602720544109,1
22.320464092818565,1
29.50390078015603,1
43.68873774754951,1
47.455491098219646,1
31.422284456891376,1
16.859371874374876,1
27.585517103420685,1
24.476895379075813,1
10.502100420084016,1
45.70514102820564,1
29.78395679135827,1
28.57971594318864,1
24.02880576115223,1
25.387077415483095,1
18.69373874774955,1
16.397279455891177,1
35.777155431086214,1
30.82016403280656,1
20.038007601520302,1
24.126825365073014,1
11.944388877775555,1
28.495699139827966,1
43.884776955391075,1
22.544508901780354,1
30.94618923784757,1
26.857371474294858,1
28.901780356071214,1
22.404480896179237,1
42.83456691338267,1
30.27405481096219,1
25.513102620524105,1
39.795959191838364,1
27.75355071014203,1
10.964192838567714,1
41.05621124224845,1
18.97379475895179,1
29.79795959191838,1
32.41648329665933,1
32.36047209441888,1
33.87277455491098,1
16.355271054210842,1
29.629925985197037,1
24.23884776955391,1
23.664732946589318,1
13.554710942188438,1
21.018203640728146,1
13.736747349469894,1
29.587917583516703,1
33.83076615323065,1
14.576915383076615,1
30.918183636727345,1
30.0500100020004,1
45.145029005801156,1
45.39707941588318,1
33.200640128025604,1
38.15763152630526,1
31.548309661932386,1
29.881976395279054,1
19.841968393678734,1
25.69513902780556,1
15.249049809961992,1
45.15903180636127,1
41.16823364672935,1
12.280456091218243,1
25.68113622724545,1
18.133626725345067,1
24.37887577515503,1
9.14382876575315,1
21.32626525305061,1
38.17163432686537,1
22.432486497299458,1
17.265453090618124,1
44.192838567713544,1
22.264452890578116,1
30.638127625525104,1
16.28525705141028,1
21.494298859771956,1
25.40108021604321,1
35.83316663332666,1
25.765153030606122,1
27.09541908381676,1
15.907181436287257,1
18.133626725345067,1
33.53670734146829,1
27.41748349669934,1
23.0626125225045,1
38.53570714142828,1
15.585117023404681,1
23.90278055611122,1
24.51890378075615,1
26.60532106421284,1
31.22624524904981,1
19.967993598719744,1
13.582716543308662,1
21.018203640728146,1
17.125425085017003,1
23.440688137627525,1
13.63872774554911,1
23.46869373874775,1
22.7125425085017,1
31.15623124624925,1
23.496699339867973,1
38.59171834366873,1
35.18903780756151,1
39.921984396879374,1
24.78495699139828,1
28.999799959991996,1
20.86417283456691,1
21.928385677135427,1
29.755951190238047,1
44.52890578115623,1
17.363472694538906,1
34.99299859971994,1
28.73374674934987,1
26.773354670934186,1
16.62132426485297,1
15.0250050010002,1
23.594718943788756,1
26.99739947989598,1
25.653130626125225,1
21.144228845769153,1
25.919183836767353,1
32.738547709541905,1
31.212242448489697,1
13.078615723144628,1
31.982396479295858,1
35.42708541708342,1
18.917783556711342,1
26.74534906981396,1
21.73234646929386,1
30.54010802160432,1
21.284256851370273,1
33.3126625325065,1
35.76315263052611,1
41.798359671934385,1
27.76755351070214,1
16.971394278855772,1
28.11762352470494,1
33.13062612522504,1
45.817163432686534,1
26.3252650530106,1
39.87997599519904,1
22.180436087217444,1
20.178035607121423,1
22.488497699539906,1
7.54750950190038,1
20.962192438487698,1
39.52990598119624,1
20.066013202640526,1
22.29245849169834,1
34.26485297059412,1
22.096419283856772,1
49.16383276655331,1
36.60332066413282,1
32.164432886577316,1
38.05961192238448,1
26.80136027205441,1
25.135027005401078,1
37.05141028205641,1
42.596519303860774,1
18.02160432086417,1
34.96499299859972,1
15.64112822564513,1
34.06881376275255,1
31.1002200440088,1
20.72414482896579,1
34.96499299859972,1
30.246049209841967,1
15.067013402680535,1
27.403480696139226,1
10.838167633526705,1
50.578115623124624,1
16.817363472694538,1
38.64772954590918,1
36.239247849569914,1
15.249049809961992,1
16.69133826765353,1
30.988197639527904,1
46.90938187637527,1
20.836167233446687,1
28.341668333666732,1
18.69373874774955,1
38.115623124624925,1
30.064012802560512,1
40.202040408081615,1
22.628525705141026,1
28.173634726945387,1
21.802360472094417,1
17.083416683336665,1
30.54010802160432,1
20.458091618323664,1
17.405481096219244,1
41.54630926185237,1
34.85297059411882,1
20.08001600320064,1
30.652130426085215,1
21.704340868173635,1
26.563312662532507,1
8.737747549509901,1
21.774354870974193,1
20.934186837367474,1
44.08081616323265,1
32.31846369273855,1
22.810562112422485,1
28.5377075415083,1
26.409281856371273,1
25.191038207641526,1
38.49369873974795,1
17.279455891178234,1
15.767153430686136,1
15.963192638527705,1
24.140828165633128,1
24.812962592518502,1
16.663332666533307,1
25.373074614922984,1
48.21164232846569,1
25.737147429485898,1
36.96739347869574,1
17.013402680536107,1
28.565713142628525,1
15.711142228445688,1
58.90978195639128,1
12.448489697939587,1
32.164432886577316,1
26.50730146029206,1
10.964192838567714,1
55.54910982196439,1
11.42628525705141,1
19.547909581916382,1
9.619923984796959,1
25.793158631726346,1
32.43048609721944,1
21.900380076015203,1
20.976195239047808,1
37.68153630726145,1
36.35127025405081,1
10.264052810562113,1
21.5503100620124,1
29.16783356671334,1
22.810562112422485,1
25.429085817163433,1
10.754150830166033,1
29.909981996399278,1
25.443088617723543,1
31.898379675935185,1
35.60912182436487,1
39.17983596719344,1
16.047209441888377,1
23.80476095219044,1
24.322864572914582,1
31.408281656331265,1
27.599519903980795,1
30.12002400480096,1
17.11142228445689,1
5.61512302460492,1
8.779755951190237,1
33.662732546509304,1
16.775355071014204,1
19.16983396679336,1
32.990598119623925,1
23.104620924184836,1
34.65693138627726,1
17.265453090618124,1
32.19243848769754,1
10.026005201040208,1
21.592318463692738,1
16.56531306261252,1
27.515503100620123,1
31.254250850170035,1
28.285657131426284,1
17.65753150630126,1
28.635727145429087,1
30.106021204240847,1
31.058211642328466,1
12.280456091218243,1
18.105621124224843,1
69.01980396079216,1
35.11902380476095,1
19.95399079815963,1
41.518303660732144,1
28.131626325265053,1
28.25765153030606,1
28.04760952190438,1
24.644928985797158,1
9.255851170234047,1
21.38227645529106,1
22.65653130626125,1
37.48549709941988,1
19.64592918583717,1
18.2876575315063,1
35.55311062212442,1
26.11522304460892,1
25.023004600920185,1
59.385877175435084,1
16.453290658131625,1
36.8133626725345,1
25.653130626125225,1
15.767153430686136,1
9.045809161832366,1
30.358071614322863,1
35.38507701540308,1
19.015803160632125,1
27.683536707341467,1
46.867373474694936,1
19.141828365673135,1
28.075615123024605,1
31.268253650730145,1
24.322864572914582,1
27.97759551910382,1
18.35767153430686,1
21.508301660332066,1
22.040408081616324,1
32.05241048209642,1
17.5875175035007,1
35.875175035007,1
31.002200440088018,1
29.097819563912783,1
36.8133626725345,1
33.354670934186835,1
36.1132226445289,1
31.15623124624925,1
29.741948389677933,1
42.540508101620325,1
28.565713142628525,1
14.156831366273254,1
16.635327065413083,1
15.123024604920984,1
39.15183036607321,1
29.881976395279054,1
41.924384876975395,1
10.124024804960992,1
31.604320864172834,1
10.138027605521104,1
43.82876575315063,1
18.427685537107422,1
34.57291458291658,1
38.115623124624925,1
13.98879775955191,1
17.51750350070014,1
12.12642528505701,1
27.01140228045609,1
39.31986397279456,1
34.180836167233444,1
8.877775555111022,1
19.64592918583717,1
23.664732946589318,1
11.42628525705141,1
25.55511102220444,1
29.447889577915582,1
20.696139227845567,1
34.586917383476695,1
24.86897379475895,1
40.846169233846766,1
31.254250850170035,1
31.14222844568914,1
30.76415283056611,1
29.71394278855771,1
36.42128425685137,1
32.43048609721944,1
45.3130626125225,1
23.566713342668532,1
29.55991198239648,1
18.399679935987198,1
40.10402080416083,1
34.39087817563512,1
38.18563712742549,1
22.264452890578116,1
42.02240448089618,1
28.38367673534707,1
30.26005201040208,1
12.53250650130026,1
7.89757951590318,1
30.66613322664533,1
24.37887577515503,1
6.02120424084817,1
30.218043608721743,1
41.50430086017203,1
27.08141628325665,1
38.99779955991198,1
13.120624124824964,1
35.819163832766556,1
10.908181636327265,1
25.457091418283657,1
18.049609921984395,1
27.403480696139226,1
24.980996199239847,1
25.35907181436287,1
15.431086217243449,1
14.26885377075415,1
8.709741948389677,1
25.05101020204041,1
22.096419283856772,1
37.23344668933787,1
22.51650330066013,1
33.70474094818964,1
39.067813562712544,1
33.71874374874975,1
23.832766553310663,1
39.75395079015803,1
32.64052810562112,1
15.655131026205241,1
20.528105621124226,1
17.685537107421485,1
45.3130626125225,1
40.356071214242846,1
31.352270454090817,1
37.3874774954991,1
24.546909381876375,1
33.78875775155031,1
9.521904380876174,1
8.317663532706542,1
25.121024204840968,1
22.600520104020802,1
40.1880376075215,1
42.02240448089618,1
25.69513902780556,1
38.07361472294459,1
34.22284456891378,1
24.840968193638727,1
33.326665333066614,1
22.64252850570114,1
20.8501700340068,1
20.052010402080416,1
34.06881376275255,1
9.283856771354271,1
38.80176035207041,1
36.01520304060812,1
30.932186437287456,1
14.464892978595719,1
15.557111422284457,1
18.77775555111022,1
27.319463892778554,1
26.04520904180836,1
19.75795159031806,1
39.78195639127826,1
16.27125425085017,1
17.825565113022606,1
27.96359271854371,1
30.106021204240847,1
24.364872974594917,1
20.86417283456691,1
25.093018603720743,1
28.999799959991996,1
8.121624324864973,1
24.014802960592117,1
26.717343468693738,1
27.109421884376875,1
25.023004600920185,1
17.72754550910182,1
24.560912182436486,1
28.901780356071214,1
21.004200840168032,1
33.52270454090818,1
26.913382676535306,1
20.822164432886577,1
9.745949189837967,1
34.3628725745149,1
5.9231846369273855,1
23.524704940988197,1
27.179435887177434,1
36.1132226445289,1
32.654530906181236,1
28.971794358871772,1
22.51650330066013,1
25.34506901380276,1
30.26005201040208,1
19.58991798359672,1
19.93998799759952,1
20.668133626725343,1
12.336467293458691,1
22.320464092818565,1
21.942388477695538,1
15.907181436287257,1
22.600520104020802,1
18.14762952590518,1
33.95679135827165,1
21.102220444088818,1
28.229645929185835,1
35.18903780756151,1
36.00120024004801,1
28.621724344868973,1
15.417083416683337,1
44.59891978395679,1
17.755551110222044,1
15.193038607721544,1
18.385677135427084,1
24.71494298859772,1
28.635727145429087,1
27.179435887177434,1
21.004200840168032,1
31.338267653530707,1
19.785957191438285,1
26.577315463092617,1
24.51890378075615,1
42.904580916183235,1
22.34846969393879,1
19.295859171834365,1
11.034206841368274,1
22.964592918583715,1
19.30986197239448,1
9.549909981996398,1
34.83896779355871,1
27.78155631126225,1
28.299659931986398,1
24.504900980196037,1
21.04620924184837,1
42.106421284256854,1
12.140428085617122,1
28.845769153830766,1
14.590918183636727,1
25.331066213242647,1
24.966993398679737,1
16.8873774754951,1
28.803760752150428,1
39.9499899979996,1
18.84776955391078,1
19.11382276455291,1
11.958391678335667,1
26.80136027205441,1
25.569113822764553,1
14.352870574114823,1
29.181836367273455,1
29.377875575115024,1
26.227245449089818,1
23.720744148829766,1
19.04380876175235,1
31.254250850170035,1
9.437887577515502,1
19.911982396479296,1
23.538707741548308,1
40.7621524304861,1
30.26005201040208,1
28.73374674934987,1
26.717343468693738,1
24.056811362272455,1
21.802360472094417,1
30.41408281656331,1
37.68153630726145,1
38.50770154030806,1
30.90418083616723,1
10.096019203840768,1
25.919183836767353,1
8.779755951190237,1
25.709141828365674,1
38.199639927985594,1
44.89297859571914,1
25.14902980596119,1
21.634326865373072,1
36.19723944788958,1
28.915783156631324,1
24.43488697739548,1
16.201240248049608,1
24.30886177235447,1
28.57971594318864,1
30.76415283056611,1
28.621724344868973,1
46.923384676935385,1
11.720344068813763,1
19.015803160632125,1
24.966993398679737,1
31.99639927985597,1
26.073214642928583,1
39.4878975795159,1
18.805761152230446,1
14.450890178035607,1
26.633326665333065,1
26.059211842368473,1
22.572514502900578,1
40.51010202040408,1
31.9123824764953,1
17.19543908781756,1
8.44368873774755,1
39.44588917783557,1
21.424284856971394,1
32.864572914582915,1
24.798959791958392,1
24.71494298859772,1
23.916783356671335,1
41.924384876975395,1
32.89257851570314,1
29.3498699739948,1
11.678335667133426,1
20.612122424484895,1
21.074214842968594,1
34.68493698739748,1
25.331066213242647,1
42.47049409881976,1
15.753150630126024,1
25.905181036207242,1
24.476895379075813,1
11.286257251450289,1
9.745949189837967,1
23.034606921384277,1
25.48509701940388,1
24.196839367873572,1
17.79755951190238,1
17.53150630126025,1
29.55991198239648,1
23.846769353870773,1
30.33006601320264,1
23.244648929785956,1
18.119623924784957,1
17.615523104620923,1
31.058211642328466,1
17.81156231246249,1
38.199639927985594,1
43.50670134026805,1
22.054410882176434,1
27.991598319663932,1
14.366873374674935,1
24.504900980196037,1
27.76755351070214,1
34.19483896779356,1
24.266853370674134,1
25.63912782556511,1
18.231646329265853,1
31.800360072014403,1
22.69853970794159,1
15.179035807161432,1
17.04140828165633,1
29.531906381276254,1
27.739547909581916,1
27.851570314062812,1
28.411682336467294,1
40.28605721144229,1
32.75255051010202,1
7.309461892378476,1
50.2000400080016,1
21.130226045209042,1
14.968993798759751,1
31.800360072014403,1
39.93598719743949,1
24.266853370674134,1
24.322864572914582,1
18.735747149429887,1
6.7073414682936585,1
13.596719343868774,1
36.1132226445289,1
24.23884776955391,1
13.09261852370474,1
27.09541908381676,1
21.074214842968594,1
30.568113622724542,1
18.133626725345067,1
27.039407881576313,1
33.480696139227845,1
30.736147229445887,1
28.1876375275055,1
24.938987797559513,1
42.30246049209842,1
12.04240848169634,1
24.336867373474693,1
24.952990598119623,1
28.10362072414483,1
18.595719143828767,1
17.72754550910182,1
28.509701940388076,1
18.84776955391078,1
27.585517103420685,1
19.435887177435486,1
14.660932186437288,1
26.815363072614524,1
48.6877375475095,1
31.688337667533506,1
21.704340868173635,1
28.06161232246449,1
13.260652130426084,1
36.855371074214844,1
22.3624724944989,1
24.44888977795559,1
13.176635327065412,1
10.572114422884576,1
34.19483896779356,1
17.027405481096217,1
20.024004800960192,1
18.14762952590518,1
25.737147429485898,1
37.989597919583915,1
23.594718943788756,1
38.71774354870974,1
34.19483896779356,1
39.739947989597916,1
28.425685137027404,1
36.799359871974396,1
39.51590318063612,1
12.084416883376676,1
33.78875775155031,1
18.16163232646529,1
24.000800160032007,1
18.749749949989997,1
37.52750550110022,1
7.883576715343068,1
14.60492098419684,1
10.698139627925585,1
24.5749149829966,1
27.96359271854371,1
25.68113622724545,1
22.740548109621923,1
40.14602920584117,1
38.03160632126425,1
21.102220444088818,1
15.93518703740748,1
24.224844968993796,1
8.765753150630125,1
29.447889577915582,1
22.054410882176434,1
16.06121224244849,1
12.882576515303061,1
23.80476095219044,1
22.97859571914383,1
36.29525905181036,1
35.76315263052611,1
30.848169633926783,1
23.440688137627525,1
25.933186637327466,1
31.898379675935185,1
34.99299859971994,1
23.11862372474495,1
31.702340468093617,1
23.74874974994999,1
31.002200440088018,1
42.442488497699536,1
10.67013402680536,1
30.064012802560512,1
21.634326865373072,1
21.214242848569715,1
15.669133826765353,1
36.42128425685137,1
26.74534906981396,1
30.708141628325663,1
19.071814362872573,1
21.25625125025005,1
21.87237447489498,1
28.355671134226846,1
20.332066413282657,1
35.59511902380476,1
20.514102820564112,1
24.78495699139828,1
19.4498899779956,1
32.27645529105821,1
24.756951390278054,1
21.074214842968594,1
26.3252650530106,1
37.56951390278056,1
21.48029605921184,1
36.43528705741148,1
19.295859171834365,1
19.155831166233245,1
24.700940188037606,1
25.611122224444888,1
15.879175835167032,1
27.949589917983594,1
35.21704340868173,1
23.720744148829766,1
12.014402880576116,1
39.585917183436685,1
30.31606321264253,1
16.46729345869174,1
37.91958391678335,1
34.37687537507502,1
9.129825965193039,1
29.265853170634127,1
22.79655931186237,1
30.918183636727345,1
19.897979595919182,1
20.55611122224445,1
16.103220644128825,1
20.528105621124226,1
15.151030206041208,1
16.94338867773555,1
20.01000200040008,1
19.435887177435486,1
15.753150630126024,1
18.735747149429887,1
19.715943188637727,1
18.83376675335067,1
40.42608521704341,1
11.118223644728946,1
33.34066813362672,1
19.099819963992797,1
27.375475095019002,1
16.06121224244849,1
43.394678935787155,1
36.99539907981596,1
30.45609121824365,1
21.18623724744949,1
21.158231646329266,1
34.124824964992996,1
18.665733146629325,1
36.25325065013003,1
31.478295659131824,1
9.843968793758751,1
26.74534906981396,1
30.62412482496499,1
27.683536707341467,1
34.62892578515703,1
17.223444688937786,1
46.65733146629326,1
27.249449889977996,1
25.9751950390078,1
39.837967593518705,1
34.62892578515703,1
32.584516903380674,1
28.621724344868973,1
21.858371674334865,1
17.265453090618124,1
30.45609121824365,1
23.090618123624726,1
25.457091418283657,1
48.11362272454491,1
26.52130426085217,1
12.504500900180036,1
29.629925985197037,1
12.952590518103621,1
18.749749949989997,1
13.652730546109222,1
33.17263452690538,1
41.54630926185237,1
24.65893178635727,1
41.21024204840968,1
36.6873374674935,1
27.823564712942588,1
27.669533906781357,1
18.959791958391676,1
31.422284456891376,1
23.230646129225846,1
33.8867773554711,1
25.21904380876175,1
25.569113822764553,1
29.685937187437485,1
18.34366873374675,1
19.981996399279854,1
28.313662732546508,1
16.873374674934986,1
11.42628525705141,1
21.018203640728146,1
52.09041808361672,1
40.846169233846766,1
26.04520904180836,1
47.59551910382076,1
40.95819163832766,1
47.847569513902776,1
15.697139427885576,1
23.846769353870773,1
12.616523304660932,1
35.38507701540308,1
22.558511702340468,1
39.96399279855971,1
16.06121224244849,1
14.89897979595919,1
29.965993198639726,1
24.224844968993796,1
24.602920584116823,1
35.66513302660532,1
34.20884176835367,1
22.320464092818565,1
25.765153030606122,1
38.64772954590918,1
18.77775555111022,1
38.479695939187835,1
19.057811562312462,1
20.752150430086015,1
20.192038407681537,1
36.44928985797159,1
42.30246049209842,1
7.785557111422285,1
26.74534906981396,1
16.817363472694538,1
37.653530706141225,1
27.22144428885777,1
21.130226045209042,1
31.674334866973393,1
9.325865173034607,1
31.92638527705541,1
24.78495699139828,1
15.781156231246248,1
29.335867173434686,1
47.077415483096615,1
40.70614122824565,1
32.7245449089818,1
11.524304860972194,1
25.023004600920185,1
28.509701940388076,1
38.941788357671534,1
21.312262452490497,1
27.501500300060012,1
12.658531706341268,1
39.64192838567713,1
35.94518903780756,1
21.60632126425285,1
41.01420284056811,1
17.5875175035007,1
29.685937187437485,1
25.89117823564713,1
22.20844168833767,1
29.237847569513903,1
36.211242248449686,1
13.1626325265053,1
33.21464292858572,1
31.548309661932386,1
23.11862372474495,1
20.402080416083216,1
21.354270854170835,1
30.13402680536107,1
22.124424884976996,1
18.371674334866974,1
36.04320864172834,1
30.232046409281857,1
34.06881376275255,1
22.194438887777554,1
18.53970794158832,1
15.809161832366472,1
20.598119623924784,1
20.192038407681537,1
40.95819163832766,1
7.253450690138028,1
12.252450490098019,1
32.8505701140228,1
20.29005801160232,1
13.400680136027205,1
29.055811162232445,1
20.09401880376075,1
12.518503700740148,1
33.64872974594919,1
29.573914782956592,1
23.230646129225846,1
42.61052210442088,1
37.76555311062212,1
13.680736147229446,1
24.336867373474693,1
28.929785957191438,1
16.13122624524905,1
16.089217843568715,1
42.008401680336064,1
30.19003800760152,1
14.646929385877176,1
25.191038207641526,1
13.106621324264852,1
34.642928585717144,1
4.8729745949189835,1
28.25765153030606,1
35.38507701540308,1
22.29245849169834,1
13.862772554510903,1
34.334866973394675,1
18.81976395279056,1
30.442088417683536,1
21.60632126425285,1
22.64252850570114,1
18.427685537107422,1
24.000800160032007,1
27.23544708941788,1
27.809561912382474,1
12.60252050410082,1
22.64252850570114,1
13.274654930986197,1
24.826965393078616,1
27.669533906781357,1
29.881976395279054,1
24.51890378075615,1
35.203040608121626,1
29.30786157231446,1
35.00700140028005,1
27.935587117423484,1
29.16783356671334,1
17.895579115823164,1
29.615923184636927,1
8.163632726545309,1
16.803360672134428,1
36.91138227645529,1
23.370674134826963,1
23.0626125225045,1
16.76135227045409,1
47.65153030606121,1
28.999799959991996,1
11.930386077215443,1
16.69133826765353,1
41.8123624724945,1
22.29245849169834,1
27.23544708941788,1
24.966993398679737,1
28.66373274654931,1
22.64252850570114,1
39.90798159631926,1
33.10262052410482,1
43.702740548109624,1
15.221044208841768,1
33.92878575715143,1
28.57971594318864,1
20.29005801160232,1
21.60632126425285,1
26.885377075415082,1
35.875175035007,1
31.310262052410483,1
41.308261652330465,1
19.239847969593917,1
10.236047209441889,1
32.36047209441888,1
31.828365673134627,1
29.139827965593117,1
14.310862172434486,1
22.79655931186237,1
20.64012802560512,1
30.13402680536107,1
32.990598119623925,1
17.895579115823164,1
33.326665333066614,1
22.15243048609722,1
18.00760152030406,1
17.881576315263054,1
9.871974394878976,1
25.779155831166232,1
13.904780956191237,1
33.942788557711545,1
34.670934186837364,1
30.078015603120623,1
25.989197839567915,1
26.94138827765553,1
10.04000800160032,1
17.9375875175035,1
28.719743948789755,1
25.611122224444888,1
16.34126825365073,1
23.916783356671335,1
7.96759351870374,1
21.648329665933186,1
13.554710942188438,1
22.138427685537106,1
23.916783356671335,1
18.97379475895179,1
36.07121424284857,1
23.020604120824164,1
16.257251450290056,1
31.4502900580116,1
30.31606321264253,1
28.425685137027404,1
46.05521104220844,1
37.54150830166033,1
22.99259851970394,1
13.624724944988998,1
15.361072214442888,1
25.653130626125225,1
13.834766953390679,1
19.477895579115824,1
38.605721144228845,1
57.81756351270254,1
25.69513902780556,1
23.594718943788756,1
18.84776955391078,1
45.761152230446086,1
29.237847569513903,1
7.7715543108621725,1
27.75355071014203,1
11.832366473294659,1
33.354670934186835,1
36.547309461892375,1
16.369273854770952,1
17.67153430686137,1
11.56631326265253,1
36.729345869173834,1
25.933186637327466,1
31.28225645129026,1
7.589517903580716,1
9.381876375275056,1
37.625525105021005,1
52.14642928585717,1
18.07761552310462,1
13.750750150030006,1
23.370674134826963,1
34.29285857171434,1
26.46529305861172,1
41.924384876975395,1
16.047209441888377,1
5.293058611722344,1
26.829365873174634,1
35.0630126025205,1
26.549309861972393,1
22.740548109621923,1
14.576915383076615,1
13.02260452090418,1
25.177035407081416,1
11.734346869373875,1
27.935587117423484,1
16.60732146429286,1
19.12782556511302,1
17.53150630126025,1
13.540708141628325,1
31.744348869773955,1
19.81396279255851,1
23.006601320264053,1
38.80176035207041,1
26.003200640128025,1
30.554110822164432,1
19.729945989197837,1
33.71874374874975,1
29.36387277455491,1
39.89397879575915,1
34.432886577315465,1
31.114222844568914,1
13.960792158431685,1
24.070814162832566,1
32.41648329665933,1
25.443088617723543,1
34.11082216443288,1
10.404080816163232,1
21.74634926985397,1
24.53290658131626,1
33.508701740348066,1
12.60252050410082,1
30.89017803560712,1
39.5999199839968,1
24.09881976395279,1
10.964192838567714,1
30.708141628325663,1
42.568513702740546,1
24.99499899979996,1
28.859771954390876,1
32.836567313462695,1
36.56131226245249,1
34.65693138627726,1
13.666733346669334,1
25.89117823564713,1
15.585117023404681,1
18.21764352870574,1
12.924584916983397,1
25.54110822164433,1
25.737147429485898,1
24.16883376675335,1
16.103220644128825,1
17.923584716943388,1
18.14762952590518,1
36.40728145629126,1
28.439687937587518,1
18.329665933186636,1
20.682136427285457,1
20.808161632326463,1
10.586117223444688,1
43.394678935787155,1
17.125425085017003,1
22.404480896179237,1
10.950190038007602,1
32.164432886577316,1
18.69373874774955,1
47.70754150830166,1
15.361072214442888,1
23.986797359471893,1
24.9249849969994,1
44.66893378675735,1
26.17123424684937,1
40.23004600920184,1
34.53090618123625,1
26.871374274854972,1
42.414482896579315,1
14.156831366273254,1
31.842368473694737,1
15.977195439087817,1
40.93018603720744,1
27.893578715743146,1
50.326065213042604,1
27.62752550510102,1
28.32766553310662,1
18.091618323664733,1
30.064012802560512,1
23.94478895779156,1
17.71354270854171,1
29.461892378475696,1
39.64192838567713,1
22.096419283856772,1
33.08861772354471,1
22.684536907381474,1
14.380876175235047,1
10.824164832966593,1
19.911982396479296,1
36.71534306861372,1
30.344068813762753,1
21.2002400480096,1
29.181836367273455,1
36.883376675335064,1
31.99639927985597,1
32.23444688937788,1
8.653730746149229,1
38.57771554310862,1
28.481696339267852,1
15.30506101220244,1
43.604720944188834,1
16.313262652530504,1
30.12002400480096,1
35.32906581316263,1
23.34266853370674,1
24.280856171234245,1
26.983396679335865,1
39.501900380076016,1
21.95639127825565,1
25.82116423284657,1
31.24024804960992,1
19.16983396679336,1
23.776755351070214,1
24.16883376675335,1
39.66993398679736,1
32.17843568713743,1
13.610722144428886,1
32.738547709541905,1
40.09001800360072,1
27.01140228045609,1
34.65693138627726,1
35.94518903780756,1
22.908581716343267,1
33.144628925785156,1
21.928385677135427,1
38.46569313862773,1
29.867973594718944,1
47.02140428085617,1
13.890778155631125,1
29.29385877175435,1
25.849169833966794,1
23.832766553310663,1
43.71674334866973,1
16.929385877175434,1
28.74774954990998,1
12.714542908581716,1
27.27745549109822,1
13.204640928185636,1
22.628525705141026,1
30.358071614322863,1
32.8505701140228,1
24.056811362272455,1
30.750150030006,1
18.20364072814563,1
26.003200640128025,1
23.020604120824164,1
25.919183836767353,1
31.898379675935185,1
31.548309661932386,1
28.94378875775155,1
23.90278055611122,1
14.324864972994598,1
22.46049209841968,1
11.328265653130625,1
31.968393678735747,1
15.123024604920984,1
17.881576315263054,1
23.314662932586515,1
26.50730146029206,1
26.18523704740948,1
11.692338467693538,1
21.494298859771956,1
21.284256851370273,1
25.373074614922984,1
15.487097419483897,1
32.066413282656534,1
25.107021404280854,1
19.561912382476496,1
32.30446089217843,1
20.808161632326463,1
30.428085617123426,1
22.726545309061812,1
25.69513902780556,1
31.408281656331265,1
32.248449689937985,1
30.246049209841967,1
21.284256851370273,1
22.85257051410282,1
8.541708341668333,1
29.08381676335267,1
37.2754550910182,1
21.032206441288256,1
27.585517103420685,1
21.48029605921184,1
16.593318663732745,1
24.58891778355671,1
26.577315463092617,1
17.167433486697337,1
25.05101020204041,1
17.167433486697337,1
18.315663132626526,1
21.452290458091618,1
12.518503700740148,1
38.241648329665935,1
21.354270854170835,1
35.105021004200836,1
19.099819963992797,1
29.22384476895379,1
20.752150430086015,1
41.49029805961192,1
27.109421884376875,1
30.834166833366673,1
22.44648929785957,1
34.124824964992996,1
30.12002400480096,1
15.529105821164233,1
27.57151430286057,1
19.533906781356272,1
19.65993198639728,1
46.54530906181236,1
9.577915583116622,1
22.02640528105621,1
29.48989797959592,1
34.60092018403681,1
31.114222844568914,1
34.06881376275255,1
33.08861772354471,1
39.03980796159232,1
15.655131026205241,1
15.16503300660132,1
7.141428285657131,1
31.030206041208242,1
18.119623924784957,1
7.925585117023404,1
16.019203840768153,1
22.040408081616324,1
21.494298859771956,1
26.843368673734748,1
30.89017803560712,1
25.373074614922984,1
22.096419283856772,1
37.33146629325865,1
32.43048609721944,1
13.470694138827765,1
30.078015603120623,1
36.799359871974396,1
24.462892578515703,1
28.481696339267852,1
25.933186637327466,1
40.16003200640128,1
23.930786157231445,1
34.39087817563512,1
14.590918183636727,1
18.441688337667532,1
23.160632126425284,1
26.703340668133627,1
25.863172634526904,1
28.089617923584715,1
15.375075015003,1
17.293458691738348,1
21.74634926985397,1
21.648329665933186,1
15.767153430686136,1
16.55131026205241,1
35.46909381876375,1
29.43388677735547,1
25.471094218843767,1
21.634326865373072,1
40.608121624324866,1
38.28365673134627,1
25.625125025005,1
14.40888177635527,1
25.68113622724545,1
27.683536707341467,1
19.39387877575515,1
22.44648929785957,1
17.9375875175035,1
28.467693538707742,1
25.69513902780556,1
30.4000800160032,1
28.215643128625725,1
37.33146629325865,1
19.715943188637727,1
23.55271054210842,1
36.239247849569914,1
12.616523304660932,1
28.089617923584715,1
41.05621124224845,1
18.581716343268653,1
36.43528705741148,1
29.447889577915582,1
24.29485897179436,1
16.69133826765353,1
19.16983396679336,1
21.83036607321464,1
24.44888977795559,1
18.525705141028205,1
40.38407681536307,1
29.237847569513903,1
10.516103220644128,1
23.62272454490898,1
16.439287857571514,1
25.233046609321864,1
21.270254050810163,1
40.37007401480296,1
41.42028405681136,1
13.862772554510903,1
35.14702940588118,1
38.53570714142828,1
25.54110822164433,1
27.97759551910382,1
8.513702740548108,1
19.30986197239448,1
26.101220244048807,1
42.31646329265853,1
29.587917583516703,1
27.403480696139226,1
28.67773554710942,1
12.084416883376676,1
27.69753950790158,1
22.16643328665733,1
26.11522304460892,1
27.067413482696537,1
26.18523704740948,1
18.329665933186636,1
12.826565313062613,1
21.354270854170835,1
39.431886377275454,1
23.48269653930786,1
17.601520304060813,1
32.41648329665933,1
12.966593318663733,1
12.826565313062613,1
26.59131826365273,1
41.26625325065013,1
22.726545309061812,1
43.086617323464694,1
32.36047209441888,1
30.442088417683536,1
25.625125025005,1
28.481696339267852,1
9.647929585917183,1
24.630926185237048,1
16.103220644128825,1
18.55371074214843,1
21.578315663132624,1
38.15763152630526,1
22.69853970794159,1
10.908181636327265,1
35.79115823164633,1
22.054410882176434,1
12.868573714742949,1
24.826965393078616,1
20.71014202840568,1
19.869973994798958,1
29.3498699739948,1
33.144628925785156,1
19.46389277855571,1
32.59851970394079,1
22.768553710742147,1
37.59751950390078,1
29.85397079415883,1
27.879575915183036,1
17.993598719743947,1
14.842968593718743,1
27.61352270454091,1
29.3498699739948,1
8.387677535507102,1
21.284256851370273,1
14.562912582516503,1
42.72254450890178,1
27.641528305661133,1
11.874374874974995,1
22.754550910182036,1
32.79455891178235,1
25.737147429485898,1
30.232046409281857,1
18.427685537107422,1
30.498099619923984,1
15.79515903180636,1
15.417083416683337,1
29.265853170634127,1
21.270254050810163,1
12.084416883376676,1
14.940988197639527,1
15.291058211642328,1
34.250850170034006,1
37.345469093818764,1
28.145629125825163,1
9.255851170234047,1
14.282856571314262,1
12.322464492898579,1
22.51650330066013,1
30.76415283056611,1
17.65753150630126,1
29.895979195839168,1
25.34506901380276,1
28.719743948789755,1
43.01660332066413,1
12.546509301860372,1
22.880576115223043,1
34.02680536107221,1
22.83856771354271,1
22.20844168833767,1
9.101820364072815,1
17.685537107421485,1
23.46869373874775,1
34.68493698739748,1
32.29045809161832,1
26.983396679335865,1
23.776755351070214,1
13.624724944988998,1
13.358671734346869,1
24.630926185237048,1
18.889777955591118,1
25.34506901380276,1
34.19483896779356,1
22.46049209841968,1
39.96399279855971,1
17.9375875175035,1
15.193038607721544,1
21.2002400480096,1
26.38127625525105,1
39.557911582316464,1
24.112822564512904,1
18.315663132626526,1
14.002800560112021,1
32.90658131626325,1
39.80996199239848,1
26.297259451890376,1
10.53010602120424,1
18.665733146629325,1
8.59771954390878,1
22.810562112422485,1
27.78155631126225,1
9.42388477695539,1
24.630926185237048,1
32.92058411682336,1
20.682136427285457,1
24.700940188037606,1
24.5749149829966,1
32.402480496099216,1
28.467693538707742,1
25.751150230046008,1
15.64112822564513,1
24.560912182436486,1
35.58111622324465,1
25.21904380876175,1
17.881576315263054,1
14.562912582516503,1
19.281856371274255,1
31.058211642328466,1
19.51990398079616,1
23.90278055611122,1
29.22384476895379,1
19.491898379675934,1
32.64052810562112,1
26.003200640128025,1
32.47249449889978,1
34.124824964992996,1
19.02980596119224,1
17.321464292858572,1
22.34846969393879,1
22.096419283856772,1
8.849769953990798,1
39.865973194638926,1
34.75495099019804,1
40.93018603720744,1
28.635727145429087,1
18.917783556711342,1
27.41748349669934,1
22.78255651130226,1
12.252450490098019,1
20.76615323064613,1
20.62612522504501,1
28.131626325265053,1
17.685537107421485,1
18.721744348869773,1
27.445489097819564,1
47.945589117823566,1
24.490898179635927,1
15.977195439087817,1
27.991598319663932,1
29.3498699739948,1
27.879575915183036,1
51.33426685337067,1
36.78535707141428,1
22.7125425085017,1
14.072814562912582,1
16.187237447489498,1
11.692338467693538,1
25.331066213242647,1
28.033606721344267,1
26.18523704740948,1
31.422284456891376,1
21.032206441288256,1
32.55651130226045,1
31.534306861372272,1
21.718343668733745,1
12.448489697939587,1
17.9375875175035,1
36.827365473094616,1
34.34886977395479,1
17.825565113022606,1
18.525705141028205,1
35.203040608121626,1
19.155831166233245,1
27.067413482696537,1
26.3252650530106,1
19.12782556511302,1
32.066413282656534,1
20.122024404880975,1
32.36047209441888,1
23.104620924184836,1
30.68013602720544,1
32.500500100020005,1
14.842968593718743,1
6.287257451490298,1
37.02340468093619,1
28.369673934786956,1
32.164432886577316,1
15.193038607721544,1
28.649729945989197,1
12.826565313062613,1
21.704340868173635,1
44.33286657331466,1
15.249049809961992,1
24.154830966193238,1
21.298259651930387,1
22.572514502900578,1
38.18563712742549,1
20.43008601720344,1
46.95139027805561,1
20.388077615523105,1
54.82096419283857,1
26.815363072614524,1
23.930786157231445,1
24.462892578515703,1
23.88877775555111,1
30.27405481096219,1
21.60632126425285,1
32.654530906181236,1
39.51590318063612,1
13.050610122024404,1
39.76795359071814,1
28.901780356071214,1
42.5125025005001,1
10.152030406081217,1
35.693138627725546,1
31.28225645129026,1
14.296859371874374,1
35.59511902380476,1
29.419883976795358,1
33.71874374874975,1
47.51150230046009,1
25.89117823564713,1
35.86117223444689,1
25.89117823564713,1
19.981996399279854,1
9.745949189837967,1
27.97759551910382,1
13.274654930986197,1
31.22624524904981,1
26.46529305861172,1
24.39287857571514,1
14.436887377475495,1
22.236447289457892,1
33.70474094818964,1
19.04380876175235,1
15.655131026205241,1
30.33006601320264,1
30.554110822164432,1
15.879175835167032,1
28.313662732546508,1
30.246049209841967,1
8.639727945589117,1
26.829365873174634,1
15.557111422284457,1
20.388077615523105,1
26.03120624124825,1
34.32086417283457,1
20.36007201440288,1
28.005601120224043,1
15.837167433486696,1
28.131626325265053,1
11.42628525705141,1
27.207441488297658,1
19.4498899779956,1
18.20364072814563,1
35.21704340868173,1
41.98039607921584,1
10.46009201840368,1
23.18863772754551,1
32.64052810562112,1
16.94338867773555,1
31.618323664732944,1
32.36047209441888,1
21.942388477695538,1
15.781156231246248,1
21.46629325865173,1
17.37747549509902,1
31.77235447089418,1
15.543108621724345,1
24.014802960592117,1
20.542108421684336,1
31.940388077615523,1
36.84136827365473,1
37.59751950390078,1
22.474494898979795,1
29.08381676335267,1
15.711142228445688,1
24.16883376675335,1
36.883376675335064,1
33.64872974594919,1
26.18523704740948,1
22.558511702340468,1
20.64012802560512,1
24.938987797559513,1
41.8123624724945,1
23.930786157231445,1
36.855371074214844,1
32.68253650730146,1
25.35907181436287,1
31.15623124624925,1
24.140828165633128,1
22.250450090018003,1
41.1122224444889,1
30.45609121824365,1
23.370674134826963,1
31.030206041208242,1
33.8867773554711,1
21.704340868173635,1
12.966593318663733,1
32.34646929385877,1
31.15623124624925,1
26.675335067013403,1
11.860372074414883,1
30.204040808161633,1
27.75355071014203,1
37.219443888777754,1
27.459491898379675,1
20.108021604320864,1
33.36867373474695,1
29.01380276055211,1
46.587317463492695,1
23.636727345469094,1
13.904780956191237,1
34.97899579915983,1
39.36187237447489,1
37.835567113422684,1
23.860772154430887,1
21.53630726145229,1
21.802360472094417,1
25.597119423884777,1
14.422884576915383,1
11.944388877775555,1
18.665733146629325,1
34.29285857171434,1
29.615923184636927,1
26.703340668133627,1
44.55691138227645,1
20.22004400880176,1
29.755951190238047,1
8.30366073214643,1
12.434486897379475,1
26.927385477095417,1
10.824164832966593,1
31.1002200440088,1
8.023604720944189,1
19.25385077015403,1
20.962192438487698,1
16.229245849169832,1
30.554110822164432,1
40.87417483496699,1
26.45129025805161,1
36.47729545909182,1
27.109421884376875,1
19.533906781356272,1
36.95339067813563,1
18.6377275455091,1
24.126825365073014,1
46.405281056211244,1
26.829365873174634,1
17.783556711342268,1
21.39627925585117,1
17.79755951190238,1
24.602920584116823,1
24.896979395879175,1
42.06441288257651,1
25.919183836767353,1
38.199639927985594,1
18.651730346069215,1
31.268253650730145,1
32.066413282656534,1
20.78015603120624,1
13.260652130426084,1
16.369273854770952,1
24.99499899979996,1
21.942388477695538,1
36.12722544508902,1
18.525705141028205,1
31.310262052410483,1
28.467693538707742,1
32.584516903380674,1
45.607121424284855,1
23.006601320264053,1
9.157831566313263,1
14.310862172434486,1
11.650330066013202,1
15.09501900380076,1
22.432486497299458,1
21.774354870974193,1
31.85637127425485,1
29.06981396279256,1
25.82116423284657,1
32.6125225045009,1
29.29385877175435,1
17.475495099019803,1
21.718343668733745,1
17.503500700140027,1
52.69253850770154,1
14.33886777355471,1
21.284256851370273,1
23.930786157231445,1
19.071814362872573,1
32.30446089217843,1
33.45269053810762,1
34.4748949789958,1
32.44448889777956,1
30.62412482496499,1
41.588317663532706,1
20.682136427285457,1
15.207041408281656,1
20.388077615523105,1
30.27405481096219,1
28.229645929185835,1
33.4246849369874,1
35.259051810362074,1
19.26785357071414,1
32.7245449089818,1
33.85877175435087,1
32.20644128825765,1
17.335467093418682,1
36.63132626525305,1
17.881576315263054,1
47.5255051010202,1
31.520304060812162,1
33.64872974594919,1
37.2754550910182,1
28.845769153830766,1
34.27885577115423,1
39.305861172234444,1
8.415683136627326,1
43.75875175035007,1
22.34846969393879,1
9.577915583116622,1
43.71674334866973,1
45.39707941588318,1
27.361472294458892,1
19.81396279255851,1
21.48029605921184,1
23.62272454490898,1
30.13402680536107,1
29.573914782956592,1
19.30986197239448,1
21.704340868173635,1
19.26785357071414,1
19.30986197239448,1
27.29145829165833,1
36.00120024004801,1
27.039407881576313,1
29.79795959191838,1
24.070814162832566,1
42.52650530106021,1
30.358071614322863,1
19.925985197039406,1
25.261052210442088,1
31.63232646529306,1
28.369673934786956,1
21.564312862572514,1
24.25285057011402,1
22.110422084416882,1
26.269253850770152,1
29.377875575115024,1
23.46869373874775,1
31.534306861372272,1
19.085817163432687,1
39.12382476495299,1
32.402480496099216,1
45.46709341868374,1
15.767153430686136,1
36.673334666933386,1
22.64252850570114,1
29.71394278855771,1
24.71494298859772,1
49.97599519903981,1
17.755551110222044,1
32.90658131626325,1
20.164032806561313,1
23.776755351070214,1
15.57111422284457,1
38.15763152630526,1
12.60252050410082,1
14.478895779155831,1
29.139827965593117,1
12.700540108021604,1
22.432486497299458,1
24.99499899979996,1
25.989197839567915,1
26.74534906981396,1
24.112822564512904,1
15.7251450290058,1
21.032206441288256,1
49.499899979995995,1
27.725545109021805,1
18.091618323664733,1
32.93458691738348,1
12.630526105221044,1
52.72054410882176,1
32.738547709541905,1
28.8877775555111,1
25.611122224444888,1
28.607721544308863,1
27.879575915183036,1
21.004200840168032,1
38.40968193638728,1
15.921184236847369,1
13.064612922584516,1
25.849169833966794,1
17.993598719743947,1
27.61352270454091,1
19.11382276455291,1
25.82116423284657,1
40.28605721144229,1
10.53010602120424,1
37.09341868373674,1
19.60392078415683,1
35.04900980196039,1
36.61732346469294,1
22.194438887777554,1
39.837967593518705,1
35.567113422684535,1
25.9751950390078,1
20.822164432886577,1
15.767153430686136,1
32.30446089217843,1
28.20164032806561,1
20.22004400880176,1
44.500900180036005,1
16.229245849169832,1
35.567113422684535,1
17.349469893978796,1
27.41748349669934,1
24.126825365073014,1
34.68493698739748,1
39.4878975795159,1
47.847569513902776,1
22.404480896179237,1
44.682936587317464,1
43.4506901380276,1
13.148629725945188,1
32.89257851570314,1
44.038807761552306,1
18.189637927585515,1
13.974794958991797,1
45.28505701140228,1
18.67973594718944,1
27.543508701740347,1
28.299659931986398,1
10.18003600720144,1
51.08221644328866,1
32.2624524904981,1
40.076015203040605,1
25.00900180036007,1
14.19883976795359,1
14.492898579715943,1
40.24404880976195,1
31.57631526305261,1
28.565713142628525,1
12.74254850970194,1
20.388077615523105,1
10.278055611122225,1
17.18143628725745,1
29.251850370074013,1
20.108021604320864,1
20.29005801160232,1
23.398679735947187,1
17.433486697339468,1
32.47249449889978,1
14.996999399879975,1
39.05381076215243,1
37.63952790558112,1
9.213842768553711,1
33.98479695939188,1
17.895579115823164,1
26.633326665333065,1
28.215643128625725,1
38.80176035207041,1
28.52370474094819,1
22.054410882176434,1
47.357471494298856,1
42.06441288257651,1
24.826965393078616,1
23.776755351070214,1
22.236447289457892,1
16.873374674934986,1
35.86117223444689,1
25.96119223844769,1
27.193438687737547,1
39.90798159631926,1
30.568113622724542,1
24.25285057011402,1
21.81636327265453,1
19.155831166233245,1
31.170234046809362,1
10.474094818963792,1
9.8999799959992,1
21.004200840168032,1
17.9375875175035,1
33.480696139227845,1
12.924584916983397,1
17.923584716943388,1
29.965993198639726,1
27.4874974994999,1
18.595719143828767,1
12.798559711942389,1
35.39907981596319,1
46.32126425285057,1
14.82896579315863,1
37.69553910782156,1
7.4914982996599315,1
25.14902980596119,1
23.090618123624726,1
27.683536707341467,1
14.394878975795159,1
13.49869973994799,1
14.394878975795159,1
19.46389277855571,1
31.408281656331265,1
29.545909181836368,1
28.957791558311662,1
27.529505901180237,1
35.567113422684535,1
15.039007801560311,1
26.59131826365273,1
14.74494898979796,1
30.12002400480096,1
39.1378275655131,1
39.1378275655131,1
31.618323664732944,1
35.161032206441284,1
40.0620124024805,1
31.1002200440088,1
8.611722344468893,1
13.386677335467093,1
14.800960192038406,1
19.25385077015403,1
16.06121224244849,1
20.1500300060012,1
35.88917783556711,1
41.644328865773154,1
5.741148229645929,1
13.134626925385076,1
12.980596119223845,1
38.759751950390076,1
33.59271854370874,1
26.073214642928583,1
40.34206841368273,1
21.158231646329266,1
20.262052410482095,1
19.30986197239448,1
16.313262652530504,1
23.454690938187635,1
38.10162032406481,1
19.12782556511302,1
14.926985397079415,1
25.471094218843767,1
27.039407881576313,1
7.4914982996599315,1
31.688337667533506,1
24.896979395879175,1
28.45369073814763,1
35.5251050210042,1
38.49369873974795,1
22.22244448889778,1
19.897979595919182,1
24.58891778355671,1
26.95539107821564,1
12.350470094018803,1
34.096819363872775,1
30.582116423284656,1
26.7873574714943,1
23.986797359471893,1
25.751150230046008,1
23.776755351070214,1
25.947189437887577,1
19.001800360072014,1
41.98039607921584,1
28.57971594318864,1
31.268253650730145,1
31.800360072014403,1
24.756951390278054,1
48.91178235647129,1
31.114222844568914,1
22.20844168833767,1
32.44448889777956,1
29.965993198639726,1
41.07021404280856,1
14.940988197639527,1
10.726145229045809,1
26.241248249649928,1
24.99499899979996,1
40.52410482096419,1
34.096819363872775,1
42.96059211842368,1
29.895979195839168,1
17.209441888377675,1
15.739147829565912,1
9.087817563512703,1
30.288057611522305,1
36.28125625125025,1
23.454690938187635,1
18.455691138227646,1
15.333066613322664,1
40.048009601920384,1
12.182436487297458,1
15.375075015003,1
41.16823364672935,1
12.560512102420484,1
28.901780356071214,1
31.072214442888576,1
18.14762952590518,1
44.48689737947589,1
27.851570314062812,1
38.92778555711142,1
16.06121224244849,1
17.433486697339468,1
34.922984596919385,1
23.846769353870773,1
28.45369073814763,1
28.705741148229645,1
11.482296459291858,1
30.76415283056611,1
15.515103020604121,1
25.163032606521302,1
32.54250850170034,1
35.94518903780756,1
42.5125025005001,1
32.51450290058011,1
29.48989797959592,1
17.363472694538906,1
28.52370474094819,1
32.94858971794359,1
38.71774354870974,1
40.95819163832766,1
30.27405481096219,1
24.39287857571514,1
19.575915183036606,1
34.432886577315465,1
33.116623324664936,1
33.55071014202841,1
23.300660132026405,1
20.500100020004002,1
14.170834166833366,1
10.53010602120424,1
10.754150830166033,1
30.82016403280656,1
30.792158431686335,1
18.83376675335067,1
10.068013602720544,1
14.618923784756952,1
7.54750950190038,1
32.05241048209642,1
24.02880576115223,1
36.855371074214844,1
26.255251050210042,1
24.756951390278054,1
37.91958391678335,1
17.223444688937786,1
38.67573514702941,1
19.099819963992797,1
25.527105421084215,1
43.366673334666935,1
31.14222844568914,1
38.59171834366873,1
34.78295659131826,1
22.040408081616324,1
25.863172634526904,1
30.708141628325663,1
12.504500900180036,1
22.908581716343267,1
7.505501100220044,1
32.164432886577316,1
25.107021404280854,1
38.85777155431086,1
24.798959791958392,1
32.29045809161832,1
38.49369873974795,1
20.948189637927584,1
21.97039407881576,1
33.52270454090818,1
24.616923384676934,1
13.652730546109222,1
22.110422084416882,1
28.075615123024605,1
36.183236647329466,1
29.65793158631726,1
36.365273054610924,1
27.69753950790158,1
25.68113622724545,1
21.620324064812962,1
30.4000800160032,1
22.250450090018003,1
18.889777955591118,1
27.319463892778554,1
25.82116423284657,1
34.460892178435685,1
35.287057411482294,1
25.079015803160633,1
28.831766353270652,1
15.64112822564513,1
23.566713342668532,1
31.87037407481496,1
42.498499699939984,1
11.35627125425085,1
37.05141028205641,1
14.352870574114823,1
22.250450090018003,1
27.263452690538106,1
16.90138027605521,1
30.568113622724542,1
28.38367673534707,1
29.951990398079616,1
16.971394278855772,1
19.505901180236048,1
45.90118023604721,1
21.844368873774755,1
27.935587117423484,1
19.701940388077617,1
12.560512102420484,1
21.284256851370273,1
38.01760352070414,1
46.587317463492695,1
19.81396279255851,1
15.081016203240647,1
19.155831166233245,1
33.64872974594919,1
20.86417283456691,1
26.913382676535306,1
32.69653930786157,1
46.307261452290454,1
15.011002200440087,1
32.05241048209642,1
25.107021404280854,1
20.22004400880176,1
23.94478895779156,1
43.576715343068614,1
26.829365873174634,1
28.20164032806561,1
28.635727145429087,1
17.72754550910182,1
28.131626325265053,1
28.285657131426284,1
41.308261652330465,1
11.188237647529506,1
20.22004400880176,1
33.34066813362672,1
41.308261652330465,1
37.76555311062212,1
18.413682736547308,1
20.682136427285457,1
24.51890378075615,1
13.960792158431685,1
28.87377475495099,1
31.22624524904981,1
27.655531106221243,1
21.844368873774755,1
21.634326865373072,1
22.65653130626125,1
43.548709741948386,1
43.394678935787155,1
16.733346669333866,1
28.10362072414483,1
35.76315263052611,1
32.62652530506101,1
25.9751950390078,1
25.751150230046008,1
9.171834366873375,1
31.520304060812162,1
35.88917783556711,1
38.15763152630526,1
14.660932186437288,1
42.94658931786357,1
21.130226045209042,1
24.99499899979996,1
36.96739347869574,1
14.394878975795159,1
28.607721544308863,1
22.628525705141026,1
17.363472694538906,1
24.686937387477496,1
32.10842168433687,1
13.946789357871573,1
40.846169233846766,1
33.326665333066614,1
25.933186637327466,1
25.723144628925784,1
16.299259851970394,1
38.8997799559912,1
36.40728145629126,1
28.67773554710942,1
23.986797359471893,1
34.08281656331266,1
28.69173834766953,1
25.35907181436287,1
27.739547909581916,1
8.72374474894979,1
15.907181436287257,1
16.13122624524905,1
34.55891178235647,1
18.00760152030406,1
28.845769153830766,1
26.493298659731945,1
29.265853170634127,1
16.775355071014204,1
43.114622924584914,1
30.162032406481295,1
11.510302060412082,1
16.13122624524905,1
23.314662932586515,1
36.47729545909182,1
32.02440488097619,1
16.70534106821364,1
14.842968593718743,1
28.06161232246449,1
33.70474094818964,1
50.35407081416283,1
48.519703940788155,1
32.94858971794359,1
24.9249849969994,1
31.338267653530707,1
21.452290458091618,1
27.053410682136427,1
20.09401880376075,1
13.750750150030006,1
26.73134626925385,1
25.093018603720743,1
20.55611122224445,1
32.20644128825765,1
17.433486697339468,1
16.817363472694538,1
14.562912582516503,1
14.170834166833366,1
39.68393678735747,1
29.195839167833565,1
35.721144228845766,1
11.818363672734547,1
23.18863772754551,1
23.0626125225045,1
24.462892578515703,1
29.15383076615323,1
28.313662732546508,1
16.257251450290056,1
11.188237647529506,1
26.395279055811162,1
17.895579115823164,1
20.584116823364674,1
26.64732946589318,1
16.579315863172635,1
25.40108021604321,1
14.716943388677736,1
23.74874974994999,1
41.462292458491696,1
35.51110222044409,1
30.792158431686335,1
25.849169833966794,1
18.6377275455091,1
29.99399879975995,1
15.823164632926584,1
20.794158831766353,1
14.26885377075415,1
27.207441488297658,1
14.450890178035607,1
28.74774954990998,1
21.32626525305061,1
27.389477895579116,1
24.686937387477496,1
24.91098219643929,1
24.85497099419884,1
33.074614922984594,1
16.62132426485297,1
13.722744548909782,1
29.727945589117823,1
42.45649129825965,1
37.75155031006201,1
24.08481696339268,1
13.652730546109222,1
28.551710342068414,1
17.125425085017003,1
21.06021204240848,1
33.45269053810762,1
12.308461692338467,1
41.798359671934385,1
6.077215443088617,1
40.46809361872374,1
11.594318863772754,1
30.106021204240847,1
46.68533706741348,1
37.76555311062212,1
27.92158431686337,1
9.675935187037407,1
29.78395679135827,1
9.56391278255651,1
20.822164432886577,1
20.934186837367474,1
34.90898179635927,1
39.41788357671534,1
27.123424684936985,1
24.000800160032007,1
29.15383076615323,1
16.453290658131625,1
25.793158631726346,1
29.22384476895379,1
29.867973594718944,1
41.336267253450686,1
28.831766353270652,1
17.11142228445689,1
28.66373274654931,1
29.92398479695939,1
11.482296459291858,1
20.62612522504501,1
11.790358071614323,1
26.087217443488697,1
24.58891778355671,1
29.15383076615323,1
14.33886777355471,1
30.078015603120623,1
20.892178435687136,1
19.533906781356272,1
26.885377075415082,1
15.221044208841768,1
26.759351870374076,1
37.3874774954991,1
36.29525905181036,1
36.95339067813563,1
26.423284656931386,1
41.644328865773154,1
29.29385877175435,1
24.78495699139828,1
31.520304060812162,1
26.94138827765553,1
28.915783156631324,1
35.51110222044409,1
24.672934586917382,1
31.28225645129026,1
18.84776955391078,1
24.700940188037606,1
39.57191438287657,1
19.379875975195038,1
13.470694138827765,1
25.583116623324663,1
45.55111022204441,1
37.55551110222044,1
29.6999399879976,1
15.0250050010002,1
28.59371874374875,1
34.866973394678936,1
28.439687937587518,1
20.612122424484895,1
28.355671134226846,1
20.206041208241647,1
36.32326465293058,1
19.16983396679336,1
23.524704940988197,1
33.53670734146829,1
16.355271054210842,1
41.01420284056811,1
26.493298659731945,1
29.475895179035806,1
21.662332466493297,1
16.243248649729946,1
19.435887177435486,1
30.036007201440288,1
9.535907181436286,1
26.367273454690938,1
13.330666133226645,1
21.004200840168032,1
28.929785957191438,1
44.808961792358474,1
35.09101820364073,1
18.917783556711342,1
31.058211642328466,1
27.08141628325665,1
28.11762352470494,1
20.178035607121423,1
5.61512302460492,1
20.122024404880975,1
15.221044208841768,1
34.81096219243849,1
31.828365673134627,1
28.81776355271054,1
10.712142428485697,1
42.21844368873774,1
22.30646129225845,1
17.335467093418682,1
31.87037407481496,1
33.690738147629524,1
31.63232646529306,1
31.366273254650928,1
44.79495899179836,1
22.78255651130226,1
48.0996199239848,1
7.981596319263852,1
21.25625125025005,1
17.839567913582716,1
14.562912582516503,1
28.11762352470494,1
18.567713542708542,1
19.26785357071414,1
31.520304060812162,1
23.216643328665732,1
22.068413682736548,1
26.535307061412283,1
16.0752150430086,1
27.43148629725945,1
30.078015603120623,1
39.47389477895579,1
18.721744348869773,1
45.91518303660732,1
8.79375875175035,1
15.263052610522104,1
16.0752150430086,1
40.83216643328666,1
31.15623124624925,1
25.527105421084215,1
17.139427885577113,1
14.170834166833366,1
26.927385477095417,1
21.158231646329266,1
20.164032806561313,1
31.842368473694737,1
17.433486697339468,1
22.02640528105621,1
35.58111622324465,1
10.39007801560312,1
27.78155631126225,1
22.65653130626125,1
24.966993398679737,1
29.99399879975995,1
17.755551110222044,1
32.1504300860172,1
16.70534106821364,1
50.46609321864373,1
21.83036607321464,1
31.954390878175634,1
23.496699339867973,1
30.246049209841967,1
25.387077415483095,1
16.509301860372073,1
25.443088617723543,1
43.25465093018604,1
31.814362872574513,1
42.58251650330066,1
16.56531306261252,1
8.59771954390878,1
38.913782756551306,1
31.478295659131824,1
24.364872974594917,1
17.86757351470294,1
33.18663732746549,1
29.36387277455491,1
26.04520904180836,1
18.609721944388877,1
27.109421884376875,1
34.96499299859972,1
38.35367073414683,1
19.533906781356272,1
27.039407881576313,1
31.324264852970593,1
12.798559711942389,1
30.386077215443088,1
12.658531706341268,1
25.191038207641526,1
7.2254450890178035,1
31.85637127425485,1
17.39147829565913,1
14.464892978595719,1
48.35167033406681,1
28.509701940388076,1
13.98879775955191,1
27.739547909581916,1
8.989797959591918,1
24.672934586917382,1
21.998399679935986,1
33.55071014202841,1
35.18903780756151,1
40.91618323664733,1
38.4376875375075,1
21.158231646329266,1
16.56531306261252,1
41.518303660732144,1
27.725545109021805,1
44.10882176435287,1
11.398279655931185,1
22.684536907381474,1
33.10262052410482,1
25.68113622724545,1
9.745949189837967,1
31.28225645129026,1
28.621724344868973,1
9.535907181436286,1
32.13642728545709,1
23.440688137627525,1
26.059211842368473,1
47.46949389877975,1
14.114822964592918,1
38.21364272854571,1
9.703940788157631,1
28.38367673534707,1
20.86417283456691,1
39.52990598119624,1
42.34446889377875,1
22.180436087217444,1
35.88917783556711,1
26.31126225245049,1
20.066013202640526,1
31.212242448489697,1
25.611122224444888,1
42.55451090218043,1
39.347869573914785,1
18.77775555111022,1
8.23364672934587,1
36.9253850770154,1
38.00360072014403,1
34.20884176835367,1
17.81156231246249,1
31.520304060812162,1
17.19543908781756,1
22.544508901780354,1
42.35847169433887,1
25.177035407081416,1
36.65933186637327,1
16.13122624524905,1
12.53250650130026,1
14.940988197639527,1
20.794158831766353,1
23.580716143228646,1
23.370674134826963,1
17.349469893978796,1
14.53490698139628,1
19.225845169033807,1
35.03500700140028,1
53.000600120024004,1
17.223444688937786,1
33.73274654930986,1
31.842368473694737,1
12.364472894578915,1
11.132226445289058,1
28.789757951590317,1
26.815363072614524,1
21.074214842968594,1
22.320464092818565,1
17.79755951190238,1
12.448489697939587,1
14.324864972994598,1
14.548909781956391,1
13.960792158431685,1
32.248449689937985,1
36.855371074214844,1
19.505901180236048,1
11.300260052010401,1
28.705741148229645,1
39.19383876775355,1
17.741548309661933,1
39.011802360472096,1
22.20844168833767,1
33.45269053810762,1
33.91478295659132,1
19.11382276455291,1
17.349469893978796,1
16.355271054210842,1
34.20884176835367,1
18.049609921984395,1
19.74394878975795,1
17.643528705741147,1
32.584516903380674,1
26.213242648529704,1
27.193438687737547,1
42.876575315063015,1
20.86417283456691,1
18.399679935987198,1
25.583116623324663,1
21.46629325865173,1
32.780556111222246,1
19.855971194238847,1
41.952390478095616,1
17.81156231246249,1
25.68113622724545,1
25.527105421084215,1
25.34506901380276,1
20.27605521104221,1
16.859371874374876,1
21.39627925585117,1
22.250450090018003,1
37.14942988597719,1
10.236047209441889,1
39.4878975795159,1
25.41508301660332,1
17.433486697339468,1
28.929785957191438,1
14.800960192038406,1
29.08381676335267,1
45.59311862372474,1
20.458091618323664,1
30.344068813762753,1
32.248449689937985,1
22.0124024804961,1
24.37887577515503,1
13.56871374274855,1
49.597919583916784,1
34.51690338067613,1
14.240848169633926,1
26.003200640128025,1
24.700940188037606,1
29.15383076615323,1
31.22624524904981,1
5.853170634126825,1
20.37407481496299,1
44.066813362672534,1
28.705741148229645,1
28.845769153830766,1
17.405481096219244,1
44.780956191238246,1
23.90278055611122,1
17.53150630126025,1
21.53630726145229,1
24.014802960592117,1
29.237847569513903,1
32.94858971794359,1
29.321864372874575,1
36.9253850770154,1
28.5377075415083,1
27.4874974994999,1
18.49769953990798,1
29.951990398079616,1
17.503500700140027,1
22.418483696739347,1
20.37407481496299,1
29.615923184636927,1
12.140428085617122,1
35.14702940588118,1
45.59311862372474,1
13.1626325265053,1
17.979595919183836,1
10.894178835767153,1
21.494298859771956,1
39.711942388477695,1
25.20504100820164,1
24.182836567313462,1
19.155831166233245,1
30.0500100020004,1
23.776755351070214,1
22.34846969393879,1
13.63872774554911,1
31.73034606921384,1
20.668133626725343,1
13.70874174834967,1
14.856971394278855,1
17.321464292858572,1
33.17263452690538,1
24.78495699139828,1
22.93658731746349,1
42.37247449489898,1
23.244648929785956,1
43.89877975595119,1
25.82116423284657,1
26.003200640128025,1
31.366273254650928,1
33.8867773554711,1
26.03120624124825,1
34.180836167233444,1
30.358071614322863,1
14.310862172434486,1
40.70614122824565,1
36.19723944788958,1
55.78715743148629,1
11.090218043608722,1
29.3498699739948,1
14.702940588117624,1
30.76415283056611,1
32.69653930786157,1
8.709741948389677,1
11.258251650330065,1
63.320664132826565,1
13.98879775955191,1
21.074214842968594,1
21.984396879375875,1
17.405481096219244,1
30.638127625525104,1
25.63912782556511,1
32.654530906181236,1
21.46629325865173,1
30.246049209841967,1
13.764752950590118,1
18.55371074214843,1
23.81876375275055,1
30.48409681936387,1
17.909581916383278,1
28.57971594318864,1
11.56631326265253,1
13.960792158431685,1
21.802360472094417,1
28.8877775555111,1
35.21704340868173,1
28.915783156631324,1
39.12382476495299,1
10.614122824564912,1
23.986797359471893,1
31.002200440088018,1
24.37887577515503,1
20.444088817763554,1
37.76555311062212,1
26.563312662532507,1
18.511702340468094,1
22.754550910182036,1
23.4126825365073,1
31.78635727145429,1
35.79115823164633,1
7.155431086217243,1
19.575915183036606,1
28.803760752150428,1
34.796959391878374,1
23.034606921384277,1
47.567513502700535,1
29.909981996399278,1
30.41408281656331,1
9.059811962392478,1
23.678735747149428,1
26.7873574714943,1
35.95919183836767,1
8.72374474894979,1
23.398679735947187,1
25.34506901380276,1
23.566713342668532,1
29.50390078015603,1
7.407481496299259,1
14.702940588117624,1
25.583116623324663,1
34.13882776555311,1
20.304060812162433,1
23.286657331466294,1
17.069413882776555,1
22.054410882176434,1
17.71354270854171,1
16.635327065413083,1
18.707741548309663,1
20.76615323064613,1
14.086817363472694,1
31.618323664732944,1
27.389477895579116,1
21.284256851370273,1
43.604720944188834,1
26.493298659731945,1
45.28505701140228,1
36.337267453490696,1
31.128225645129024,1
27.347469493898778,1
24.364872974594917,1
28.775755151030204,1
26.297259451890376,1
37.54150830166033,1
40.1880376075215,1
36.08521704340868,1
30.31606321264253,1
40.59411882376475,1
34.68493698739748,1
26.829365873174634,1
24.546909381876375,1
26.969393878775755,1
19.26785357071414,1
26.633326665333065,1
20.22004400880176,1
36.08521704340868,1
24.44888977795559,1
11.524304860972194,1
35.48309661932387,1
19.365873174634928,1
32.374474894978995,1
17.71354270854171,1
24.9249849969994,1
23.832766553310663,1
31.85637127425485,1
33.25665133026605,1
10.894178835767153,1
25.34506901380276,1
42.9745949189838,1
29.587917583516703,1
12.60252050410082,1
30.652130426085215,1
31.548309661932386,1
10.236047209441889,1
6.6933386677335465,1
25.667133426685336,1
31.212242448489697,1
26.269253850770152,1
30.218043608721743,1
23.034606921384277,1
10.908181636327265,1
18.16163232646529,1
33.73274654930986,1
25.905181036207242,1
51.222244448889775,1
14.926985397079415,1
25.82116423284657,1
17.25145029005801,1
17.335467093418682,1
17.083416683336665,1
41.01420284056811,1
25.14902980596119,1
17.503500700140027,1
26.409281856371273,1
33.564712942588514,1
38.36767353470694,1
21.634326865373072,1
30.708141628325663,1
31.9123824764953,1
31.478295659131824,1
15.361072214442888,1
23.090618123624726,1
34.11082216443288,1
20.29005801160232,1
30.428085617123426,1
25.331066213242647,1
24.02880576115223,1
36.46329265853171,1
19.995999199839968,1
16.60732146429286,1
24.29485897179436,1
25.82116423284657,1
26.423284656931386,1
30.554110822164432,1
26.60532106421284,1
21.774354870974193,1
52.7625525105021,1
30.652130426085215,1
13.56871374274855,1
23.706741348269652,1
19.715943188637727,1
36.47729545909182,1
30.652130426085215,1
38.03160632126425,1
27.039407881576313,1
11.132226445289058,1
14.142828565713142,1
42.14842968593719,1
27.501500300060012,1
18.511702340468094,1
17.783556711342268,1
22.93658731746349,1
27.305461092218444,1
34.54490898179636,1
20.612122424484895,1
49.345869173834764,1
25.989197839567915,1
31.71634326865373,1
24.896979395879175,1
51.02620524104821,1
17.755551110222044,1
31.968393678735747,1
9.07381476295259,1
19.4498899779956,1
40.44008801760352,1
15.837167433486696,1
18.511702340468094,1
12.490498099619924,1
36.42128425685137,1
24.336867373474693,1
22.600520104020802,1
36.19723944788958,1
27.795559111822364,1
18.55371074214843,1
12.448489697939587,1
48.799759951990396,1
18.9877975595119,1
11.132226445289058,1
15.809161832366472,1
22.544508901780354,1
28.425685137027404,1
20.346069213842767,1
10.768153630726145,1
17.307461492298458,1
25.947189437887577,1
20.92018403680736,1
50.49409881976395,1
16.845369073814762,1
42.260452090418084,1
24.504900980196037,1
27.333466693338668,1
24.630926185237048,1
21.634326865373072,1
26.11522304460892,1
17.685537107421485,1
24.896979395879175,1
26.255251050210042,1
35.42708541708342,1
39.1378275655131,1
21.5503100620124,1
20.738147629525905,1
30.17603520704141,1
27.585517103420685,1
29.041808361672334,1
31.016203240648128,1
31.85637127425485,1
27.90758151630326,1
42.008401680336064,1
35.357071414282856,1
26.549309861972393,1
26.12922584516903,1
17.04140828165633,1
41.53230646129226,1
32.62652530506101,1
27.08141628325665,1
28.481696339267852,1
29.71394278855771,1
33.53670734146829,1
10.796159231846369,1
32.654530906181236,1
34.51690338067613,1
19.421884376875376,1
38.33966793358672,1
20.066013202640526,1
42.134426885377074,1
21.018203640728146,1
17.04140828165633,1
11.97239447889578,1
15.753150630126024,1
10.264052810562113,1
36.86937387477495,1
25.68113622724545,1
21.802360472094417,1
23.81876375275055,1
35.819163832766556,1
20.41608321664333,1
28.831766353270652,1
20.654130826165233,1
45.43908781756351,1
28.075615123024605,1
42.414482896579315,1
12.910582116423285,1
26.50730146029206,1
22.376475295059013,1
30.512102420484094,1
32.584516903380674,1
39.739947989597916,1
37.933586717343466,1
9.045809161832366,1
15.403080616123225,1
20.878175635127025,1
21.438287657531507,1
25.83516703340668,1
20.36007201440288,1
12.056411282256452,1
38.67573514702941,1
24.826965393078616,1
20.794158831766353,1
23.55271054210842,1
12.308461692338467,1
19.421884376875376,1
28.87377475495099,1
30.4000800160032,1
23.146629325865174,1
20.332066413282657,1
17.05541108221644,1
35.49709941988397,1
28.45369073814763,1
44.0248049609922,1
19.085817163432687,1
31.422284456891376,1
19.30986197239448,1
11.412282456491297,1
50.522104420884176,1
26.437287457491497,1
17.39147829565913,1
18.567713542708542,1
32.76655331066213,1
23.60872174434887,1
38.03160632126425,1
41.68633726745349,1
36.29525905181036,1
17.419483896779354,1
26.563312662532507,1
35.777155431086214,1
31.57631526305261,1
28.45369073814763,1
23.90278055611122,1
32.402480496099216,1
33.71874374874975,1
23.94478895779156,1
17.923584716943388,1
22.110422084416882,1
13.134626925385076,1
16.76135227045409,1
24.770954190838168,1
40.93018603720744,1
29.965993198639726,1
23.48269653930786,1
33.018603720744146,1
32.2624524904981,1
26.983396679335865,1
19.65993198639728,1
44.010802160432085,1
27.361472294458892,1
19.001800360072014,1
17.419483896779354,1
7.89757951590318,1
20.808161632326463,1
20.92018403680736,1
23.32866573314663,1
28.775755151030204,1
46.867373474694936,1
15.221044208841768,1
33.78875775155031,1
30.48409681936387,1
38.36767353470694,1
37.9755951190238,1
40.174034806961394,1
15.053010602120423,1
30.90418083616723,1
26.7873574714943,1
22.040408081616324,1
28.635727145429087,1
28.467693538707742,1
25.779155831166232,1
39.12382476495299,1
31.688337667533506,1
31.506301260252048,1
16.8873774754951,1
39.20784156831366,1
8.975795159031806,1
17.881576315263054,1
33.87277455491098,1
45.56511302260452,1
39.067813562712544,1
35.95919183836767,1
24.840968193638727,1
18.67973594718944,1
14.800960192038406,1
26.899379875975193,1
26.703340668133627,1
32.94858971794359,1
45.34106821364273,1
33.480696139227845,1
20.934186837367474,1
24.43488697739548,1
18.189637927585515,1
24.364872974594917,1
11.986397279455892,1
28.803760752150428,1
29.06981396279256,1
17.601520304060813,1
26.423284656931386,1
11.832366473294659,1
18.959791958391676,1
20.78015603120624,1
32.36047209441888,1
41.99439887977596,1
13.596719343868774,1
24.630926185237048,1
37.499499899979995,1
10.74014802960592,1
36.35127025405081,1
32.97659531906381,1
26.31126225245049,1
15.16503300660132,1
28.131626325265053,1
28.285657131426284,1
36.09921984396879,1
9.255851170234047,1
30.652130426085215,1
11.034206841368274,1
24.406881376275255,1
31.898379675935185,1
15.93518703740748,1
13.148629725945188,1
15.179035807161432,1
18.931786357271452,1
24.798959791958392,1
19.32386477295459,1
22.16643328665733,1
33.41068213642728,1
11.804360872174435,1
27.837567513502698,1
38.423684736947386,1
30.61012202440488,1
12.000400080016004,1
23.986797359471893,1
21.578315663132624,1
33.98479695939188,1
10.306061212242447,1
30.582116423284656,1
14.492898579715943,1
36.645329065813165,1
22.22244448889778,1
24.02880576115223,1
9.997999599919984,1
21.760352070414083,1
34.81096219243849,1
29.79795959191838,1
22.096419283856772,1
11.97239447889578,1
16.34126825365073,1
28.635727145429087,1
36.883376675335064,1
24.51890378075615,1
43.74474894978996,1
15.0250050010002,1
22.894578915783157,1
15.949189837967593,1
10.068013602720544,1
24.350870174034807,1
34.124824964992996,1
14.562912582516503,1
18.889777955591118,1
17.293458691738348,1
28.999799959991996,1
8.79375875175035,1
11.832366473294659,1
16.537307461492297,1
32.094418883776754,1
24.462892578515703,1
49.69593918783757,1
34.152830566113224,1
32.79455891178235,1
24.196839367873572,1
32.38847769553911,1
32.64052810562112,1
23.384676935387077,1
41.16823364672935,1
20.164032806561313,1
24.86897379475895,1
28.761752350470093,1
29.881976395279054,1
12.714542908581716,1
18.21764352870574,1
37.06541308261652,1
19.155831166233245,1
38.05961192238448,1
19.04380876175235,1
31.170234046809362,1
25.121024204840968,1
18.175635127025405,1
26.143228645729145,1
31.24024804960992,1
28.11762352470494,1
14.82896579315863,1
27.025405081016203,1
25.793158631726346,1
18.83376675335067,1
30.54010802160432,1
20.808161632326463,1
33.942788557711545,1
24.126825365073014,1
24.58891778355671,1
15.7251450290058,1
23.636727345469094,1
19.015803160632125,1
14.26885377075415,1
22.65653130626125,1
12.924584916983397,1
16.48129625925185,1
12.406481296259251,1
33.80276055211042,1
21.11622324464893,1
14.240848169633926,1
25.947189437887577,1
17.19543908781756,1
23.25865173034607,1
37.219443888777754,1
33.760752150430086,1
27.29145829165833,1
24.86897379475895,1
5.783156631326265,1
30.106021204240847,1
33.03260652130426,1
30.862172434486897,1
30.344068813762753,1
22.46049209841968,1
17.51750350070014,1
23.94478895779156,1
28.089617923584715,1
33.52270454090818,1
20.76615323064613,1
23.580716143228646,1
35.34306861372274,1
20.822164432886577,1
40.28605721144229,1
14.53490698139628,1
40.482096419283856,1
25.69513902780556,1
20.542108421684336,1
55.17103420684137,1
6.497299459891979,1
33.270654130826166,1
31.548309661932386,1
28.313662732546508,1
13.470694138827765,1
16.593318663732745,1
16.55131026205241,1
38.423684736947386,1
31.28225645129026,1
10.39007801560312,1
32.374474894978995,1
21.298259651930387,1
32.43048609721944,1
9.49389877975595,1
37.24744948989798,1
40.818163632726545,1
18.441688337667532,1
27.22144428885777,1
16.817363472694538,1
19.001800360072014,1
11.398279655931185,1
20.108021604320864,1
23.81876375275055,1
13.176635327065412,1
20.262052410482095,1
15.44508901780356,1
42.260452090418084,1
35.357071414282856,1
36.883376675335064,1
48.84176835367073,1
35.49709941988397,1
39.221844368873775,1
36.645329065813165,1
17.923584716943388,1
41.96639327865573,1
30.17603520704141,1
22.50250050010002,1
35.847169433886776,1
20.934186837367474,1
30.596119223844767,1
19.11382276455291,1
31.08621724344869,1
18.945789157831566,1
41.714342868573716,1
17.09741948389678,1
27.529505901180237,1
29.20984196839368,1
38.325665133026604,1
29.419883976795358,1
29.447889577915582,1
17.643528705741147,1
36.91138227645529,1
15.375075015003,1
20.08001600320064,1
25.34506901380276,1
39.90798159631926,1
24.280856171234245,1
31.9123824764953,1
17.559511902380475,1
43.94078815763152,1
24.266853370674134,1
24.86897379475895,1
23.95879175835167,1
26.18523704740948,1
18.049609921984395,1
27.62752550510102,1
11.678335667133426,1
27.823564712942588,1
19.64592918583717,1
15.697139427885576,1
31.310262052410483,1
18.81976395279056,1
29.685937187437485,1
19.32386477295459,1
37.09341868373674,1
21.46629325865173,1
17.11142228445689,1
34.40488097619524,1
25.289057811562312,1
25.933186637327466,1
9.241848369673935,1
42.19043808761752,1
25.723144628925784,1
21.312262452490497,1
34.62892578515703,1
18.34366873374675,1
37.989597919583915,1
20.794158831766353,1
15.333066613322664,1
25.933186637327466,1
28.005601120224043,1
34.78295659131826,1
22.432486497299458,1
12.994598919783957,1
21.06021204240848,1
37.14942988597719,1
29.50390078015603,1
15.86517303460692,1
20.108021604320864,1
29.99399879975995,1
20.696139227845567,1
28.369673934786956,1
26.3252650530106,1
18.48369673934787,1
25.163032606521302,1
14.870974194838967,1
45.64912982596519,1
19.547909581916382,1
30.90418083616723,1
14.212842568513702,1
22.264452890578116,1
37.09341868373674,1
32.87857571514303,1
33.59271854370874,1
26.843368673734748,1
22.418483696739347,1
20.01000200040008,1
24.08481696339268,1
36.04320864172834,1
29.65793158631726,1
12.182436487297458,1
28.06161232246449,1
21.942388477695538,1
26.64732946589318,1
31.422284456891376,1
27.655531106221243,1
10.810162032406481,1
12.070414082816564,1
11.314262852570513,1
32.93458691738348,1
17.71354270854171,1
36.827365473094616,1
16.579315863172635,1
27.585517103420685,1
19.869973994798958,1
20.09401880376075,1
13.904780956191237,1
8.429685937187438,1
33.326665333066614,1
23.74874974994999,1
26.535307061412283,1
35.777155431086214,1
32.27645529105821,1
35.30106021204241,1
9.42388477695539,1
26.703340668133627,1
28.04760952190438,1
30.17603520704141,1
5.993198639727946,1
19.74394878975795,1
26.269253850770152,1
29.3498699739948,1
13.036607321464292,1
41.29425885177035,1
31.29625925185037,1
23.286657331466294,1
22.964592918583715,1
29.671934386877375,1
30.31606321264253,1
24.58891778355671,1
40.77615523104621,1
32.87857571514303,1
37.989597919583915,1
31.324264852970593,1
54.24684936987397,1
24.09881976395279,1
29.111822364472893,1
20.654130826165233,1
27.655531106221243,1
31.338267653530707,1
40.608121624324866,1
39.9499899979996,1
25.023004600920185,1
35.161032206441284,1
17.19543908781756,1
46.895379075815164,1
25.21904380876175,1
22.600520104020802,1
31.63232646529306,1
14.506901380276055,1
32.69653930786157,1
54.596919383876774,1
22.572514502900578,1
30.27405481096219,1
49.51390278055611,1
16.48129625925185,1
22.65653130626125,1
40.98619723944789,1
12.74254850970194,1
15.501100220044009,1
15.781156231246248,1
23.440688137627525,1
29.139827965593117,1
15.7251450290058,1
10.46009201840368,1
33.144628925785156,1
18.00760152030406,1
32.066413282656534,1
37.45749149829966,1
36.29525905181036,1
31.422284456891376,1
30.694138827765553,1
29.321864372874575,1
35.58111622324465,1
28.67773554710942,1
17.363472694538906,1
18.315663132626526,1
34.99299859971994,1
17.433486697339468,1
17.279455891178234,1
23.25865173034607,1
28.033606721344267,1
32.34646929385877,1
38.67573514702941,1
30.89017803560712,1
32.33246649329866,1
30.204040808161633,1
31.478295659131824,1
24.112822564512904,1
21.942388477695538,1
37.68153630726145,1
34.40488097619524,1
28.38367673534707,1
19.02980596119224,1
29.391878375675134,1
35.14702940588118,1
17.405481096219244,1
30.918183636727345,1
29.111822364472893,1
23.972794558911783,1
15.599119823964793,1
25.625125025005,1
37.23344668933787,1
20.43008601720344,1
26.255251050210042,1
8.219643928785757,1
10.698139627925585,1
14.772954590918184,1
15.501100220044009,1
31.212242448489697,1
30.33006601320264,1
20.514102820564112,1
18.14762952590518,1
29.265853170634127,1
26.927385477095417,1
24.02880576115223,1
20.836167233446687,1
35.49709941988397,1
18.917783556711342,1
33.074614922984594,1
16.971394278855772,1
27.529505901180237,1
22.29245849169834,1
59.42788557711542,1
20.794158831766353,1
27.4874974994999,1
13.624724944988998,1
26.255251050210042,1
24.840968193638727,1
11.958391678335667,1
33.49469893978796,1
17.72754550910182,1
37.63952790558112,1
17.895579115823164,1
19.141828365673135,1
24.336867373474693,1
18.6377275455091,1
32.13642728545709,1
26.563312662532507,1
21.760352070414083,1
27.683536707341467,1
42.98859771954391,1
12.714542908581716,1
23.860772154430887,1
34.88097619523905,1
22.79655931186237,1
29.335867173434686,1
14.26885377075415,1
28.94378875775155,1
25.513102620524105,1
40.80416083216643,1
43.77275455091018,1
35.259051810362074,1
36.827365473094616,1
34.96499299859972,1
35.287057411482294,1
32.654530906181236,1
14.436887377475495,1
39.795959191838364,1
30.148029605921185,1
13.1626325265053,1
34.866973394678936,1
26.73134626925385,1
13.582716543308662,1
36.883376675335064,1
25.023004600920185,1
17.755551110222044,1
29.097819563912783,1
12.098419683936786,1
36.09921984396879,1
21.214242848569715,1
27.47349469893979,1
41.57431486297259,1
20.57011402280456,1
29.195839167833565,1
10.838167633526705,1
36.6873374674935,1
25.807161432286456,1
21.95639127825565,1
11.384276855371073,1
16.495299059811963,1
21.858371674334865,1
24.476895379075813,1
38.87177435487097,1
15.193038607721544,1
22.34846969393879,1
24.882976595319064,1
16.495299059811963,1
11.202240448089618,1
15.347069413882776,1
19.617923584716944,1
13.610722144428886,1
28.971794358871772,1
16.495299059811963,1
31.63232646529306,1
27.263452690538106,1
39.375875175035006,1
26.241248249649928,1
25.373074614922984,1
39.865973194638926,1
15.431086217243449,1
33.39667933586717,1
23.160632126425284,1
26.64732946589318,1
16.397279455891177,1
24.644928985797158,1
42.47049409881976,1
24.672934586917382,1
24.71494298859772,1
24.112822564512904,1
40.44008801760352,1
32.2624524904981,1
36.37927585517103,1
31.002200440088018,1
22.83856771354271,1
24.04280856171234,1
25.21904380876175,1
25.569113822764553,1
16.34126825365073,1
37.59751950390078,1
30.344068813762753,1
12.756551310262052,1
12.560512102420484,1
31.604320864172834,1
25.723144628925784,1
39.27785557111422,1
20.09401880376075,1
34.50290058011602,1
42.078415683136626,1
32.89257851570314,1
22.110422084416882,1
11.790358071614323,1
27.893578715743146,1
38.0876175235047,1
43.1006201240248,1
24.29485897179436,1
27.22144428885777,1
27.319463892778554,1
19.617923584716944,1
21.73234646929386,1
30.386077215443088,1
21.214242848569715,1
29.965993198639726,1
22.50250050010002,1
33.564712942588514,1
17.307461492298458,1
16.677335467093418,1
27.053410682136427,1
13.008601720344068,1
29.461892378475696,1
15.93518703740748,1
36.46329265853171,1
31.464292858571714,1
16.915383076615324,1
8.709741948389677,1
39.837967593518705,1
29.99399879975995,1
22.628525705141026,1
34.8249649929986,1
32.08041608321664,1
34.460892178435685,1
30.736147229445887,1
6.679335867173434,1
28.04760952190438,1
27.4874974994999,1
33.24264852970594,1
31.73034606921384,1
18.385677135427084,1
35.11902380476095,1
13.890778155631125,1
33.00460092018404,1
28.845769153830766,1
35.03500700140028,1
39.27785557111422,1
32.87857571514303,1
25.135027005401078,1
30.862172434486897,1
30.918183636727345,1
12.308461692338467,1
26.269253850770152,1
12.686537307461492,1
30.736147229445887,1
22.250450090018003,1
20.86417283456691,1
33.91478295659132,1
19.32386477295459,1
17.223444688937786,1
23.034606921384277,1
35.79115823164633,1
29.055811162232445,1
18.707741548309663,1
13.834766953390679,1
25.079015803160633,1
20.542108421684336,1
11.482296459291858,1
15.627125425085017,1
17.04140828165633,1
47.02140428085617,1
16.243248649729946,1
13.09261852370474,1
16.69133826765353,1
51.26425285057011,1
47.049409881976395,1
16.929385877175434,1
18.00760152030406,1
26.64732946589318,1
7.89757951590318,1
24.980996199239847,1
23.94478895779156,1
45.56511302260452,1
16.48129625925185,1
48.155631126225245,1
10.558111622324464,1
10.754150830166033,1
43.674734946989396,1
27.851570314062812,1
19.211842368473693,1
40.13202640528105,1
30.47009401880376,1
21.844368873774755,1
24.85497099419884,1
29.951990398079616,1
17.405481096219244,1
36.63132626525305,1
27.249449889977996,1
25.82116423284657,1
35.11902380476095,1
16.355271054210842,1
18.441688337667532,1
37.905581116223246,1
33.326665333066614,1
34.99299859971994,1
13.400680136027205,1
19.701940388077617,1
18.441688337667532,1
44.43088617723544,1
31.64632926585317,1
16.76135227045409,1
27.76755351070214,1
20.346069213842767,1
44.010802160432085,1
39.15183036607321,1
30.66613322664533,1
25.68113622724545,1
37.42948589717943,1
23.314662932586515,1
37.09341868373674,1
15.207041408281656,1
37.835567113422684,1
32.27645529105821,1
33.116623324664936,1
21.354270854170835,1
19.18383676735347,1
21.298259651930387,1
21.97039407881576,1
39.26385277055411,1
24.420884176835365,1
36.99539907981596,1
34.922984596919385,1
29.755951190238047,1
15.949189837967593,1
13.470694138827765,1
27.165433086617323,1
22.93658731746349,1
14.940988197639527,1
33.71874374874975,1
32.6125225045009,1
19.015803160632125,1
6.259251850370074,1
18.83376675335067,1
12.434486897379475,1
25.331066213242647,1
21.11622324464893,1
40.23004600920184,1
18.945789157831566,1
17.601520304060813,1
38.57771554310862,1
24.53290658131626,1
27.935587117423484,1
39.501900380076016,1
20.76615323064613,1
19.04380876175235,1
27.515503100620123,1
45.4250850170034,1
42.45649129825965,1
42.008401680336064,1
29.447889577915582,1
8.051610322064413,1
17.153430686137227,1
17.335467093418682,1
20.86417283456691,1
38.759751950390076,1
32.48649729945989,1
30.302060412082415,1
14.310862172434486,1
12.420484096819363,1
25.989197839567915,1
24.756951390278054,1
25.023004600920185,1
31.814362872574513,1
50.18603720744149,1
19.351870374074814,1
27.01140228045609,1
19.533906781356272,1
33.9007801560312,1
24.812962592518502,1
30.54010802160432,1
23.46869373874775,1
33.18663732746549,1
17.069413882776555,1
27.515503100620123,1
15.333066613322664,1
39.64192838567713,1
21.032206441288256,1
40.91618323664733,1
29.43388677735547,1
12.574514902980596,1
20.164032806561313,1
49.835967193438684,1
40.23004600920184,1
25.69513902780556,1
26.437287457491497,1
21.67633526705341,1
17.167433486697337,1
23.13262652530506,1
34.85297059411882,1
37.52750550110022,1
27.039407881576313,1
35.105021004200836,1
25.9751950390078,1
30.708141628325663,1
33.326665333066614,1
27.69753950790158,1
12.980596119223845,1
26.80136027205441,1
20.27605521104221,1
42.35847169433887,1
22.068413682736548,1
21.130226045209042,1
24.056811362272455,1
19.995999199839968,1
28.439687937587518,1
46.88137627525505,1
33.71874374874975,1
18.735747149429887,1
20.934186837367474,1
25.135027005401078,1
28.481696339267852,1
13.190638127625524,1
24.02880576115223,1
33.816763352670534,1
15.977195439087817,1
34.4748949789958,1
30.750150030006,1
12.896579315863173,1
9.101820364072815,1
26.66133226645329,1
17.349469893978796,1
15.879175835167032,1
34.06881376275255,1
35.03500700140028,1
31.674334866973393,1
23.104620924184836,1
28.20164032806561,1
20.8501700340068,1
13.862772554510903,1
37.06541308261652,1
27.025405081016203,1
17.67153430686137,1
29.629925985197037,1
26.535307061412283,1
36.43528705741148,1
25.191038207641526,1
32.87857571514303,1
23.678735747149428,1
25.82116423284657,1
23.398679735947187,1
26.675335067013403,1
15.697139427885576,1
49.541908381676336,1
38.85777155431086,1
12.028405681136228,1
23.398679735947187,1
32.92058411682336,1
23.776755351070214,1
9.787957591518303,1
17.335467093418682,1
26.157231446289256,1
21.368273654730945,1
23.860772154430887,1
26.03120624124825,1
21.158231646329266,1
19.771954390878175,1
6.483296659331867,1
28.803760752150428,1
33.13062612522504,1
26.395279055811162,1
25.513102620524105,1
21.144228845769153,1
23.916783356671335,1
36.239247849569914,1
21.662332466493297,1
32.9625925185037,1
27.039407881576313,1
52.34246849369874,1
30.47009401880376,1
17.153430686137227,1
22.950590118023605,1
21.438287657531507,1
12.714542908581716,1
19.421884376875376,1
15.7251450290058,1
20.038007601520302,1
30.694138827765553,1
30.76415283056611,1
21.228245649129825,1
26.255251050210042,1
9.367873574714944,1
15.57111422284457,1
33.7747549509902,1
26.66133226645329,1
25.135027005401078,1
19.533906781356272,1
12.644528905781156,1
16.34126825365073,1
30.47009401880376,1
19.225845169033807,1
28.10362072414483,1
35.32906581316263,1
29.48989797959592,1
23.034606921384277,1
18.385677135427084,1
40.79015803160632,1
20.1500300060012,1
30.45609121824365,1
9.927985597119424,1
18.371674334866974,1
20.178035607121423,1
39.26385277055411,1
40.63612722544509,1
30.022004400880174,1
31.59031806361272,1
26.367273454690938,1
48.729745949189834,1
22.474494898979795,1
42.94658931786357,1
29.29385877175435,1
23.174634926985398,1
27.09541908381676,1
34.614922984596916,1
27.599519903980795,1
16.369273854770952,1
23.4126825365073,1
34.02680536107221,1
16.831366273254652,1
34.950990198039605,1
23.594718943788756,1
32.094418883776754,1
20.192038407681537,1
38.12962592518504,1
23.286657331466294,1
16.46729345869174,1
14.506901380276055,1
22.51650330066013,1
13.036607321464292,1
40.944188837767555,1
15.557111422284457,1
37.68153630726145,1
35.45509101820364,1
15.081016203240647,1
29.447889577915582,1
13.37267453490698,1
29.50390078015603,1
37.807561512302456,1
20.27605521104221,1
33.55071014202841,1
40.24404880976195,1
17.405481096219244,1
19.505901180236048,1
22.83856771354271,1
32.75255051010202,1
33.354670934186835,1
24.056811362272455,1
39.011802360472096,1
31.702340468093617,1
18.861772354470894,1
11.468293658731746,1
17.629525905181037,1
32.48649729945989,1
35.34306861372274,1
34.16683336667333,1
20.976195239047808,1
40.16003200640128,1
27.08141628325665,1
17.307461492298458,1
35.34306861372274,1
19.11382276455291,1
23.846769353870773,1
21.774354870974193,1
20.346069213842767,1
23.0626125225045,1
13.540708141628325,1
22.124424884976996,1
18.861772354470894,1
31.058211642328466,1
26.759351870374076,1
37.54150830166033,1
35.539107821564315,1
29.83996799359872,1
42.17643528705741,1
37.58351670334067,1
22.586517303460692,1
17.769553910782157,1
20.178035607121423,1
14.366873374674935,1
33.8867773554711,1
24.224844968993796,1
22.810562112422485,1
20.486097219443888,1
16.48129625925185,1
30.442088417683536,1
40.23004600920184,1
24.04280856171234,1
15.613122624524905,1
35.02100420084017,1
15.837167433486696,1
48.855771154230844,1
30.68013602720544,1
44.836967393478695,1
16.999399879975996,1
16.34126825365073,1
17.489497899579916,1
26.73134626925385,1
43.576715343068614,1
26.101220244048807,1
26.74534906981396,1
24.182836567313462,1
28.999799959991996,1
25.83516703340668,1
21.24224844968994,1
11.49629925985197,1
28.005601120224043,1
21.102220444088818,1
19.197839567913583,1
14.814962992598518,1
29.391878375675134,1
39.41788357671534,1
25.583116623324663,1
26.269253850770152,1
27.067413482696537,1
16.327265453090618,1
21.312262452490497,1
27.991598319663932,1
28.1876375275055,1
35.693138627725546,1
31.660332066413282,1
40.31406281256251,1
33.95679135827165,1
19.32386477295459,1
37.58351670334067,1
25.583116623324663,1
37.135427085417085,1
22.250450090018003,1
22.34846969393879,1
19.687937587517503,1
20.738147629525905,1
24.16883376675335,1
29.92398479695939,1
37.45749149829966,1
12.098419683936786,1
46.16723344668934,1
31.29625925185037,1
36.53330666133227,1
17.629525905181037,1
16.70534106821364,1
30.596119223844767,1
13.694738947789558,1
31.14222844568914,1
17.209441888377675,1
29.55991198239648,1
30.17603520704141,1
33.00460092018404,1
38.35367073414683,1
41.96639327865573,1
23.510702140428084,1
18.665733146629325,1
24.826965393078616,1
26.45129025805161,1
11.622324464892978,1
10.558111622324464,1
42.624524904980994,1
12.966593318663733,1
33.39667933586717,1
14.12882576515303,1
27.263452690538106,1
19.7999599919984,1
20.066013202640526,1
41.85437087417483,1
37.863572714542904,1
22.572514502900578,1
8.59771954390878,1
32.59851970394079,1
38.731746349269855,1
12.728545709141828,1
20.37407481496299,1
18.707741548309663,1
26.50730146029206,1
30.582116423284656,1
35.357071414282856,1
35.73514702940588,1
22.110422084416882,1
45.52310462092419,1
29.055811162232445,1
18.385677135427084,1
17.167433486697337,1
37.163432686537305,1
38.61972394478896,1
36.53330666133227,1
22.46049209841968,1
23.88877775555111,1
17.153430686137227,1
15.44508901780356,1
34.85297059411882,1
29.475895179035806,1
21.87237447489498,1
36.19723944788958,1
25.63912782556511,1
33.92878575715143,1
33.55071014202841,1
28.25765153030606,1
22.950590118023605,1
16.103220644128825,1
16.41128225645129,1
18.62372474494899,1
21.11622324464893,1
21.34026805361072,1
14.982996599319863,1
17.09741948389678,1
15.627125425085017,1
46.85337067413482,1
20.8501700340068,1
12.4624924984997,1
22.068413682736548,1
26.717343468693738,1
35.02100420084017,1
34.54490898179636,1
34.054810962192434,1
33.634726945389076,1
21.648329665933186,1
24.882976595319064,1
25.373074614922984,1
35.95919183836767,1
16.187237447489498,1
21.088217643528704,1
10.93618723744749,1
13.30266053210642,1
9.101820364072815,1
31.08621724344869,1
29.671934386877375,1
20.514102820564112,1
37.3874774954991,1
38.57771554310862,1
29.097819563912783,1
18.917783556711342,1
3.4586917383476696,1
9.82996599319864,1
30.064012802560512,1
26.80136027205441,1
21.81636327265453,1
24.9249849969994,1
24.44888977795559,1
31.982396479295858,1
27.795559111822364,1
11.77635527105421,1
19.39387877575515,1
27.823564712942588,1
20.598119623924784,1
24.72894578915783,1
30.694138827765553,1
21.774354870974193,1
31.002200440088018,1
15.991198239647929,1
15.151030206041208,1
37.19143828765753,1
13.246649329865972,1
22.082416483296658,1
11.874374874974995,1
23.370674134826963,1
6.735347069413883,1
14.576915383076615,1
26.843368673734748,1
36.00120024004801,1
23.006601320264053,1
38.35367073414683,1
37.02340468093619,1
34.26485297059412,1
33.53670734146829,1
37.135427085417085,1
13.456691338267653,1
22.16643328665733,1
37.779555911182236,1
25.107021404280854,1
24.99499899979996,1
28.481696339267852,1
6.091218243648729,1
10.306061212242447,1
37.3874774954991,1
15.09501900380076,1
28.45369073814763,1
22.44648929785957,1
29.279855971194237,1
16.94338867773555,1
14.044808961792357,1
15.599119823964793,1
36.74334866973395,1
20.72414482896579,1
47.77755551110222,1
36.19723944788958,1
32.82256451290258,1
33.844768953790755,1
17.9375875175035,1
11.986397279455892,1
36.00120024004801,1
16.859371874374876,1
16.70534106821364,1
13.736747349469894,1
17.125425085017003,1
24.462892578515703,1
25.261052210442088,1
20.71014202840568,1
8.86377275455091,1
33.85877175435087,1
16.999399879975996,1
11.790358071614323,1
15.361072214442888,1
31.71634326865373,1
30.148029605921185,1
23.776755351070214,1
45.83116623324665,1
46.13922784556911,1
26.99739947989598,1
39.1378275655131,1
26.64732946589318,1
32.19243848769754,1
32.9625925185037,1
35.31506301260252,1
39.10982196439288,1
33.95679135827165,1
15.781156231246248,1
17.993598719743947,1
31.800360072014403,1
28.425685137027404,1
21.24224844968994,1
28.957791558311662,1
23.916783356671335,1
18.511702340468094,1
9.661932386477295,1
19.211842368473693,1
26.871374274854972,1
22.278455691138227,1
8.52770554110822,1
34.37687537507502,1
20.598119623924784,1
44.45889177835567,1
12.210442088417683,1
37.79355871174235,1
21.648329665933186,1
26.857371474294858,1
14.254850970194038,1
31.520304060812162,1
30.428085617123426,1
37.68153630726145,1
29.951990398079616,1
14.030806161232245,1
24.39287857571514,1
11.328265653130625,1
27.543508701740347,1
11.664332866573314,1
38.99779955991198,1
26.04520904180836,1
36.35127025405081,1
20.584116823364674,1
5.671134226845369,1
9.255851170234047,1
46.44728945789158,1
13.218643728745748,1
17.685537107421485,1
20.346069213842767,1
17.027405481096217,1
36.61732346469294,1
29.475895179035806,1
24.224844968993796,1
34.768953790758154,1
22.79655931186237,1
35.413082616523305,1
28.81776355271054,1
15.585117023404681,1
20.86417283456691,1
20.29005801160232,1
21.158231646329266,1
27.739547909581916,1
25.611122224444888,1
9.26985397079416,1
16.229245849169832,1
37.8495699139828,1
36.89737947589518,1
25.9751950390078,1
26.549309861972393,1
8.275655131026205,1
17.909581916383278,1
24.72894578915783,1
24.43488697739548,1
15.473094618923785,1
23.692738547709542,1
29.20984196839368,1
20.41608321664333,1
20.584116823364674,1
21.144228845769153,1
32.41648329665933,1
25.569113822764553,1
31.4502900580116,1
31.002200440088018,1
27.01140228045609,1
36.29525905181036,1
18.469693938787756,1
14.26885377075415,1
47.357471494298856,1
34.712942588517706,1
40.42608521704341,1
25.513102620524105,1
4.662932586517304,1
32.59851970394079,1
23.692738547709542,1
30.022004400880174,1
35.357071414282856,1
13.400680136027205,1
22.894578915783157,1
27.949589917983594,1
21.312262452490497,1
48.729745949189834,1
30.568113622724542,1
30.26005201040208,1
20.346069213842767,1
23.25865173034607,1
8.079615923184637,1
29.517903580716144,1
25.14902980596119,1
39.31986397279456,1
17.139427885577113,1
32.94858971794359,1
23.55271054210842,1
40.02000400080016,1
40.98619723944789,1
17.139427885577113,1
16.397279455891177,1
25.625125025005,1
23.706741348269652,1
8.317663532706542,1
31.85637127425485,1
19.295859171834365,1
15.263052610522104,1
25.49909981996399,1
15.907181436287257,1
33.57871574314863,1
32.33246649329866,1
25.89117823564713,1
24.86897379475895,1
12.854570914182837,1
19.239847969593917,1
21.270254050810163,1
36.239247849569914,1
33.85877175435087,1
20.738147629525905,1
22.390478095619123,1
41.21024204840968,1
29.097819563912783,1
16.579315863172635,1
11.174234846969394,1
10.264052810562113,1
33.78875775155031,1
27.305461092218444,1
39.29185837167434,1
25.611122224444888,1
17.685537107421485,1
28.32766553310662,1
13.274654930986197,1
47.23144628925785,1
47.72154430886177,1
19.81396279255851,1
36.77135427085417,1
31.29625925185037,1
20.43008601720344,1
32.38847769553911,1
28.8877775555111,1
23.020604120824164,1
29.36387277455491,1
38.46569313862773,1
26.059211842368473,1
21.088217643528704,1
30.568113622724542,1
36.365273054610924,1
25.625125025005,1
16.845369073814762,1
29.251850370074013,1
28.271654330866173,1
32.374474894978995,1
15.669133826765353,1
20.57011402280456,1
23.13262652530506,1
41.28025605121024,1
26.03120624124825,1
13.456691338267653,1
5.671134226845369,1
28.929785957191438,1
19.02980596119224,1
28.481696339267852,1
33.074614922984594,1
25.41508301660332,1
41.000200040008004,1
27.97759551910382,1
33.00460092018404,1
32.33246649329866,1
26.633326665333065,1
17.405481096219244,1
39.095819163832765,1
23.314662932586515,1
31.254250850170035,1
27.375475095019002,1
36.44928985797159,1
15.067013402680535,1
29.97999599919984,1
12.714542908581716,1
16.56531306261252,1
30.27405481096219,1
14.296859371874374,1
21.368273654730945,1
43.47869573914783,1
29.811962392478495,1
28.439687937587518,1
22.334466893378675,1
37.75155031006201,1
43.94078815763152,1
22.69853970794159,1
15.277055411082216,1
22.180436087217444,1
33.00460092018404,1
17.755551110222044,1
19.911982396479296,1
18.62372474494899,1
52.23044608921784,1
23.32866573314663,1
30.162032406481295,1
34.768953790758154,1
28.66373274654931,1
29.15383076615323,1
20.808161632326463,1
40.25805161032206,1
15.431086217243449,1
25.625125025005,1
33.36867373474695,1
27.57151430286057,1
13.750750150030006,1
15.711142228445688,1
41.08421684336867,1
22.530506101220244,1
15.557111422284457,1
26.843368673734748,1
31.366273254650928,1
35.24504900980196,1
22.950590118023605,1
14.60492098419684,1
31.660332066413282,1
18.02160432086417,1
18.14762952590518,1
40.818163632726545,1
18.385677135427084,1
19.81396279255851,1
39.47389477895579,1
18.97379475895179,1
24.02880576115223,1
14.702940588117624,1
27.585517103420685,1
28.145629125825163,1
23.0626125225045,1
25.34506901380276,1
22.320464092818565,1
17.461492298459692,1
12.39247849569914,1
23.62272454490898,1
42.03640728145629,1
20.738147629525905,1
20.86417283456691,1
40.3000600120024,1
18.55371074214843,1
5.657131426285257,1
25.261052210442088,1
24.350870174034807,1
19.365873174634928,1
28.635727145429087,1
28.985797159431886,1
18.06361272254451,1
19.46389277855571,1
45.201040208041604,1
28.075615123024605,1
27.991598319663932,1
32.02440488097619,1
48.82776555311062,1
18.399679935987198,1
46.51730346069214,1
23.384676935387077,1
31.324264852970593,1
42.9745949189838,1
25.247049409881974,1
11.398279655931185,1
15.93518703740748,1
39.20784156831366,1
45.55111022204441,1
36.91138227645529,1
16.523304660932187,1
12.168433686737346,1
34.88097619523905,1
24.99499899979996,1
27.62752550510102,1
22.50250050010002,1
45.453090618123625,1
19.239847969593917,1
27.333466693338668,1
28.81776355271054,1
31.212242448489697,1
38.82976595319064,1
41.518303660732144,1
35.357071414282856,1
43.12862572514503,1
13.84876975395079,1
28.271654330866173,1
49.70994198839768,1
10.39007801560312,1
17.79755951190238,1
13.792758551710342,1
34.180836167233444,1
26.03120624124825,1
24.16883376675335,1
25.583116623324663,1
52.69253850770154,1
14.142828565713142,1
8.513702740548108,1
28.67773554710942,1
14.856971394278855,1
14.492898579715943,1
25.55511102220444,1
31.324264852970593,1
43.49269853970794,1
28.635727145429087,1
20.808161632326463,1
8.485697139427886,1
13.946789357871573,1
21.788357671534307,1
15.16503300660132,1
20.472094418883778,1
27.067413482696537,1
31.114222844568914,1
39.375875175035006,1
44.500900180036005,1
25.191038207641526,1
23.398679735947187,1
28.649729945989197,1
44.0248049609922,1
28.425685137027404,1
23.440688137627525,1
15.23504700940188,1
25.723144628925784,1
33.480696139227845,1
30.61012202440488,1
21.67633526705341,1
30.148029605921185,1
23.25865173034607,1
36.93938787757551,1
30.68013602720544,1
18.903780756151228,1
17.769553910782157,1
24.672934586917382,1
14.660932186437288,1
14.82896579315863,1
19.841968393678734,1
42.55451090218043,1
31.184236847369473,1
28.929785957191438,1
4.29885977195439,1
36.71534306861372,1
11.482296459291858,1
25.667133426685336,1
12.518503700740148,1
21.60632126425285,1
30.17603520704141,1
35.37107421484297,1
24.09881976395279,1
28.04760952190438,1
24.350870174034807,1
29.755951190238047,1
9.42388477695539,1
15.291058211642328,1
19.057811562312462,1
23.25865173034607,1
39.26385277055411,1
24.462892578515703,1
32.43048609721944,1
31.87037407481496,1
34.22284456891378,1
13.358671734346869,1
36.70134026805361,1
33.24264852970594,1
22.096419283856772,1
32.864572914582915,1
5.685137027405481,1
28.25765153030606,1
39.795959191838364,1
14.968993798759751,1
26.31126225245049,1
29.951990398079616,1
39.78195639127826,1
9.955991198239648,1
19.673934786957393,1
27.795559111822364,1
18.20364072814563,1
13.56871374274855,1
22.20844168833767,1
21.634326865373072,1
27.62752550510102,1
38.0876175235047,1
11.664332866573314,1
9.773954790958191,1
21.984396879375875,1
40.46809361872374,1
27.515503100620123,1
35.6371274254851,1
40.174034806961394,1
33.200640128025604,1
40.03400680136027,1
20.738147629525905,1
27.403480696139226,1
9.381876375275056,1
32.38847769553911,1
36.239247849569914,1
37.863572714542904,1
40.27205441088218,1
24.196839367873572,1
27.165433086617323,1
24.126825365073014,1
28.131626325265053,1
43.310662132426486,1
39.375875175035006,1
29.573914782956592,1
6.063212642528505,1
13.484696939387877,1
22.614522904580916,1
46.69933986797359,1
47.27345469093819,1
32.76655331066213,1
22.124424884976996,1
24.224844968993796,1
16.439287857571514,1
23.580716143228646,1
27.585517103420685,1
26.157231446289256,1
23.496699339867973,1
7.855571114222844,1
26.50730146029206,1
29.195839167833565,1
26.017203440688135,1
31.058211642328466,1
23.202640528105622,1
49.76595319063813,1
21.564312862572514,1
38.28365673134627,1
25.919183836767353,1
22.530506101220244,1
26.143228645729145,1
14.618923784756952,1
28.859771954390876,1
23.090618123624726,1
37.09341868373674,1
43.576715343068614,1
11.90238047609522,1
31.618323664732944,1
9.82996599319864,1
26.367273454690938,1
27.865573114622922,1
39.431886377275454,1
26.7873574714943,1
31.618323664732944,1
17.125425085017003,1
36.44928985797159,1
26.773354670934186,1
40.52410482096419,1
16.94338867773555,1
13.02260452090418,1
24.140828165633128,1
32.47249449889978,1
22.880576115223043,1
8.513702740548108,1
32.89257851570314,1
32.038407681536306,1
32.69653930786157,1
29.111822364472893,1
29.097819563912783,1
18.035607121424285,1
22.824564912982595,1
20.528105621124226,1
32.8505701140228,1
39.57191438287657,1
24.840968193638727,1
23.874774954990997,1
34.19483896779356,1
20.36007201440288,1
29.965993198639726,1
24.056811362272455,1
25.83516703340668,1
12.252450490098019,1
39.459891978395675,1
16.719343868773755,1
41.2382476495299,1
11.650330066013202,1
15.44508901780356,1
24.58891778355671,1
34.83896779355871,1
29.769953990798157,1
36.16923384676935,1
37.009401880376075,1
35.413082616523305,1
43.92678535707141,1
24.85497099419884,1
31.464292858571714,1
48.08561712342468,1
19.001800360072014,1
25.54110822164433,1
29.391878375675134,1
30.078015603120623,1
23.076615323064612,1
38.46569313862773,1
12.854570914182837,1
15.991198239647929,1
32.55651130226045,1
22.264452890578116,1
25.527105421084215,1
16.90138027605521,1
29.741948389677933,1
26.395279055811162,1
20.458091618323664,1
16.62132426485297,1
11.762352470494099,1
32.23444688937788,1
11.42628525705141,1
22.83856771354271,1
36.08521704340868,1
25.597119423884777,1
25.87717543508702,1
20.752150430086015,1
16.69133826765353,1
30.694138827765553,1
21.410282056411283,1
10.404080816163232,1
19.26785357071414,1
24.336867373474693,1
31.92638527705541,1
21.228245649129825,1
13.204640928185636,1
35.37107421484297,1
32.90658131626325,1
27.319463892778554,1
25.83516703340668,1
30.428085617123426,1
39.305861172234444,1
13.30266053210642,1
25.779155831166232,1
37.037407481496295,1
34.13882776555311,1
10.166033206641329,1
18.413682736547308,1
47.455491098219646,1
29.08381676335267,1
19.239847969593917,1
31.842368473694737,1
17.349469893978796,1
21.032206441288256,1
8.065613122624525,1
20.108021604320864,1
29.111822364472893,1
18.721744348869773,1
22.068413682736548,1
23.650730146029204,1
31.366273254650928,1
26.073214642928583,1
12.896579315863173,1
35.5251050210042,1
45.95719143828766,1
27.165433086617323,1
32.64052810562112,1
17.335467093418682,1
24.09881976395279,1
24.056811362272455,1
17.167433486697337,1
15.067013402680535,1
22.65653130626125,1
18.84776955391078,1
20.808161632326463,1
13.442688537707541,1
26.689337867573514,1
41.54630926185237,1
31.15623124624925,1
17.72754550910182,1
38.00360072014403,1
16.509301860372073,1
11.720344068813763,1
25.093018603720743,1
32.864572914582915,1
37.8495699139828,1
30.876175235047008,1
32.30446089217843,1
12.406481296259251,1
37.373474694938984,1
15.473094618923785,1
25.05101020204041,1
24.644928985797158,1
7.673534706941388,1
19.211842368473693,1
43.884776955391075,1
24.16883376675335,1
36.757351470294054,1
17.615523104620923,1
37.905581116223246,1
18.231646329265853,1
19.04380876175235,1
29.573914782956592,1
21.83036607321464,1
19.827965593118623,1
34.54490898179636,1
17.37747549509902,1
18.749749949989997,1
23.930786157231445,1
27.193438687737547,1
26.213242648529704,1
28.425685137027404,1
18.69373874774955,1
21.95639127825565,1
18.917783556711342,1
23.146629325865174,1
13.442688537707541,1
33.270654130826166,1
24.210842168433686,1
34.796959391878374,1
24.280856171234245,1
32.41648329665933,1
19.12782556511302,1
23.524704940988197,1
19.239847969593917,1
36.99539907981596,1
44.038807761552306,1
34.614922984596916,1
30.498099619923984,1
23.146629325865174,1
21.102220444088818,1
19.239847969593917,1
26.899379875975193,1
21.634326865373072,1
31.57631526305261,1
15.64112822564513,1
31.43628725745149,1
11.132226445289058,1
32.44448889777956,1
31.492298459691938,1
15.921184236847369,1
30.428085617123426,1
19.365873174634928,1
22.97859571914383,1
22.600520104020802,1
25.779155831166232,1
15.767153430686136,1
9.49389877975595,1
31.128225645129024,1
16.537307461492297,1
24.742948589717944,1
24.5749149829966,1
25.05101020204041,1
11.916383276655331,1
32.584516903380674,1
22.586517303460692,1
19.477895579115824,1
42.37247449489898,1
20.878175635127025,1
21.97039407881576,1
21.368273654730945,1
25.87717543508702,1
18.06361272254451,1
17.18143628725745,1
29.29385877175435,1
28.81776355271054,1
9.577915583116622,1
29.111822364472893,1
26.689337867573514,1
19.911982396479296,1
28.005601120224043,1
24.182836567313462,1
12.350470094018803,1
29.50390078015603,1
48.53370674134827,1
15.123024604920984,1
21.494298859771956,1
8.695739147829565,1
32.30446089217843,1
15.879175835167032,1
24.812962592518502,1
28.859771954390876,1
18.049609921984395,1
34.432886577315465,1
31.842368473694737,1
34.62892578515703,1
40.174034806961394,1
40.98619723944789,1
13.344668933786757,1
30.27405481096219,1
29.055811162232445,1
11.790358071614323,1
35.83316663332666,1
26.31126225245049,1
8.261652330466093,1
35.567113422684535,1
21.87237447489498,1
14.016803360672133,1
40.818163632726545,1
18.48369673934787,1
11.202240448089618,1
34.02680536107221,1
20.668133626725343,1
20.836167233446687,1
25.317063412682536,1
39.90798159631926,1
28.985797159431886,1
11.77635527105421,1
15.79515903180636,1
25.919183836767353,1
28.59371874374875,1
19.477895579115824,1
16.327265453090618,1
35.21704340868173,1
43.856771354270855,1
30.106021204240847,1
25.079015803160633,1
31.002200440088018,1
27.109421884376875,1
15.781156231246248,1
44.43088617723544,1
22.99259851970394,1
13.400680136027205,1
14.492898579715943,1
16.46729345869174,1
17.307461492298458,1
20.598119623924784,1
29.01380276055211,1
34.69893978795759,1
43.99679935987197,1
25.569113822764553,1
27.179435887177434,1
17.461492298459692,1
31.842368473694737,1
30.778155631126225,1
47.42748549709942,1
21.06021204240848,1
34.04080816163233,1
30.80616123224645,1
28.57971594318864,1
42.42848569713943,1
23.930786157231445,1
9.801960392078415,1
25.429085817163433,1
25.82116423284657,1
41.63032606521304,1
12.252450490098019,1
16.929385877175434,1
19.141828365673135,1
16.229245849169832,1
28.831766353270652,1
33.4246849369874,1
36.37927585517103,1
45.69113822764553,1
37.59751950390078,1
26.479295859171835,1
22.110422084416882,1
18.035607121424285,1
24.16883376675335,1
21.284256851370273,1
38.40968193638728,1
34.44688937787557,1
47.9875975195039,1
26.717343468693738,1
20.976195239047808,1
16.495299059811963,1
27.71154230846169,1
21.438287657531507,1
18.581716343268653,1
22.236447289457892,1
33.03260652130426,1
14.60492098419684,1
49.471894378875774,1
20.668133626725343,1
34.99299859971994,1
39.011802360472096,1
39.29185837167434,1
24.462892578515703,1
26.73134626925385,1
30.17603520704141,1
26.619323864772955,1
15.361072214442888,1
33.46669333866773,1
9.871974394878976,1
25.023004600920185,1
19.60392078415683,1
31.85637127425485,1
28.467693538707742,1
40.23004600920184,1
36.183236647329466,1
25.163032606521302,1
22.964592918583715,1
35.903180636127225,1
37.009401880376075,1
21.144228845769153,1
9.801960392078415,1
22.628525705141026,1
23.076615323064612,1
22.558511702340468,1
45.943188637727545,1
25.68113622724545,1
43.4506901380276,1
27.543508701740347,1
43.28265653130626,1
42.008401680336064,1
40.0620124024805,1
13.064612922584516,1
19.547909581916382,1
13.974794958991797,1
27.655531106221243,1
39.067813562712544,1
18.30166033206641,1
30.750150030006,1
17.04140828165633,1
15.627125425085017,1
32.34646929385877,1
14.912982596519303,1
24.952990598119623,1
27.109421884376875,1
19.12782556511302,1
41.78435687137427,1
17.71354270854171,1
18.21764352870574,1
28.25765153030606,1
21.46629325865173,1
19.02980596119224,1
23.538707741548308,1
26.255251050210042,1
24.02880576115223,1
41.07021404280856,1
45.789157831566314,1
16.817363472694538,1
11.77635527105421,1
23.398679735947187,1
46.44728945789158,1
38.479695939187835,1
28.005601120224043,1
23.580716143228646,1
31.478295659131824,1
27.375475095019002,1
31.688337667533506,1
36.93938787757551,1
20.318063612722543,1
34.26485297059412,1
11.762352470494099,1
22.138427685537106,1
22.614522904580916,1
22.110422084416882,1
14.646929385877176,1
10.04000800160032,1
28.705741148229645,1
11.23024604920984,1
12.574514902980596,1
34.586917383476695,1
16.803360672134428,1
30.48409681936387,1
29.097819563912783,1
31.268253650730145,1
28.509701940388076,1
34.22284456891378,1
29.99399879975995,1
20.29005801160232,1
7.561512302460492,1
35.721144228845766,1
20.472094418883778,1
31.1002200440088,1
14.716943388677736,1
30.876175235047008,1
37.82156431286257,1
17.44748949789958,1
28.94378875775155,1
40.49609921984397,1
23.62272454490898,1
27.23544708941788,1
44.0248049609922,1
25.709141828365674,1
14.996999399879975,1
25.55511102220444,1
37.317463492698536,1
43.32466493298659,1
23.160632126425284,1
18.035607121424285,1
14.030806161232245,1
26.04520904180836,1
18.259651930386077,1
19.197839567913583,1
27.935587117423484,1
10.278055611122225,1
19.64592918583717,1
38.10162032406481,1
35.231046209241846,1
37.14942988597719,1
12.39247849569914,1
17.615523104620923,1
28.8877775555111,1
39.19383876775355,1
41.462292458491696,1
12.980596119223845,1
25.55511102220444,1
34.20884176835367,1
23.42668533706741,1
20.13602720544109,1
16.313262652530504,1
28.957791558311662,1
33.83076615323065,1
31.506301260252048,1
25.247049409881974,1
42.58251650330066,1
18.315663132626526,1
29.15383076615323,1
13.512702540508101,1
8.821764352870574,1
27.92158431686337,1
13.862772554510903,1
17.951590318063612,1
38.759751950390076,1
41.12622524504901,1
49.51390278055611,1
8.737747549509901,1
25.919183836767353,1
26.899379875975193,1
31.114222844568914,1
20.332066413282657,1
17.39147829565913,1
35.04900980196039,1
33.564712942588514,1
31.85637127425485,1
33.74674934986997,1
36.44928985797159,1
19.015803160632125,1
21.88637727545509,1
13.37267453490698,1
29.601920384076813,1
13.414682936587317,1
17.755551110222044,1
39.557911582316464,1
28.285657131426284,1
39.0258051610322,1
26.633326665333065,1
22.16643328665733,1
22.16643328665733,1
37.373474694938984,1
31.016203240648128,1
27.71154230846169,1
22.16643328665733,1
28.915783156631324,1
18.84776955391078,1
32.76655331066213,1
37.19143828765753,1
41.57431486297259,1
16.593318663732745,1
24.490898179635927,1
25.597119423884777,1
16.803360672134428,1
30.036007201440288,1
30.27405481096219,1
21.522304460892176,1
16.14522904580916,1
30.48409681936387,1
11.49629925985197,1
14.240848169633926,1
24.630926185237048,1
19.099819963992797,1
40.846169233846766,1
23.62272454490898,1
40.58011602320464,1
28.32766553310662,1
29.041808361672334,1
20.37407481496299,1
38.74574914982996,1
21.564312862572514,1
28.915783156631324,1
25.63912782556511,1
34.740948189637926,1
32.66853370674135,1
39.05381076215243,1
16.033206641328267,1
36.53330666133227,1
20.934186837367474,1
13.540708141628325,1
8.359671934386878,1
27.641528305661133,1
34.712942588517706,1
27.025405081016203,1
55.12902580516103,1
19.071814362872573,1
13.428685737147429,1
11.300260052010401,1
12.560512102420484,1
21.214242848569715,1
12.924584916983397,1
11.342268453690737,1
22.740548109621923,1
19.981996399279854,1
21.004200840168032,1
23.356671334266853,1
35.105021004200836,1
13.456691338267653,1
15.291058211642328,1
30.344068813762753,1
21.32626525305061,1
13.98879775955191,1
25.905181036207242,1
13.764752950590118,1
24.51890378075615,1
33.92878575715143,1
28.033606721344267,1
13.652730546109222,1
23.300660132026405,1
48.0996199239848,1
13.806761352270454,1
14.688937787557512,1
23.94478895779156,1
27.683536707341467,1
8.72374474894979,1
9.815963192638527,1
17.629525905181037,1
29.601920384076813,1
34.75495099019804,1
30.876175235047008,1
27.09541908381676,1
23.0626125225045,1
25.093018603720743,1
10.950190038007602,1
11.986397279455892,1
36.99539907981596,1
17.475495099019803,1
30.12002400480096,1
24.980996199239847,1
21.214242848569715,1
41.154230846169234,1
8.807761552310462,1
12.8125625125025,1
41.65833166633327,1
26.087217443488697,1
20.248049609921985,1
12.924584916983397,1
30.26005201040208,1
16.397279455891177,1
31.534306861372272,1
18.231646329265853,1
18.959791958391676,1
43.87077415483097,1
10.348069613922783,1
28.131626325265053,1
8.93378675735147,1
19.65993198639728,1
32.164432886577316,1
21.438287657531507,1
21.424284856971394,1
12.882576515303061,1
31.99639927985597,1
18.35767153430686,1
20.192038407681537,1
20.262052410482095,1
18.707741548309663,1
23.25865173034607,1
30.89017803560712,1
12.616523304660932,1
24.406881376275255,1
23.776755351070214,1
31.24024804960992,1
35.441088217643525,1
41.19623924784957,1
18.511702340468094,1
38.199639927985594,1
23.510702140428084,1
26.563312662532507,1
22.614522904580916,1
30.54010802160432,1
24.30886177235447,1
20.822164432886577,1
29.951990398079616,1
30.554110822164432,1
37.19143828765753,1
16.775355071014204,1
31.534306861372272,1
25.96119223844769,1
14.33886777355471,1
39.82396479295859,1
10.194038807761553,1
12.700540108021604,1
34.08281656331266,1
24.672934586917382,1
26.80136027205441,1
27.669533906781357,1
16.509301860372073,1
28.425685137027404,1
26.213242648529704,1
14.730946189237848,1
13.834766953390679,1
22.404480896179237,1
12.93858771754351,1
20.654130826165233,1
31.170234046809362,1
30.358071614322863,1
9.619923984796959,1
39.66993398679736,1
16.94338867773555,1
43.74474894978996,1
12.8125625125025,1
19.16983396679336,1
27.47349469893979,1
22.34846969393879,1
24.420884176835365,1
5.895179035807161,1
22.334466893378675,1
15.011002200440087,1
38.5497099419884,1
22.20844168833767,1
21.97039407881576,1
26.983396679335865,1
29.48989797959592,1
41.000200040008004,1
28.8877775555111,1
25.107021404280854,1
15.179035807161432,1
46.3632726545309,1
14.53490698139628,1
12.378475695139027,1
25.513102620524105,1
33.55071014202841,1
16.817363472694538,1
15.137027405481096,1
17.9375875175035,1
39.65593118623725,1
19.04380876175235,1
25.261052210442088,1
33.606721344268855,1
18.35767153430686,1
48.5757151430286,1
28.229645929185835,1
33.45269053810762,1
27.935587117423484,1
29.545909181836368,1
43.35267053410682,1
36.799359871974396,1
18.945789157831566,1
22.586517303460692,1
11.608321664332866,1
17.37747549509902,1
12.798559711942389,1
24.462892578515703,1
21.69033806761352,1
19.04380876175235,1
25.373074614922984,1
14.53490698139628,1
19.701940388077617,1
28.565713142628525,1
15.627125425085017,1
33.29865973194639,1
44.066813362672534,1
41.336267253450686,1
15.193038607721544,1
36.58931786357272,1
19.197839567913583,1
19.575915183036606,1
32.05241048209642,1
23.202640528105622,1
19.617923584716944,1
36.8133626725345,1
14.74494898979796,1
11.132226445289058,1
25.00900180036007,1
11.49629925985197,1
42.84856971394279,1
25.87717543508702,1
27.361472294458892,1
29.48989797959592,1
22.236447289457892,1
21.438287657531507,1
37.20544108821764,1
29.83996799359872,1
8.471694338867774,1
18.903780756151228,1
23.356671334266853,1
26.549309861972393,1
26.493298659731945,1
33.34066813362672,1
22.236447289457892,1
17.601520304060813,1
25.751150230046008,1
13.666733346669334,1
15.473094618923785,1
18.83376675335067,1
11.580316063212642,1
9.82996599319864,1
40.21604320864173,1
26.577315463092617,1
18.273654730946188,1
14.170834166833366,1
26.60532106421284,1
38.85777155431086,1
6.399279855971194,1
10.86617323464693,1
33.74674934986997,1
25.793158631726346,1
22.880576115223043,1
37.709541908381674,1
50.29805961192238,1
25.905181036207242,1
22.810562112422485,1
24.700940188037606,1
12.280456091218243,1
43.240648129625924,1
29.20984196839368,1
15.221044208841768,1
36.78535707141428,1
24.71494298859772,1
27.249449889977996,1
20.64012802560512,1
21.620324064812962,1
23.454690938187635,1
39.69793958791758,1
17.19543908781756,1
30.708141628325663,1
16.95739147829566,1
28.859771954390876,1
25.00900180036007,1
17.321464292858572,1
12.280456091218243,1
27.319463892778554,1
14.19883976795359,1
21.368273654730945,1
15.79515903180636,1
26.297259451890376,1
29.419883976795358,1
26.17123424684937,1
22.3624724944989,1
32.402480496099216,1
25.527105421084215,1
11.370274054810961,1
24.91098219643929,1
26.241248249649928,1
11.412282456491297,1
30.90418083616723,1
11.062212442488498,1
17.965593118623723,1
31.338267653530707,1
8.261652330466093,1
11.300260052010401,1
26.297259451890376,1
23.916783356671335,1
15.067013402680535,1
42.03640728145629,1
27.347469493898778,1
11.454290858171634,1
18.35767153430686,1
18.06361272254451,1
28.509701940388076,1
20.682136427285457,1
29.65793158631726,1
49.89197839567913,1
28.635727145429087,1
21.704340868173635,1
25.037007401480295,1
15.291058211642328,1
17.699539907981595,1
27.55751150230046,1
30.596119223844767,1
29.321864372874575,1
20.27605521104221,1
20.206041208241647,1
26.199239847969594,1
12.420484096819363,1
11.874374874974995,1
30.526105221044208,1
26.619323864772955,1
34.41888377675535,1
32.02440488097619,1
13.56871374274855,1
18.175635127025405,1
25.919183836767353,1
33.87277455491098,1
32.23444688937788,1
36.029205841168235,1
36.40728145629126,1
47.97359471894379,1
17.9375875175035,1
15.515103020604121,1
16.355271054210842,1
37.20544108821764,1
9.703940788157631,1
13.386677335467093,1
12.966593318663733,1
31.604320864172834,1
8.359671934386878,1
14.6749349869974,1
27.641528305661133,1
16.13122624524905,1
31.39427885577115,1
45.35507101420284,1
47.09141828365673,1
18.69373874774955,1
15.599119823964793,1
51.29225845169034,1
24.224844968993796,1
23.384676935387077,1
38.46569313862773,1
28.38367673534707,1
31.604320864172834,1
26.04520904180836,1
35.693138627725546,1
21.018203640728146,1
21.69033806761352,1
26.64732946589318,1
7.407481496299259,1
24.04280856171234,1
29.419883976795358,1
12.546509301860372,1
8.695739147829565,1
21.032206441288256,1
15.23504700940188,1
30.12002400480096,1
19.099819963992797,1
18.81976395279056,1
19.015803160632125,1
31.422284456891376,1
34.32086417283457,1
43.98279655931186,1
43.92678535707141,1
11.048209641928386,1
22.544508901780354,1
23.006601320264053,1
24.280856171234245,1
21.410282056411283,1
38.38167633526705,1
29.097819563912783,1
25.107021404280854,1
21.662332466493297,1
32.47249449889978,1
7.4914982996599315,1
21.60632126425285,1
24.51890378075615,1
24.16883376675335,1
21.452290458091618,1
17.51750350070014,1
34.614922984596916,1
34.81096219243849,1
11.398279655931185,1
26.269253850770152,1
29.615923184636927,1
27.893578715743146,1
19.74394878975795,1
36.211242248449686,1
30.106021204240847,1
14.142828565713142,1
27.08141628325665,1
33.228645729145825,1
31.464292858571714,1
36.211242248449686,1
38.80176035207041,1
20.612122424484895,1
42.14842968593719,1
11.524304860972194,1
35.70714142828566,1
23.916783356671335,1
28.075615123024605,1
19.58991798359672,1
29.181836367273455,1
27.067413482696537,1
30.27405481096219,1
11.888377675535107,1
18.62372474494899,1
31.22624524904981,1
24.182836567313462,1
15.375075015003,1
17.601520304060813,1
24.44888977795559,1
16.663332666533307,1
28.831766353270652,1
18.06361272254451,1
42.568513702740546,1
8.499699939987998,1
14.324864972994598,1
20.738147629525905,1
17.615523104620923,1
9.913982796559312,1
14.030806161232245,1
24.616923384676934,1
38.7877575515103,1
15.16503300660132,1
20.90618123624725,1
16.999399879975996,1
25.69513902780556,1
13.960792158431685,1
19.93998799759952,1
30.90418083616723,1
21.69033806761352,1
22.79655931186237,1
17.44748949789958,1
32.80856171234247,1
44.836967393478695,1
6.427285457091418,1
16.13122624524905,1
36.70134026805361,1
12.67253450690138,1
12.252450490098019,1
34.13882776555311,1
46.29325865173035,1
20.206041208241647,1
25.35907181436287,1
27.78155631126225,1
20.962192438487698,1
18.049609921984395,1
23.11862372474495,1
18.511702340468094,1
17.615523104620923,1
31.366273254650928,1
25.49909981996399,1
24.16883376675335,1
40.118023604720946,1
33.74674934986997,1
15.011002200440087,1
26.269253850770152,1
14.814962992598518,1
40.3000600120024,1
24.896979395879175,1
16.985397079415883,1
25.611122224444888,1
36.16923384676935,1
19.687937587517503,1
10.124024804960992,1
15.963192638527705,1
29.097819563912783,1
25.079015803160633,1
27.949589917983594,1
9.801960392078415,1
29.867973594718944,1
29.825965193038606,1
38.04560912182436,1
20.948189637927584,1
9.675935187037407,1
29.78395679135827,1
26.843368673734748,1
23.090618123624726,1
32.23444688937788,1
22.824564912982595,1
30.722144428885777,1
27.123424684936985,1
36.63132626525305,1
25.317063412682536,1
18.889777955591118,1
29.15383076615323,1
35.0630126025205,1
7.813562712542509,1
19.855971194238847,1
20.304060812162433,1
10.978195639127826,1
44.290858171634326,1
17.209441888377675,1
32.164432886577316,1
12.434486897379475,1
19.071814362872573,1
22.558511702340468,1
14.74494898979796,1
24.770954190838168,1
35.203040608121626,1
22.964592918583715,1
18.105621124224843,1
31.828365673134627,1
28.45369073814763,1
13.386677335467093,1
23.006601320264053,1
41.08421684336867,1
11.930386077215443,1
47.27345469093819,1
18.329665933186636,1
25.87717543508702,1
9.129825965193039,1
33.270654130826166,1
26.059211842368473,1
24.224844968993796,1
30.76415283056611,1
12.04240848169634,1
33.9007801560312,1
42.540508101620325,1
43.46469293858772,1
11.132226445289058,1
34.180836167233444,1
40.16003200640128,1
16.635327065413083,1
15.557111422284457,1
21.634326865373072,1
9.199839967993599,1
33.816763352670534,1
44.094818963792754,1
22.110422084416882,1
27.403480696139226,1
18.9877975595119,1
19.085817163432687,1
31.324264852970593,1
30.652130426085215,1
21.83036607321464,1
37.54150830166033,1
22.488497699539906,1
35.30106021204241,1
15.09501900380076,1
15.375075015003,1
14.576915383076615,1
46.39127825565113,1
30.45609121824365,1
33.67673534706941,1
15.067013402680535,1
24.65893178635727,1
24.51890378075615,1
39.97799559911982,1
31.744348869773955,1
15.039007801560311,1
25.107021404280854,1
40.55211042208442,1
26.157231446289256,1
22.040408081616324,1
36.46329265853171,1
24.630926185237048,1
19.225845169033807,1
50.46609321864373,1
44.010802160432085,1
17.349469893978796,1
30.526105221044208,1
18.67973594718944,1
34.53090618123625,1
16.397279455891177,1
34.90898179635927,1
38.53570714142828,1
33.55071014202841,1
21.95639127825565,1
13.526705341068213,1
30.036007201440288,1
28.915783156631324,1
21.172234446889377,1
42.30246049209842,1
15.963192638527705,1
18.959791958391676,1
22.138427685537106,1
41.32226445289058,1
31.800360072014403,1
18.399679935987198,1
29.65793158631726,1
41.54630926185237,1
23.4126825365073,1
28.173634726945387,1
24.30886177235447,1
37.58351670334067,1
23.11862372474495,1
16.257251450290056,1
33.52270454090818,1
33.53670734146829,1
30.4000800160032,1
27.96359271854371,1
37.14942988597719,1
21.214242848569715,1
22.390478095619123,1
34.69893978795759,1
32.36047209441888,1
15.739147829565912,1
15.44508901780356,1
9.059811962392478,1
34.796959391878374,1
38.05961192238448,1
8.947789557911582,1
25.569113822764553,1
19.281856371274255,1
45.43908781756351,1
28.859771954390876,1
21.130226045209042,1
26.31126225245049,1
22.138427685537106,1
23.55271054210842,1
34.26485297059412,1
31.324264852970593,1
30.27405481096219,1
29.041808361672334,1
30.68013602720544,1
16.999399879975996,1
37.45749149829966,1
43.086617323464694,1
46.53130626125225,1
6.049209841968393,1
24.126825365073014,1
24.602920584116823,1
22.390478095619123,1
36.239247849569914,1
15.221044208841768,1
16.677335467093418,1
25.107021404280854,1
43.04460892178435,1
29.01380276055211,1
21.004200840168032,1
31.24024804960992,1
9.507901580316062,1
13.666733346669334,1
23.146629325865174,1
24.5749149829966,1
12.910582116423285,1
20.92018403680736,1
36.93938787757551,1
31.366273254650928,1
26.059211842368473,1
22.614522904580916,1
34.75495099019804,1
30.41408281656331,1
31.268253650730145,1
42.9745949189838,1
24.350870174034807,1
22.85257051410282,1
22.768553710742147,1
30.652130426085215,1
30.90418083616723,1
36.77135427085417,1
11.986397279455892,1
32.54250850170034,1
33.62072414482896,1
34.34886977395479,1
20.318063612722543,1
42.55451090218043,1
7.365473094618924,1
40.46809361872374,1
24.53290658131626,1
19.057811562312462,1
33.91478295659132,1
6.357271454290858,1
20.668133626725343,1
31.85637127425485,1
26.143228645729145,1
19.085817163432687,1
25.69513902780556,1
20.444088817763554,1
16.733346669333866,1
6.833366673334667,1
31.464292858571714,1
14.26885377075415,1
20.09401880376075,1
17.643528705741147,1
22.0124024804961,1
26.157231446289256,1
27.319463892778554,1
23.776755351070214,1
21.228245649129825,1
23.104620924184836,1
40.42608521704341,1
17.223444688937786,1
29.50390078015603,1
20.332066413282657,1
49.961992398479694,1
20.09401880376075,1
20.024004800960192,1
37.87757551510302,1
10.362072414482896,1
13.526705341068213,1
26.871374274854972,1
18.427685537107422,1
15.389077815563112,1
16.55131026205241,1
30.694138827765553,1
22.530506101220244,1
16.70534106821364,1
50.38207641528305,1
21.214242848569715,1
33.564712942588514,1
25.40108021604321,1
34.37687537507502,1
19.673934786957393,1
30.792158431686335,1
28.845769153830766,1
29.08381676335267,1
16.831366273254652,1
16.21524304860972,1
14.520904180836167,1
23.60872174434887,1
52.818563712742545,1
15.30506101220244,1
22.964592918583715,1
24.336867373474693,1
34.180836167233444,1
27.837567513502698,1
23.314662932586515,1
26.423284656931386,1
40.39807961592318,1
25.583116623324663,1
31.744348869773955,1
19.841968393678734,1
22.040408081616324,1
11.860372074414883,1
29.741948389677933,1
27.22144428885777,1
17.475495099019803,1
32.29045809161832,1
26.423284656931386,1
7.463492698539707,1
13.148629725945188,1
26.241248249649928,1
22.768553710742147,1
22.040408081616324,1
29.99399879975995,1
26.241248249649928,1
15.599119823964793,1
17.461492298459692,1
23.55271054210842,1
20.472094418883778,1
25.68113622724545,1
15.16503300660132,1
32.76655331066213,1
27.641528305661133,1
20.528105621124226,1
22.34846969393879,1
18.133626725345067,1
15.557111422284457,1
23.216643328665732,1
27.263452690538106,1
34.40488097619524,1
9.591918383676735,1
31.59031806361272,1
23.566713342668532,1
19.365873174634928,1
10.614122824564912,1
33.45269053810762,1
26.675335067013403,1
16.005201040208043,1
31.842368473694737,1
21.662332466493297,1
21.004200840168032,1
24.336867373474693,1
32.38847769553911,1
22.040408081616324,1
16.971394278855772,1
9.703940788157631,1
46.67133426685337,1
21.298259651930387,1
13.148629725945188,1
38.689737947589514,1
32.248449689937985,1
34.89497899579916,1
12.182436487297458,1
32.90658131626325,1
28.425685137027404,1
24.938987797559513,1
33.43868773754751,1
40.67813562712542,1
35.24504900980196,1
31.9123824764953,1
25.34506901380276,1
30.106021204240847,1
15.767153430686136,1
34.306861372274454,1
12.658531706341268,1
9.857971594318863,1
19.855971194238847,1
18.567713542708542,1
38.115623124624925,1
19.239847969593917,1
46.78335667133427,1
47.46949389877975,1
38.5497099419884,1
25.135027005401078,1
20.752150430086015,1
18.62372474494899,1
19.057811562312462,1
23.860772154430887,1
27.039407881576313,1
19.65993198639728,1
29.30786157231446,1
17.545509101820365,1
37.289457891578316,1
19.365873174634928,1
7.729545909181836,1
3.850770154030806,1
19.225845169033807,1
30.736147229445887,1
32.34646929385877,1
15.753150630126024,1
20.178035607121423,1
26.46529305861172,1
31.002200440088018,1
25.597119423884777,1
9.857971594318863,1
30.036007201440288,1
8.79375875175035,1
45.55111022204441,1
9.325865173034607,1
31.29625925185037,1
15.79515903180636,1
10.04000800160032,1
21.38227645529106,1
9.857971594318863,1
26.535307061412283,1
20.388077615523105,1
27.809561912382474,1
26.12922584516903,1
17.81156231246249,1
15.081016203240647,1
20.43008601720344,1
19.687937587517503,1
28.425685137027404,1
36.14122824564913,1
25.34506901380276,1
22.376475295059013,1
32.1504300860172,1
25.55511102220444,1
13.428685737147429,1
22.054410882176434,1
20.13602720544109,1
19.617923584716944,1
34.04080816163233,1
13.078615723144628,1
20.752150430086015,1
12.658531706341268,1
21.004200840168032,1
47.2874574914983,1
32.23444688937788,1
16.915383076615324,1
25.233046609321864,1
31.422284456891376,1
26.577315463092617,1
41.07021404280856,1
33.200640128025604,1
16.047209441888377,1
25.723144628925784,1
18.55371074214843,1
14.40888177635527,1
23.496699339867973,1
23.356671334266853,1
21.774354870974193,1
23.94478895779156,1
33.04660932186437,1
36.46329265853171,1
35.413082616523305,1
12.74254850970194,1
11.818363672734547,1
29.475895179035806,1
17.335467093418682,1
28.369673934786956,1
14.002800560112021,1
40.34206841368273,1
13.680736147229446,1
25.919183836767353,1
20.29005801160232,1
19.533906781356272,1
30.246049209841967,1
16.34126825365073,1
8.611722344468893,1
35.161032206441284,1
32.47249449889978,1
22.964592918583715,1
12.378475695139027,1
33.00460092018404,1
20.402080416083216,1
37.45749149829966,1
48.001600320064014,1
41.85437087417483,1
21.18623724744949,1
36.07121424284857,1
41.1122224444889,1
25.121024204840968,1
25.34506901380276,1
38.25565113022604,1
33.91478295659132,1
15.7251450290058,1
33.08861772354471,1
44.30486097219444,1
48.3376675335067,1
20.500100020004002,1
22.320464092818565,1
37.45749149829966,1
20.808161632326463,1
28.59371874374875,1
25.723144628925784,1
14.856971394278855,1
22.418483696739347,1
15.431086217243449,1
36.50530106021204,1
30.232046409281857,1
28.159631926385277,1
26.213242648529704,1
28.299659931986398,1
24.196839367873572,1
13.246649329865972,1
17.51750350070014,1
8.709741948389677,1
14.100820164032806,1
16.62132426485297,1
23.230646129225846,1
12.4624924984997,1
28.551710342068414,1
28.215643128625725,1
29.741948389677933,1
18.049609921984395,1
33.508701740348066,1
11.622324464892978,1
10.74014802960592,1
24.154830966193238,1
28.551710342068414,1
25.135027005401078,1
40.38407681536307,1
21.410282056411283,1
24.616923384676934,1
24.78495699139828,1
9.115823164632927,1
39.921984396879374,1
26.353270654130824,1
15.361072214442888,1
19.58991798359672,1
26.283256651330266,1
25.177035407081416,1
33.7747549509902,1
30.372074414882977,1
39.44588917783557,1
27.69753950790158,1
28.411682336467294,1
17.209441888377675,1
33.71874374874975,1
16.033206641328267,1
17.71354270854171,1
17.67153430686137,1
42.540508101620325,1
15.361072214442888,1
22.85257051410282,1
22.040408081616324,1
11.398279655931185,1
41.29425885177035,1
17.699539907981595,1
35.875175035007,1
26.80136027205441,1
20.23404680936187,1
11.874374874974995,1
35.259051810362074,1
14.282856571314262,1
20.038007601520302,1
23.020604120824164,1
13.904780956191237,1
23.664732946589318,1
7.393478695739148,1
36.29525905181036,1
27.683536707341467,1
21.984396879375875,1
44.12282456491298,1
23.874774954990997,1
28.719743948789755,1
21.24224844968994,1
17.601520304060813,1
35.777155431086214,1
34.27885577115423,1
22.530506101220244,1
27.75355071014203,1
10.124024804960992,1
43.856771354270855,1
26.423284656931386,1
15.781156231246248,1
32.864572914582915,1
33.13062612522504,1
15.137027405481096,1
19.351870374074814,1
15.86517303460692,1
36.547309461892375,1
9.913982796559312,1
23.11862372474495,1
16.047209441888377,1
14.814962992598518,1
20.976195239047808,1
7.995599119823964,1
17.51750350070014,1
39.12382476495299,1
11.07621524304861,1
19.561912382476496,1
13.652730546109222,1
13.652730546109222,1
8.625725145029005,1
21.2002400480096,1
10.432086417283456,1
21.81636327265453,1
16.70534106821364,1
13.358671734346869,1
24.58891778355671,1
16.817363472694538,1
15.711142228445688,1
34.81096219243849,1
22.474494898979795,1
38.33966793358672,1
19.39387877575515,1
42.82056411282257,1
24.16883376675335,1
21.928385677135427,1
42.48449689937988,1
18.105621124224843,1
32.68253650730146,1
34.180836167233444,1
27.795559111822364,1
28.145629125825163,1
27.305461092218444,1
25.2750550110022,1
34.48889777955591,1
31.310262052410483,1
16.0752150430086,1
32.248449689937985,1
28.39767953590718,1
44.136827365473096,1
18.567713542708542,1
18.49769953990798,1
16.41128225645129,1
45.83116623324665,1
26.11522304460892,1
23.636727345469094,1
40.28605721144229,1
20.09401880376075,1
28.607721544308863,1
24.896979395879175,1
13.890778155631125,1
25.611122224444888,1
17.601520304060813,1
10.544108821764352,1
40.55211042208442,1
15.963192638527705,1
22.20844168833767,1
8.52770554110822,1
21.410282056411283,1
7.939587917583516,1
31.254250850170035,1
20.27605521104221,1
16.495299059811963,1
23.146629325865174,1
18.245649129825964,1
10.726145229045809,1
18.06361272254451,1
31.352270454090817,1
18.9877975595119,1
22.068413682736548,1
29.265853170634127,1
22.670534106821364,1
21.312262452490497,1
25.597119423884777,1
28.271654330866173,1
10.614122824564912,1
13.960792158431685,1
33.25665133026605,1
38.269653930786156,1
26.423284656931386,1
27.29145829165833,1
21.760352070414083,1
21.592318463692738,1
15.753150630126024,1
37.499499899979995,1
19.75795159031806,1
34.20884176835367,1
24.126825365073014,1
29.755951190238047,1
13.666733346669334,1
25.35907181436287,1
41.60232046409282,1
34.55891178235647,1
33.942788557711545,1
27.27745549109822,1
7.057411482296459,1
13.456691338267653,1
25.779155831166232,1
20.752150430086015,1
21.662332466493297,1
25.093018603720743,1
25.2750550110022,1
26.17123424684937,1
26.535307061412283,1
30.68013602720544,1
45.06101220244049,1
14.310862172434486,1
52.27245449089818,1
32.44448889777956,1
18.84776955391078,1
19.505901180236048,1
21.95639127825565,1
28.033606721344267,1
16.4252850570114,1
7.001400280056011,1
13.442688537707541,1
22.20844168833767,1
19.141828365673135,1
22.79655931186237,1
45.579115823164635,1
23.594718943788756,1
16.257251450290056,1
30.61012202440488,1
13.288657731546309,1
33.67673534706941,1
17.125425085017003,1
32.374474894978995,1
19.995999199839968,1
28.859771954390876,1
23.230646129225846,1
12.952590518103621,1
28.5377075415083,1
10.418083616723344,1
32.8505701140228,1
20.43008601720344,1
35.62312462492498,1
20.122024404880975,1
35.5251050210042,1
27.585517103420685,1
15.207041408281656,1
15.921184236847369,1
30.036007201440288,1
22.138427685537106,1
15.86517303460692,1
20.752150430086015,1
24.364872974594917,1
11.07621524304861,1
30.568113622724542,1
34.586917383476695,1
20.304060812162433,1
32.654530906181236,1
36.239247849569914,1
17.53150630126025,1
33.59271854370874,1
19.25385077015403,1
38.241648329665935,1
10.18003600720144,1
20.92018403680736,1
31.618323664732944,1
35.48309661932387,1
33.91478295659132,1
15.613122624524905,1
40.51010202040408,1
18.091618323664733,1
24.952990598119623,1
26.479295859171835,1
38.5497099419884,1
23.356671334266853,1
29.867973594718944,1
31.534306861372272,1
35.73514702940588,1
38.87177435487097,1
38.77375475095019,1
18.959791958391676,1
17.57351470294059,1
20.09401880376075,1
10.18003600720144,1
22.628525705141026,1
18.315663132626526,1
19.18383676735347,1
20.164032806561313,1
9.311862372474495,1
28.145629125825163,1
25.233046609321864,1
33.95679135827165,1
32.220444088817764,1
45.22904580916183,1
18.231646329265853,1
20.934186837367474,1
16.55131026205241,1
37.52750550110022,1
24.546909381876375,1
40.7621524304861,1
54.596919383876774,1
24.08481696339268,1
33.13062612522504,1
15.487097419483897,1
26.843368673734748,1
21.522304460892176,1
51.92238447689538,1
16.649329865973193,1
19.88397679535907,1
28.74774954990998,1
27.823564712942588,1
9.717943588717743,1
18.105621124224843,1
18.707741548309663,1
23.678735747149428,1
13.764752950590118,1
19.729945989197837,1
15.515103020604121,1
33.844768953790755,1
37.415483096619326,1
13.176635327065412,1
11.062212442488498,1
23.986797359471893,1
26.213242648529704,1
31.28225645129026,1
20.262052410482095,1
55.10102020404081,1
40.67813562712542,1
28.215643128625725,1
35.259051810362074,1
48.54770954190838,1
33.43868773754751,1
24.280856171234245,1
11.874374874974995,1
35.077015403080615,1
21.214242848569715,1
51.74034806961392,1
36.28125625125025,1
19.93998799759952,1
33.41068213642728,1
11.720344068813763,1
12.504500900180036,1
8.23364672934587,1
27.459491898379675,1
15.64112822564513,1
13.820764152830566,1
43.310662132426486,1
37.415483096619326,1
17.979595919183836,1
12.098419683936786,1
16.985397079415883,1
34.460892178435685,1
20.43008601720344,1
15.375075015003,1
27.851570314062812,1
27.23544708941788,1
41.47629525905181,1
13.330666133226645,1
34.334866973394675,1
20.318063612722543,1
30.302060412082415,1
30.89017803560712,1
20.654130826165233,1
43.5627125425085,1
41.2382476495299,1
26.74534906981396,1
34.81096219243849,1
32.710542108421684,1
25.513102620524105,1
14.450890178035607,1
33.34066813362672,1
25.20504100820164,1
38.28365673134627,1
14.170834166833366,1
29.125825165033007,1
27.347469493898778,1
43.15663132626525,1
43.07261452290458,1
54.9749949989998,1
22.754550910182036,1
18.329665933186636,1
26.04520904180836,1
24.39287857571514,1
15.711142228445688,1
25.21904380876175,1
33.46669333866773,1
43.95479095819164,1
12.238447689537907,1
7.89757951590318,1
23.11862372474495,1
15.963192638527705,1
27.333466693338668,1
32.89257851570314,1
26.969393878775755,1
20.794158831766353,1
8.569713942788557,1
31.058211642328466,1
29.01380276055211,1
11.090218043608722,1
31.520304060812162,1
33.200640128025604,1
20.71014202840568,1
32.62652530506101,1
37.59751950390078,1
31.324264852970593,1
12.67253450690138,1
37.10742148429686,1
40.31406281256251,1
14.954990998199639,1
21.32626525305061,1
30.218043608721743,1
23.860772154430887,1
26.577315463092617,1
17.461492298459692,1
47.2874574914983,1
16.34126825365073,1
24.224844968993796,1
9.465893178635726,1
21.368273654730945,1
12.700540108021604,1
25.89117823564713,1
40.44008801760352,1
48.04360872174435,1
34.89497899579916,1
19.12782556511302,1
41.50430086017203,1
37.69553910782156,1
13.862772554510903,1
28.57971594318864,1
38.451690338067614,1
34.0128025605121,1
20.86417283456691,1
18.455691138227646,1
8.499699939987998,1
7.561512302460492,1
23.7627525505101,1
6.65133026605321,1
43.800760152030406,1
34.51690338067613,1
29.64392878575715,1
25.05101020204041,1
44.55691138227645,1
26.017203440688135,1
17.2374474894979,1
38.04560912182436,1
35.95919183836767,1
39.1378275655131,1
25.471094218843767,1
39.921984396879374,1
17.65753150630126,1
16.593318663732745,1
9.199839967993599,1
12.8125625125025,1
34.53090618123625,1
28.87377475495099,1
16.495299059811963,1
24.210842168433686,1
20.22004400880176,1
25.20504100820164,1
13.02260452090418,1
19.64592918583717,1
41.182236447289455,1
15.907181436287257,1
16.677335467093418,1
32.97659531906381,1
24.672934586917382,1
34.39087817563512,1
24.09881976395279,1
28.649729945989197,1
28.929785957191438,1
12.994598919783957,1
26.12922584516903,1
13.23264652930586,1
17.783556711342268,1
15.403080616123225,1
12.04240848169634,1
34.460892178435685,1
29.405881176235248,1
27.55751150230046,1
23.916783356671335,1
26.283256651330266,1
14.310862172434486,1
17.643528705741147,1
30.512102420484094,1
23.13262652530506,1
34.3628725745149,1
15.879175835167032,1
22.278455691138227,1
16.439287857571514,1
29.965993198639726,1
11.622324464892978,1
22.068413682736548,1
25.06501300260052,1
35.46909381876375,1
40.74814962992598,1
32.36047209441888,1
27.69753950790158,1
46.097219443888775,1
13.56871374274855,1
32.30446089217843,1
6.903380676135227,1
35.161032206441284,1
39.557911582316464,1
32.654530906181236,1
31.072214442888576,1
21.24224844968994,1
9.311862372474495,1
32.402480496099216,1
20.528105621124226,1
13.624724944988998,1
22.824564912982595,1
23.496699339867973,1
20.72414482896579,1
30.26005201040208,1
26.213242648529704,1
34.922984596919385,1
16.48129625925185,1
19.11382276455291,1
7.6875375075015,1
32.528505701140226,1
34.32086417283457,1
14.954990998199639,1
36.70134026805361,1
31.898379675935185,1
30.90418083616723,1
40.09001800360072,1
36.309261852370476,1
30.80616123224645,1
16.13122624524905,1
30.106021204240847,1
19.827965593118623,1
24.882976595319064,1
19.11382276455291,1
23.048609721944388,1
28.74774954990998,1
33.21464292858572,1
27.41748349669934,1
17.489497899579916,1
15.459091818363673,1
26.703340668133627,1
26.633326665333065,1
27.319463892778554,1
11.63632726545309,1
13.288657731546309,1
17.139427885577113,1
26.535307061412283,1
19.617923584716944,1
34.712942588517706,1
33.06061212242449,1
31.002200440088018,1
8.779755951190237,1
26.227245449089818,1
29.055811162232445,1
19.351870374074814,1
36.09921984396879,1
21.95639127825565,1
19.11382276455291,1
26.74534906981396,1
28.145629125825163,1
38.941788357671534,1
18.329665933186636,1
26.689337867573514,1
28.901780356071214,1
28.11762352470494,1
33.270654130826166,1
38.605721144228845,1
24.08481696339268,1
14.478895779155831,1
16.62132426485297,1
16.495299059811963,1
30.862172434486897,1
11.412282456491297,1
19.12782556511302,1
37.19143828765753,1
18.609721944388877,1
23.34266853370674,1
13.722744548909782,1
22.054410882176434,1
18.105621124224843,1
27.69753950790158,1
25.191038207641526,1
18.707741548309663,1
9.63392678535707,1
45.789157831566314,1
12.070414082816564,1
18.665733146629325,1
20.57011402280456,1
39.08181636327265,1
25.40108021604321,1
24.882976595319064,1
23.706741348269652,1
40.692138427685535,1
35.077015403080615,1
13.750750150030006,1
39.61392278455691,1
20.486097219443888,1
24.04280856171234,1
36.61732346469294,1
32.23444688937788,1
14.324864972994598,1
8.317663532706542,1
27.361472294458892,1
37.3874774954991,1
38.10162032406481,1
27.71154230846169,1
26.549309861972393,1
19.617923584716944,1
19.099819963992797,1
24.91098219643929,1
35.37107421484297,1
42.03640728145629,1
20.262052410482095,1
10.46009201840368,1
17.601520304060813,1
33.78875775155031,1
30.13402680536107,1
25.20504100820164,1
32.584516903380674,1
17.72754550910182,1
28.439687937587518,1
14.506901380276055,1
13.736747349469894,1
12.882576515303061,1
22.97859571914383,1
17.39147829565913,1
12.700540108021604,1
24.44888977795559,1
27.025405081016203,1
24.826965393078616,1
32.55651130226045,1
42.694538907781556,1
31.030206041208242,1
28.32766553310662,1
14.6749349869974,1
41.47629525905181,1
24.112822564512904,1
34.712942588517706,1
38.199639927985594,1
12.910582116423285,1
20.90618123624725,1
33.45269053810762,1
24.014802960592117,1
14.562912582516503,1
34.02680536107221,1
11.874374874974995,1
20.86417283456691,1
26.493298659731945,1
30.092018403680736,1
36.211242248449686,1
21.354270854170835,1
33.10262052410482,1
29.48989797959592,1
28.341668333666732,1
35.39907981596319,1
30.47009401880376,1
10.558111622324464,1
35.94518903780756,1
31.758351670334065,1
25.83516703340668,1
8.877775555111022,1
30.27405481096219,1
28.59371874374875,1
23.972794558911783,1
46.223244648929786,1
30.092018403680736,1
15.039007801560311,1
16.509301860372073,1
45.38307661532306,1
36.93938787757551,1
27.165433086617323,1
7.561512302460492,1
16.873374674934986,1
22.0124024804961,1
19.16983396679336,1
18.84776955391078,1
23.94478895779156,1
42.93258651730346,1
32.79455891178235,1
19.211842368473693,1
23.538707741548308,1
40.972194438887776,1
29.92398479695939,1
27.75355071014203,1
29.139827965593117,1
43.38067613522704,1
24.686937387477496,1
31.044208841768352,1
9.689937987597519,1
30.27405481096219,1
32.48649729945989,1
19.099819963992797,1
32.7245449089818,1
28.845769153830766,1
13.330666133226645,1
31.464292858571714,1
34.152830566113224,1
22.264452890578116,1
21.102220444088818,1
38.143628725745145,1
41.16823364672935,1
24.9249849969994,1
37.87757551510302,1
35.39907981596319,1
49.21984396879376,1
16.257251450290056,1
21.942388477695538,1
42.12042408481696,1
18.385677135427084,1
24.154830966193238,1
13.554710942188438,1
42.078415683136626,1
20.458091618323664,1
10.614122824564912,1
14.044808961792357,1
21.228245649129825,1
21.88637727545509,1
42.21844368873774,1
28.24364872974595,1
19.04380876175235,1
16.509301860372073,1
18.20364072814563,1
25.68113622724545,1
10.74014802960592,1
37.219443888777754,1
33.662732546509304,1
27.109421884376875,1
18.55371074214843,1
27.47349469893979,1
17.461492298459692,1
18.469693938787756,1
30.848169633926783,1
27.459491898379675,1
11.664332866573314,1
16.8873774754951,1
19.981996399279854,1
32.738547709541905,1
32.54250850170034,1
35.18903780756151,1
34.48889777955591,1
20.066013202640526,1
26.66133226645329,1
13.974794958991797,1
28.845769153830766,1
18.67973594718944,1
33.3126625325065,1
35.259051810362074,1
15.599119823964793,1
18.119623924784957,1
16.817363472694538,1
30.708141628325663,1
27.599519903980795,1
11.510302060412082,1
28.20164032806561,1
30.17603520704141,1
35.0630126025205,1
19.25385077015403,1
18.609721944388877,1
16.089217843568715,1
20.038007601520302,1
29.71394278855771,1
14.492898579715943,1
39.78195639127826,1
30.582116423284656,1
29.64392878575715,1
8.429685937187438,1
26.101220244048807,1
16.327265453090618,1
32.528505701140226,1
20.514102820564112,1
36.6873374674935,1
23.510702140428084,1
48.26765353070614,1
35.32906581316263,1
23.580716143228646,1
38.521704340868176,1
21.004200840168032,1
17.307461492298458,1
25.569113822764553,1
31.506301260252048,1
39.305861172234444,1
29.20984196839368,1
18.595719143828767,1
27.165433086617323,1
21.438287657531507,1
36.32326465293058,1
11.916383276655331,1
22.50250050010002,1
28.8877775555111,1
23.104620924184836,1
12.420484096819363,1
22.278455691138227,1
18.133626725345067,1
21.452290458091618,1
13.484696939387877,1
33.662732546509304,1
27.389477895579116,1
37.9755951190238,1
24.602920584116823,1
20.09401880376075,1
29.671934386877375,1
15.44508901780356,1
22.600520104020802,1
16.523304660932187,1
11.188237647529506,1
19.46389277855571,1
24.980996199239847,1
26.283256651330266,1
27.96359271854371,1
15.263052610522104,1
21.984396879375875,1
40.24404880976195,1
29.64392878575715,1
33.8867773554711,1
31.422284456891376,1
28.45369073814763,1
38.395679135827166,1
27.319463892778554,1
7.883576715343068,1
31.016203240648128,1
12.098419683936786,1
10.488097619523904,1
16.775355071014204,1
43.96879375875175,1
32.990598119623925,1
22.964592918583715,1
32.10842168433687,1
33.21464292858572,1
8.583716743348669,1
9.717943588717743,1
32.220444088817764,1
21.788357671534307,1
46.9373874774955,1
15.263052610522104,1
14.226845369073814,1
8.975795159031806,1
11.482296459291858,1
31.92638527705541,1
31.954390878175634,1
16.21524304860972,1
27.1374274854971,1
32.23444688937788,1
42.89057811562312,1
25.625125025005,1
16.999399879975996,1
33.46669333866773,1
21.25625125025005,1
25.20504100820164,1
40.14602920584117,1
20.976195239047808,1
29.685937187437485,1
26.3252650530106,1
15.319063812762552,1
15.921184236847369,1
25.429085817163433,1
33.8867773554711,1
13.330666133226645,1
36.8133626725345,1
37.905581116223246,1
34.37687537507502,1
21.942388477695538,1
18.84776955391078,1
20.09401880376075,1
25.023004600920185,1
16.355271054210842,1
43.04460892178435,1
20.346069213842767,1
19.88397679535907,1
39.62792558511702,1
31.4502900580116,1
22.180436087217444,1
18.97379475895179,1
21.24224844968994,1
18.945789157831566,1
17.433486697339468,1
15.333066613322664,1
10.74014802960592,1
25.653130626125225,1
14.74494898979796,1
17.825565113022606,1
12.756551310262052,1
21.88637727545509,1
9.731946389277855,1
13.764752950590118,1
31.184236847369473,1
24.37887577515503,1
36.46329265853171,1
27.851570314062812,1
35.6371274254851,1
26.395279055811162,1
18.609721944388877,1
25.303060612122422,1
26.087217443488697,1
19.281856371274255,1
25.247049409881974,1
17.5875175035007,1
28.803760752150428,1
21.2002400480096,1
12.26645329065813,1
30.66613322664533,1
20.13602720544109,1
20.458091618323664,1
15.431086217243449,1
22.93658731746349,1
26.03120624124825,1
42.89057811562312,1
19.16983396679336,1
18.931786357271452,1
27.067413482696537,1
16.173234646929384,1
10.894178835767153,1
13.624724944988998,1
23.636727345469094,1
18.413682736547308,1
34.866973394678936,1
18.595719143828767,1
36.37927585517103,1
18.259651930386077,1
25.709141828365674,1
30.498099619923984,1
47.49749949989998,1
20.892178435687136,1
39.585917183436685,1
37.10742148429686,1
29.279855971194237,1
36.15523104620924,1
43.32466493298659,1
31.85637127425485,1
32.7245449089818,1
30.064012802560512,1
30.778155631126225,1
29.30786157231446,1
33.28465693138627,1
32.12242448489698,1
20.248049609921985,1
16.831366273254652,1
11.188237647529506,1
20.72414482896579,1
26.003200640128025,1
21.368273654730945,1
37.835567113422684,1
8.331666333266654,1
19.407881576315262,1
27.039407881576313,1
29.97999599919984,1
23.874774954990997,1
39.711942388477695,1
17.545509101820365,1
18.385677135427084,1
16.915383076615324,1
28.495699139827966,1
26.227245449089818,1
30.162032406481295,1
26.815363072614524,1
37.05141028205641,1
24.210842168433686,1
8.177635527105421,1
42.79255851170234,1
18.14762952590518,1
20.542108421684336,1
34.0128025605121,1
29.78395679135827,1
22.474494898979795,1
27.809561912382474,1
21.172234446889377,1
17.461492298459692,1
28.45369073814763,1
23.384676935387077,1
4.998999799959992,1
28.481696339267852,1
15.851170234046808,1
10.04000800160032,1
38.74574914982996,1
35.86117223444689,1
10.432086417283456,1
13.722744548909782,1
21.32626525305061,1
10.838167633526705,1
21.38227645529106,1
26.04520904180836,1
51.810362072414485,1
14.660932186437288,1
14.6749349869974,1
43.42268453690738,1
37.961592318463694,1
34.85297059411882,1
13.624724944988998,1
36.96739347869574,1
41.14022804560912,1
21.18623724744949,1
44.44488897779556,1
37.135427085417085,1
34.81096219243849,1
39.40388077615523,1
20.99019803960792,1
40.1880376075215,1
36.84136827365473,1
13.386677335467093,1
22.684536907381474,1
9.927985597119424,1
16.453290658131625,1
30.82016403280656,1
37.905581116223246,1
30.45609121824365,1
19.65993198639728,1
25.737147429485898,1
36.70134026805361,1
10.264052810562113,1
19.16983396679336,1
24.896979395879175,1
31.99639927985597,1
40.79015803160632,1
16.159231846369273,1
15.039007801560311,1
27.991598319663932,1
31.072214442888576,1
30.638127625525104,1
29.769953990798157,1
39.431886377275454,1
36.15523104620924,1
43.394678935787155,1
15.207041408281656,1
26.213242648529704,1
23.25865173034607,1
38.99779955991198,1
18.917783556711342,1
18.6377275455091,1
21.032206441288256,1
16.257251450290056,1
32.584516903380674,1
32.23444688937788,1
23.986797359471893,1
17.993598719743947,1
24.896979395879175,1
34.60092018403681,1
26.059211842368473,1
29.405881176235248,1
30.106021204240847,1
21.144228845769153,1
11.440288057611522,1
23.60872174434887,1
12.112422484496898,1
14.954990998199639,1
32.31846369273855,1
22.530506101220244,1
19.4498899779956,1
36.337267453490696,1
38.71774354870974,1
8.177635527105421,1
18.2876575315063,1
25.96119223844769,1
16.635327065413083,1
17.53150630126025,1
27.445489097819564,1
28.271654330866173,1
29.50390078015603,1
22.46049209841968,1
32.33246649329866,1
14.982996599319863,1
13.330666133226645,1
28.24364872974595,1
17.419483896779354,1
29.92398479695939,1
10.194038807761553,1
19.015803160632125,1
25.87717543508702,1
23.314662932586515,1
41.770354070814165,1
32.7245449089818,1
25.2750550110022,1
22.3624724944989,1
48.393678735747145,1
27.501500300060012,1
12.784556911382277,1
24.86897379475895,1
16.27125425085017,1
24.08481696339268,1
28.06161232246449,1
22.404480896179237,1
35.14702940588118,1
20.878175635127025,1
33.270654130826166,1
16.915383076615324,1
24.686937387477496,1
24.78495699139828,1
11.70634126825365,1
33.760752150430086,1
37.807561512302456,1
43.646729345869176,1
22.810562112422485,1
26.241248249649928,1
28.1876375275055,1
35.721144228845766,1
22.320464092818565,1
26.087217443488697,1
35.88917783556711,1
28.019603920784157,1
31.464292858571714,1
17.44748949789958,1
27.683536707341467,1
32.36047209441888,1
55.92718543708742,1
21.130226045209042,1
24.37887577515503,1
44.44488897779556,1
17.405481096219244,1
13.764752950590118,1
30.162032406481295,1
8.751750350070013,1
34.62892578515703,1
14.562912582516503,1
19.617923584716944,1
7.785557111422285,1
17.475495099019803,1
25.89117823564713,1
15.09501900380076,1
32.75255051010202,1
10.39007801560312,1
16.649329865973193,1
17.783556711342268,1
47.24544908981796,1
21.998399679935986,1
38.479695939187835,1
23.678735747149428,1
30.344068813762753,1
30.89017803560712,1
24.23884776955391,1
44.51490298059612,1
27.837567513502698,1
13.806761352270454,1
25.163032606521302,1
25.471094218843767,1
23.650730146029204,1
20.500100020004002,1
18.231646329265853,1
12.756551310262052,1
27.361472294458892,1
36.757351470294054,1
23.972794558911783,1
27.053410682136427,1
33.70474094818964,1
20.99019803960792,1
30.12002400480096,1
36.519303860772155,1
13.834766953390679,1
24.37887577515503,1
22.22244448889778,1
25.331066213242647,1
31.212242448489697,1
12.04240848169634,1
31.22624524904981,1
25.68113622724545,1
28.341668333666732,1
27.305461092218444,1
29.321864372874575,1
14.380876175235047,1
22.85257051410282,1
18.469693938787756,1
21.81636327265453,1
32.038407681536306,1
26.255251050210042,1
23.664732946589318,1
21.032206441288256,1
19.95399079815963,1
24.85497099419884,1
30.708141628325663,1
15.781156231246248,1
12.014402880576116,1
16.369273854770952,1
12.26645329065813,1
21.11622324464893,1
24.364872974594917,1
19.60392078415683,1
36.65933186637327,1
16.523304660932187,1
33.228645729145825,1
30.13402680536107,1
24.672934586917382,1
33.508701740348066,1
22.376475295059013,1
20.528105621124226,1
19.981996399279854,1
14.53490698139628,1
23.94478895779156,1
44.1508301660332,1
38.689737947589514,1
17.71354270854171,1
13.652730546109222,1
18.581716343268653,1
14.842968593718743,1
31.9123824764953,1
24.71494298859772,1
32.164432886577316,1
27.47349469893979,1
44.808961792358474,1
24.056811362272455,1
27.725545109021805,1
14.478895779155831,1
31.464292858571714,1
13.84876975395079,1
17.349469893978796,1
26.283256651330266,1
21.004200840168032,1
23.13262652530506,1
32.68253650730146,1
40.45409081816363,1
36.16923384676935,1
20.752150430086015,1
41.22424484896979,1
18.81976395279056,1
22.78255651130226,1
22.51650330066013,1
18.525705141028205,1
43.75875175035007,1
35.51110222044409,1
48.281656331266255,1
31.268253650730145,1
27.333466693338668,1
39.865973194638926,1
15.44508901780356,1
38.84376875375075,1
18.62372474494899,1
27.41748349669934,1
20.892178435687136,1
31.28225645129026,1
34.54490898179636,1
29.195839167833565,1
28.775755151030204,1
31.954390878175634,1
12.910582116423285,1
19.93998799759952,1
21.578315663132624,1
25.457091418283657,1
29.139827965593117,1
14.730946189237848,1
21.312262452490497,1
46.713342668533706,1
10.39007801560312,1
19.575915183036606,1
19.225845169033807,1
30.428085617123426,1
17.279455891178234,1
25.177035407081416,1
15.767153430686136,1
33.08861772354471,1
28.81776355271054,1
48.365673134626924,1
22.180436087217444,1
12.658531706341268,1
17.069413882776555,1
17.53150630126025,1
42.5125025005001,1
28.971794358871772,1
12.910582116423285,1
25.06501300260052,1
20.332066413282657,1
49.55591118223644,1
41.63032606521304,1
34.9369873974795,1
43.604720944188834,1
32.30446089217843,1
19.701940388077617,1
22.34846969393879,1
26.157231446289256,1
26.52130426085217,1
13.526705341068213,1
23.076615323064612,1
42.288457691538305,1
35.83316663332666,1
13.610722144428886,1
11.468293658731746,1
40.21604320864173,1
32.7245449089818,1
31.87037407481496,1
27.445489097819564,1
23.510702140428084,1
24.882976595319064,1
24.210842168433686,1
39.795959191838364,1
23.104620924184836,1
42.750550110022004,1
13.70874174834967,1
28.39767953590718,1
44.33286657331466,1
21.102220444088818,1
46.26525305061012,1
11.678335667133426,1
12.322464492898579,1
15.809161832366472,1
15.739147829565912,1
32.23444688937788,1
35.5251050210042,1
22.79655931186237,1
24.616923384676934,1
21.578315663132624,1
52.91658331666333,1
21.998399679935986,1
33.326665333066614,1
44.58491698339668,1
40.608121624324866,1
45.0750150030006,1
24.29485897179436,1
30.736147229445887,1
28.57971594318864,1
16.019203840768153,1
16.27125425085017,1
16.62132426485297,1
19.071814362872573,1
22.79655931186237,1
22.16643328665733,1
42.31646329265853,1
7.96759351870374,1
25.107021404280854,1
17.53150630126025,1
16.103220644128825,1
32.36047209441888,1
10.586117223444688,1
19.841968393678734,1
21.102220444088818,1
11.398279655931185,1
23.034606921384277,1
31.338267653530707,1
35.09101820364073,1
39.41788357671534,1
24.9249849969994,1
14.352870574114823,1
12.910582116423285,1
23.930786157231445,1
8.471694338867774,1
21.564312862572514,1
14.002800560112021,1
31.954390878175634,1
16.21524304860972,1
20.752150430086015,1
24.742948589717944,1
26.017203440688135,1
45.38307661532306,1
31.016203240648128,1
32.36047209441888,1
34.19483896779356,1
29.517903580716144,1
27.41748349669934,1
22.404480896179237,1
30.372074414882977,1
7.589517903580716,1
12.182436487297458,1
21.228245649129825,1
27.683536707341467,1
29.43388677735547,1
7.869573914782956,1
43.77275455091018,1
15.501100220044009,1
22.586517303460692,1
19.7999599919984,1
17.027405481096217,1
28.74774954990998,1
37.07941588317664,1
34.460892178435685,1
43.74474894978996,1
25.163032606521302,1
29.517903580716144,1
13.148629725945188,1
20.122024404880975,1
22.054410882176434,1
29.895979195839168,1
8.695739147829565,1
17.307461492298458,1
21.578315663132624,1
11.832366473294659,1
25.331066213242647,1
24.72894578915783,1
22.194438887777554,1
27.1374274854971,1
10.824164832966593,1
16.159231846369273,1
28.999799959991996,1
37.653530706141225,1
21.130226045209042,1
29.139827965593117,1
28.369673934786956,1
23.538707741548308,1
15.823164632926584,1
19.365873174634928,1
38.731746349269855,1
32.62652530506101,1
28.019603920784157,1
4.578915783156631,1
34.83896779355871,1
25.63912782556511,1
26.871374274854972,1
25.471094218843767,1
25.611122224444888,1
14.254850970194038,1
24.53290658131626,1
19.88397679535907,1
33.91478295659132,1
35.6371274254851,1
27.43148629725945,1
35.97319463892779,1
30.358071614322863,1
35.14702940588118,1
30.974194838967794,1
36.84136827365473,1
10.250050010002001,1
24.266853370674134,1
17.013402680536107,1
23.384676935387077,1
22.418483696739347,1
28.635727145429087,1
27.445489097819564,1
41.91038207641528,1
34.83896779355871,1
26.927385477095417,1
9.75995199039808,1
17.741548309661933,1
30.092018403680736,1
24.51890378075615,1
14.506901380276055,1
18.119623924784957,1
11.454290858171634,1
24.462892578515703,1
33.480696139227845,1
19.60392078415683,1
45.95719143828766,1
34.57291458291658,1
41.08421684336867,1
8.947789557911582,1
27.655531106221243,1
35.693138627725546,1
35.077015403080615,1
17.013402680536107,1
30.27405481096219,1
46.11122224444889,1
15.557111422284457,1
27.109421884376875,1
28.019603920784157,1
27.459491898379675,1
24.9249849969994,1
17.083416683336665,1
24.616923384676934,1
18.133626725345067,1
15.893178635727145,1
13.064612922584516,1
34.40488097619524,1
14.310862172434486,1
18.76375275055011,1
32.20644128825765,1
34.180836167233444,1
10.32006401280256,1
11.916383276655331,1
14.240848169633926,1
36.645329065813165,1
32.30446089217843,1
17.09741948389678,1
8.205641128225645,1
20.8501700340068,1
25.96119223844769,1
37.7375475095019,1
33.85877175435087,1
15.081016203240647,1
17.601520304060813,1
23.370674134826963,1
18.385677135427084,1
23.048609721944388,1
35.749149829965994,1
26.157231446289256,1
38.61972394478896,1
33.70474094818964,1
29.85397079415883,1
17.2374474894979,1
10.93618723744749,1
46.32126425285057,1
31.170234046809362,1
18.259651930386077,1
15.739147829565912,1
26.535307061412283,1
35.693138627725546,1
28.81776355271054,1
31.044208841768352,1
16.327265453090618,1
33.018603720744146,1
20.62612522504501,1
35.79115823164633,1
34.26485297059412,1
29.685937187437485,1
39.249849969993996,1
28.929785957191438,1
36.855371074214844,1
33.24264852970594,1
27.109421884376875,1
21.172234446889377,1
33.43868773754751,1
34.55891178235647,1
23.27265453090618,1
7.183436687337467,1
22.22244448889778,1
18.791758351670335,1
18.315663132626526,1
17.321464292858572,1
37.471494298859774,1
39.72594518903781,1
26.759351870374076,1
17.11142228445689,1
25.457091418283657,1
43.604720944188834,1
22.99259851970394,1
17.39147829565913,1
34.4748949789958,1
30.582116423284656,1
22.138427685537106,1
28.831766353270652,1
25.82116423284657,1
45.38307661532306,1
23.832766553310663,1
24.182836567313462,1
34.99299859971994,1
27.445489097819564,1
23.356671334266853,1
16.13122624524905,1
11.608321664332866,1
12.560512102420484,1
34.4748949789958,1
26.535307061412283,1
12.700540108021604,1
27.501500300060012,1
20.78015603120624,1
39.08181636327265,1
41.54630926185237,1
37.905581116223246,1
28.019603920784157,1
7.365473094618924,1
24.616923384676934,1
22.29245849169834,1
24.616923384676934,1
19.407881576315262,1
11.23024604920984,1
35.24504900980196,1
43.38067613522704,1
14.422884576915383,1
25.247049409881974,1
36.15523104620924,1
24.840968193638727,1
26.73134626925385,1
8.667733546709341,1
30.302060412082415,1
21.942388477695538,1
28.705741148229645,1
18.525705141028205,1
12.714542908581716,1
17.05541108221644,1
33.844768953790755,1
36.01520304060812,1
29.92398479695939,1
17.25145029005801,1
33.844768953790755,1
24.798959791958392,1
28.11762352470494,1
24.980996199239847,1
41.99439887977596,1
16.719343868773755,1
38.84376875375075,1
18.609721944388877,1
29.16783356671334,1
27.41748349669934,1
18.511702340468094,1
11.272254450890177,1
20.164032806561313,1
24.30886177235447,1
16.76135227045409,1
23.81876375275055,1
37.037407481496295,1
63.040608121624324,1
8.667733546709341,1
19.687937587517503,1
10.558111622324464,1
25.69513902780556,1
30.428085617123426,1
28.313662732546508,1
20.304060812162433,1
21.46629325865173,1
21.73234646929386,1
22.78255651130226,1
32.31846369273855,1
17.05541108221644,1
9.017803560712142,1
27.109421884376875,1
14.40888177635527,1
24.770954190838168,1
21.578315663132624,1
29.811962392478495,1
27.403480696139226,1
34.306861372274454,1
10.418083616723344,1
22.44648929785957,1
22.880576115223043,1
26.885377075415082,1
34.83896779355871,1
20.878175635127025,1
15.039007801560311,1
14.310862172434486,1
22.614522904580916,1
14.310862172434486,1
31.534306861372272,1
20.1500300060012,1
8.821764352870574,1
38.05961192238448,1
18.14762952590518,1
17.783556711342268,1
15.263052610522104,1
27.459491898379675,1
24.140828165633128,1
38.35367073414683,1
31.660332066413282,1
27.739547909581916,1
37.72354470894179,1
19.561912382476496,1
19.897979595919182,1
43.19863972794559,1
12.154430886177234,1
22.20844168833767,1
38.53570714142828,1
11.300260052010401,1
51.138227645529106,1
25.905181036207242,1
26.46529305861172,1
27.865573114622922,1
22.85257051410282,1
32.20644128825765,1
31.940388077615523,1
20.76615323064613,1
42.23244648929786,1
9.56391278255651,1
38.46569313862773,1
25.261052210442088,1
24.462892578515703,1
14.940988197639527,1
34.02680536107221,1
42.568513702740546,1
34.50290058011602,1
19.491898379675934,1
25.989197839567915,1
32.97659531906381,1
25.68113622724545,1
30.022004400880174,1
23.244648929785956,1
14.716943388677736,1
23.146629325865174,1
19.351870374074814,1
42.23244648929786,1
30.302060412082415,1
10.726145229045809,1
16.873374674934986,1
17.139427885577113,1
30.512102420484094,1
38.479695939187835,1
30.862172434486897,1
28.59371874374875,1
19.491898379675934,1
32.8505701140228,1
35.88917783556711,1
15.767153430686136,1
27.4874974994999,1
15.64112822564513,1
20.164032806561313,1
21.312262452490497,1
33.80276055211042,1
33.43868773754751,1
26.619323864772955,1
28.369673934786956,1
19.93998799759952,1
16.033206641328267,1
27.585517103420685,1
22.530506101220244,1
17.755551110222044,1
26.66133226645329,1
24.462892578515703,1
41.1122224444889,1
23.846769353870773,1
17.755551110222044,1
27.41748349669934,1
13.63872774554911,1
12.308461692338467,1
33.690738147629524,1
26.059211842368473,1
20.90618123624725,1
13.008601720344068,1
27.347469493898778,1
18.959791958391676,1
25.261052210442088,1
35.00700140028005,1
13.008601720344068,1
28.173634726945387,1
35.80516103220644,1
25.49909981996399,1
20.36007201440288,1
35.0630126025205,1
30.932186437287456,1
19.561912382476496,1
38.64772954590918,1
18.62372474494899,1
10.306061212242447,1
15.039007801560311,1
41.49029805961192,1
47.18943788757751,1
30.596119223844767,1
39.65593118623725,1
14.856971394278855,1
21.410282056411283,1
10.068013602720544,1
12.210442088417683,1
32.62652530506101,1
11.202240448089618,1
45.63512702540508,1
41.07021404280856,1
34.50290058011602,1
25.69513902780556,1
19.015803160632125,1
31.73034606921384,1
17.85357071414283,1
38.21364272854571,1
29.48989797959592,1
13.148629725945188,1
38.29765953190638,1
34.27885577115423,1
30.17603520704141,1
32.248449689937985,1
7.995599119823964,1
11.202240448089618,1
17.923584716943388,1
36.35127025405081,1
21.172234446889377,1
39.837967593518705,1
30.638127625525104,1
34.27885577115423,1
22.600520104020802,1
15.109021804360871,1
38.36767353470694,1
17.909581916383278,1
30.31606321264253,1
14.618923784756952,1
12.336467293458691,1
15.991198239647929,1
39.33386677335467,1
37.7375475095019,1
36.58931786357272,1
22.628525705141026,1
32.6125225045009,1
15.109021804360871,1
15.921184236847369,1
18.49769953990798,1
29.909981996399278,1
20.962192438487698,1
8.0376075215043,1
32.48649729945989,1
21.410282056411283,1
14.884976995399079,1
47.329465893178636,1
49.44388877775555,1
14.044808961792357,1
27.347469493898778,1
36.239247849569914,1
22.670534106821364,1
28.39767953590718,1
29.71394278855771,1
35.693138627725546,1
16.201240248049608,1
21.634326865373072,1
20.62612522504501,1
14.870974194838967,1
31.492298459691938,1
37.2754550910182,1
33.99879975995199,1
25.737147429485898,1
29.097819563912783,1
39.347869573914785,1
32.97659531906381,1
45.35507101420284,1
23.860772154430887,1
28.971794358871772,1
30.27405481096219,1
17.433486697339468,1
15.823164632926584,1
15.347069413882776,1
22.824564912982595,1
37.79355871174235,1
16.523304660932187,1
25.751150230046008,1
29.321864372874575,1
17.167433486697337,1
14.12882576515303,1
12.294458891778355,1
17.53150630126025,1
10.18003600720144,1
20.13602720544109,1
29.139827965593117,1
23.160632126425284,1
10.432086417283456,1
41.000200040008004,1
8.667733546709341,1
28.38367673534707,1
9.227845569113823,1
25.68113622724545,1
33.99879975995199,1
13.484696939387877,1
17.19543908781756,1
24.65893178635727,1
32.87857571514303,1
20.934186837367474,1
24.560912182436486,1
30.89017803560712,1
22.474494898979795,1
19.32386477295459,1
28.24364872974595,1
46.88137627525505,1
33.83076615323065,1
18.245649129825964,1
29.405881176235248,1
21.592318463692738,1
33.39667933586717,1
28.39767953590718,1
19.32386477295459,1
22.474494898979795,1
16.789357871574314,1
30.48409681936387,1
40.13202640528105,1
6.7073414682936585,1
27.599519903980795,1
25.919183836767353,1
24.014802960592117,1
12.67253450690138,1
24.86897379475895,1
10.502100420084016,1
26.46529305861172,1
13.050610122024404,1
15.893178635727145,1
13.512702540508101,1
32.94858971794359,1
24.09881976395279,1
14.422884576915383,1
39.20784156831366,1
25.471094218843767,1
25.40108021604321,1
18.9877975595119,1
9.157831566313263,1
12.714542908581716,1
50.9001800360072,1
26.577315463092617,1
14.926985397079415,1
33.71874374874975,1
42.58251650330066,1
46.19523904780956,1
23.25865173034607,1
34.85297059411882,1
30.750150030006,1
11.314262852570513,1
20.934186837367474,1
25.20504100820164,1
12.854570914182837,1
43.98279655931186,1
29.111822364472893,1
21.88637727545509,1
10.054010802160432,1
13.23264652930586,1
48.25365073014603,1
28.775755151030204,1
16.243248649729946,1
24.070814162832566,1
31.184236847369473,1
21.088217643528704,1
18.34366873374675,1
17.545509101820365,1
33.85877175435087,1
41.07021404280856,1
20.178035607121423,1
21.508301660332066,1
16.46729345869174,1
27.4874974994999,1
13.84876975395079,1
31.63232646529306,1
39.62792558511702,1
44.654930986197236,1
36.28125625125025,1
26.829365873174634,1
25.35907181436287,1
34.334866973394675,1
18.427685537107422,1
19.46389277855571,1
31.99639927985597,1
12.882576515303061,1
28.87377475495099,1
25.135027005401078,1
19.995999199839968,1
10.824164832966593,1
32.36047209441888,1
34.65693138627726,1
20.164032806561313,1
23.720744148829766,1
29.615923184636927,1
35.27305461092218,1
44.82296459291858,1
20.682136427285457,1
24.154830966193238,1
14.82896579315863,1
15.599119823964793,1
18.791758351670335,1
41.08421684336867,1
21.634326865373072,1
18.2876575315063,1
21.2002400480096,1
6.903380676135227,1
25.079015803160633,1
17.67153430686137,1
14.002800560112021,1
25.83516703340668,1
26.64732946589318,1
30.442088417683536,1
33.7747549509902,1
31.800360072014403,1
40.14602920584117,1
25.373074614922984,1
9.871974394878976,1
32.7245449089818,1
26.899379875975193,1
11.314262852570513,1
33.25665133026605,1
28.173634726945387,1
16.60732146429286,1
28.621724344868973,1
36.70134026805361,1
6.609321864372874,1
19.827965593118623,1
24.966993398679737,1
24.65893178635727,1
44.55691138227645,1
14.12882576515303,1
38.10162032406481,1
22.194438887777554,1
32.76655331066213,1
17.489497899579916,1
33.074614922984594,1
11.342268453690737,1
12.980596119223845,1
26.73134626925385,1
36.43528705741148,1
21.06021204240848,1
20.262052410482095,1
40.13202640528105,1
34.432886577315465,1
36.93938787757551,1
10.964192838567714,1
30.358071614322863,1
27.949589917983594,1
35.105021004200836,1
28.10362072414483,1
22.85257051410282,1
29.6999399879976,1
37.82156431286257,1
37.35947189437888,1
22.78255651130226,1
24.490898179635927,1
37.82156431286257,1
18.581716343268653,1
25.093018603720743,1
29.391878375675134,1
26.059211842368473,1
15.879175835167032,1
32.17843568713743,1
26.535307061412283,1
23.7627525505101,1
35.34306861372274,1
26.95539107821564,1
44.97699539907981,1
33.45269053810762,1
27.109421884376875,1
31.366273254650928,1
15.739147829565912,1
36.6873374674935,1
24.02880576115223,1
32.54250850170034,1
31.506301260252048,1
24.85497099419884,1
32.51450290058011,1
6.553310662132426,1
23.34266853370674,1
14.212842568513702,1
12.67253450690138,1
34.26485297059412,1
11.454290858171634,1
28.52370474094819,1
17.699539907981595,1
20.248049609921985,1
24.99499899979996,1
10.74014802960592,1
8.821764352870574,1
21.900380076015203,1
53.05661132226445,1
24.266853370674134,1
43.75875175035007,1
40.0620124024805,1
37.863572714542904,1
32.79455891178235,1
36.9253850770154,1
11.49629925985197,1
22.97859571914383,1
34.796959391878374,1
20.23404680936187,1
19.421884376875376,1
16.4252850570114,1
29.279855971194237,1
12.756551310262052,1
23.90278055611122,1
5.965193038607722,1
48.001600320064014,1
27.193438687737547,1
20.62612522504501,1
39.69793958791758,1
25.905181036207242,1
33.73274654930986,1
26.619323864772955,1
16.27125425085017,1
37.06541308261652,1
25.191038207641526,1
14.576915383076615,1
47.86157231446289,1
13.722744548909782,1
18.805761152230446,1
25.989197839567915,1
20.78015603120624,1
36.309261852370476,1
25.233046609321864,1
23.356671334266853,1
13.414682936587317,1
37.933586717343466,1
37.24744948989798,1
24.000800160032007,1
23.594718943788756,1
28.481696339267852,1
33.564712942588514,1
29.265853170634127,1
37.30346069213843,1
21.844368873774755,1
9.605921184236847,1
17.153430686137227,1
29.377875575115024,1
21.368273654730945,1
30.008001600320064,1
18.329665933186636,1
22.964592918583715,1
12.056411282256452,1
32.38847769553911,1
40.09001800360072,1
32.8505701140228,1
18.14762952590518,1
17.069413882776555,1
9.661932386477295,1
16.579315863172635,1
30.092018403680736,1
30.022004400880174,1
21.494298859771956,1
15.977195439087817,1
30.76415283056611,1
26.703340668133627,1
31.24024804960992,1
26.353270654130824,1
31.28225645129026,1
27.445489097819564,1
30.596119223844767,1
27.319463892778554,1
31.28225645129026,1
26.885377075415082,1
22.082416483296658,1
19.561912382476496,1
14.492898579715943,1
20.37407481496299,1
29.237847569513903,1
12.840568113622725,1
15.333066613322664,1
7.995599119823964,1
38.99779955991198,1
44.36087217443489,1
23.664732946589318,1
23.636727345469094,1
27.501500300060012,1
25.597119423884777,1
9.381876375275056,1
25.863172634526904,1
13.904780956191237,1
14.492898579715943,1
32.13642728545709,1
32.30446089217843,1
35.31506301260252,1
37.009401880376075,1
44.43088617723544,1
36.91138227645529,1
34.152830566113224,1
25.583116623324663,1
20.892178435687136,1
17.265453090618124,1
31.478295659131824,1
17.615523104620923,1
13.764752950590118,1
14.436887377475495,1
32.97659531906381,1
15.7251450290058,1
27.96359271854371,1
21.648329665933186,1
18.67973594718944,1
9.199839967993599,1
22.950590118023605,1
29.02780556111222,1
21.11622324464893,1
19.74394878975795,1
12.336467293458691,1
18.189637927585515,1
13.064612922584516,1
17.139427885577113,1
32.33246649329866,1
16.4252850570114,1
22.194438887777554,1
30.27405481096219,1
17.153430686137227,1
21.312262452490497,1
18.00760152030406,1
18.805761152230446,1
26.64732946589318,1
7.015403080616123,1
32.6125225045009,1
19.04380876175235,1
22.22244448889778,1
13.330666133226645,1
40.1880376075215,1
30.89017803560712,1
31.85637127425485,1
34.250850170034006,1
17.321464292858572,1
35.0630126025205,1
13.386677335467093,1
27.43148629725945,1
36.827365473094616,1
27.599519903980795,1
26.99739947989598,1
30.0500100020004,1
33.57871574314863,1
17.293458691738348,1
14.380876175235047,1
31.24024804960992,1
15.991198239647929,1
8.051610322064413,1
27.69753950790158,1
46.32126425285057,1
29.629925985197037,1
24.91098219643929,1
20.528105621124226,1
26.7873574714943,1
43.22664532906581,1
8.457691538307662,1
17.405481096219244,1
18.16163232646529,1
32.20644128825765,1
21.172234446889377,1
28.859771954390876,1
22.0124024804961,1
14.884976995399079,1
29.65793158631726,1
18.69373874774955,1
33.52270454090818,1
27.501500300060012,1
31.954390878175634,1
21.788357671534307,1
33.06061212242449,1
10.152030406081217,1
29.64392878575715,1
18.231646329265853,1
10.418083616723344,1
27.669533906781357,1
28.67773554710942,1
29.265853170634127,1
27.389477895579116,1
30.288057611522305,1
28.32766553310662,1
30.708141628325663,1
48.729745949189834,1
32.62652530506101,1
34.334866973394675,1
37.63952790558112,1
8.387677535507102,1
26.269253850770152,1
51.51630326065213,1
27.305461092218444,1
37.3874774954991,1
25.723144628925784,1
30.386077215443088,1
49.89197839567913,1
28.789757951590317,1
35.46909381876375,1
9.059811962392478,1
16.439287857571514,1
10.012002400480096,1
30.68013602720544,1
29.475895179035806,1
15.86517303460692,1
12.19643928785757,1
34.642928585717144,1
12.74254850970194,1
12.39247849569914,1
17.503500700140027,1
42.596519303860774,1
20.304060812162433,1
36.057211442288455,1
27.263452690538106,1
15.137027405481096,1
18.049609921984395,1
29.237847569513903,1
24.350870174034807,1
52.14642928585717,1
17.755551110222044,1
34.22284456891378,1
24.336867373474693,1
18.20364072814563,1
15.529105821164233,1
22.138427685537106,1
26.80136027205441,1
31.352270454090817,1
28.999799959991996,1
29.741948389677933,1
18.651730346069215,1
30.736147229445887,1
19.65993198639728,1
24.938987797559513,1
33.25665133026605,1
42.162432486497295,1
24.51890378075615,1
40.62212442488497,1
22.054410882176434,1
29.615923184636927,1
26.269253850770152,1
24.71494298859772,1
21.424284856971394,1
14.562912582516503,1
14.26885377075415,1
17.279455891178234,1
31.562312462492496,1
9.325865173034607,1
17.993598719743947,1
37.44348869773955,1
13.442688537707541,1
31.044208841768352,1
16.243248649729946,1
20.332066413282657,1
36.86937387477495,1
12.53250650130026,1
26.60532106421284,1
28.25765153030606,1
9.703940788157631,1
23.090618123624726,1
19.141828365673135,1
9.465893178635726,1
29.125825165033007,1
42.61052210442088,1
33.4246849369874,1
19.771954390878175,1
27.249449889977996,1
23.440688137627525,1
16.397279455891177,1
17.85357071414283,1
30.918183636727345,1
26.899379875975193,1
16.159231846369273,1
40.38407681536307,1
18.97379475895179,1
18.315663132626526,1
40.118023604720946,1
33.70474094818964,1
18.455691138227646,1
31.29625925185037,1
33.24264852970594,1
9.381876375275056,1
23.510702140428084,1
25.387077415483095,1
24.140828165633128,1
10.544108821764352,1
25.83516703340668,1
13.09261852370474,1
7.54750950190038,1
40.02000400080016,1
13.764752950590118,1
51.58631726345269,1
34.81096219243849,1
33.942788557711545,1
11.188237647529506,1
19.225845169033807,1
43.47869573914783,1
6.721344268853771,1
15.879175835167032,1
28.20164032806561,1
12.070414082816564,1
23.0626125225045,1
29.99399879975995,1
14.030806161232245,1
7.799559911982397,1
11.244248849769953,1
42.34446889377875,1
50.74614922984597,1
42.42848569713943,1
12.784556911382277,1
17.39147829565913,1
22.600520104020802,1
21.83036607321464,1
29.92398479695939,1
14.478895779155831,1
23.46869373874775,1
18.62372474494899,1
21.298259651930387,1
24.812962592518502,1
33.634726945389076,1
25.387077415483095,1
20.122024404880975,1
33.844768953790755,1
17.489497899579916,1
24.04280856171234,1
25.317063412682536,1
29.71394278855771,1
20.038007601520302,1
29.391878375675134,1
28.999799959991996,1
23.74874974994999,1
38.8997799559912,1
46.433286657331465,1
30.008001600320064,1
16.8873774754951,1
16.859371874374876,1
17.72754550910182,1
19.65993198639728,1
30.27405481096219,1
28.38367673534707,1
30.94618923784757,1
22.082416483296658,1
36.43528705741148,1
18.903780756151228,1
36.09921984396879,1
41.78435687137427,1
27.501500300060012,1
13.344668933786757,1
23.566713342668532,1
12.588517703540708,1
25.737147429485898,1
40.55211042208442,1
28.57971594318864,1
21.998399679935986,1
19.4498899779956,1
26.74534906981396,1
20.57011402280456,1
14.478895779155831,1
27.347469493898778,1
28.285657131426284,1
37.20544108821764,1
36.04320864172834,1
15.375075015003,1
32.248449689937985,1
46.88137627525505,1
26.227245449089818,1
50.49409881976395,1
35.161032206441284,1
11.552310462092418,1
12.798559711942389,1
25.471094218843767,1
21.83036607321464,1
42.30246049209842,1
27.879575915183036,1
25.87717543508702,1
16.243248649729946,1
33.83076615323065,1
28.45369073814763,1
20.066013202640526,1
19.7999599919984,1
16.257251450290056,1
23.11862372474495,1
27.851570314062812,1
32.31846369273855,1
17.05541108221644,1
18.02160432086417,1
17.909581916383278,1
19.51990398079616,1
17.335467093418682,1
40.80416083216643,1
23.90278055611122,1
29.895979195839168,1
11.398279655931185,1
28.215643128625725,1
26.871374274854972,1
11.342268453690737,1
38.18563712742549,1
26.60532106421284,1
18.06361272254451,1
29.055811162232445,1
22.124424884976996,1
34.180836167233444,1
29.36387277455491,1
20.738147629525905,1
20.27605521104221,1
20.76615323064613,1
33.29865973194639,1
20.57011402280456,1
49.27585517103421,1
27.837567513502698,1
11.160232046409282,1
27.655531106221243,1
25.863172634526904,1
25.443088617723543,1
12.280456091218243,1
18.53970794158832,1
19.631926385277055,1
29.727945589117823,1
19.785957191438285,1
25.779155831166232,1
16.579315863172635,1
19.617923584716944,1
8.079615923184637,1
9.577915583116622,1
39.69793958791758,1
41.85437087417483,1
29.615923184636927,1
24.406881376275255,1
18.119623924784957,1
21.928385677135427,1
30.4000800160032,1
29.16783356671334,1
30.750150030006,1
36.37927585517103,1
32.02440488097619,1
34.124824964992996,1
28.229645929185835,1
15.613122624524905,1
17.643528705741147,1
14.044808961792357,1
24.51890378075615,1
14.492898579715943,1
32.6125225045009,1
11.00620124024805,1
7.911582316463292,1
38.05961192238448,1
39.51590318063612,1
23.594718943788756,1
32.80856171234247,1
32.27645529105821,1
37.79355871174235,1
35.65113022604521,1
29.377875575115024,1
25.093018603720743,1
40.34206841368273,1
25.471094218843767,1
35.30106021204241,1
30.554110822164432,1
31.800360072014403,1
22.20844168833767,1
20.836167233446687,1
37.317463492698536,1
34.39087817563512,1
27.01140228045609,1
26.60532106421284,1
19.057811562312462,1
24.78495699139828,1
29.99399879975995,1
27.949589917983594,1
26.143228645729145,1
25.583116623324663,1
20.41608321664333,1
35.42708541708342,1
21.088217643528704,1
17.433486697339468,1
30.76415283056611,1
16.803360672134428,1
17.05541108221644,1
31.800360072014403,1
25.21904380876175,1
23.74874974994999,1
42.778555711142225,1
28.845769153830766,1
30.94618923784757,1
30.526105221044208,1
25.023004600920185,1
36.757351470294054,1
21.270254050810163,1
18.34366873374675,1
38.95579115823165,1
26.45129025805161,1
26.829365873174634,1
36.98139627925585,1
27.067413482696537,1
41.07021404280856,1
31.016203240648128,1
26.11522304460892,1
8.639727945589117,1
24.112822564512904,1
20.304060812162433,1
26.857371474294858,1
21.67633526705341,1
28.411682336467294,1
28.999799959991996,1
22.880576115223043,1
16.579315863172635,1
22.50250050010002,1
42.84856971394279,1
28.341668333666732,1
24.280856171234245,1
25.443088617723543,1
31.310262052410483,1
27.27745549109822,1
32.33246649329866,1
11.412282456491297,1
17.839567913582716,1
15.515103020604121,1
12.378475695139027,1
28.901780356071214,1
42.050410082016406,1
29.461892378475696,1
23.706741348269652,1
22.79655931186237,1
21.284256851370273,1
43.702740548109624,1
9.185837167433487,1
21.04620924184837,1
17.643528705741147,1
34.250850170034006,1
38.0876175235047,1
25.093018603720743,1
15.109021804360871,1
40.0620124024805,1
13.344668933786757,1
24.25285057011402,1
32.374474894978995,1
31.15623124624925,1
29.92398479695939,1
26.3252650530106,1
46.60132026405281,1
34.99299859971994,1
20.038007601520302,1
28.59371874374875,1
43.99679935987197,1
38.22764552910582,1
25.63912782556511,1
41.89637927585517,1
19.60392078415683,1
24.09881976395279,1
19.7999599919984,1
37.961592318463694,1
10.32006401280256,1
23.174634926985398,1
17.349469893978796,1
33.25665133026605,1
15.053010602120423,1
40.13202640528105,1
31.38027605521104,1
28.32766553310662,1
35.86117223444689,1
24.952990598119623,1
31.800360072014403,1
38.10162032406481,1
20.23404680936187,1
40.31406281256251,1
37.79355871174235,1
35.00700140028005,1
20.752150430086015,1
38.57771554310862,1
28.285657131426284,1
31.78635727145429,1
30.064012802560512,1
34.586917383476695,1
13.694738947789558,1
17.71354270854171,1
35.46909381876375,1
21.564312862572514,1
29.769953990798157,1
37.12142428485697,1
27.445489097819564,1
27.207441488297658,1
18.455691138227646,1
13.37267453490698,1
11.286257251450289,1
29.573914782956592,1
33.46669333866773,1
30.036007201440288,1
37.17743548709742,1
25.135027005401078,1
27.4874974994999,1
27.29145829165833,1
31.28225645129026,1
14.576915383076615,1
26.843368673734748,1
25.625125025005,1
28.45369073814763,1
40.83216643328666,1
20.62612522504501,1
7.015403080616123,1
30.708141628325663,1
17.293458691738348,1
27.403480696139226,1
20.76615323064613,1
32.836567313462695,1
31.058211642328466,1
28.845769153830766,1
28.985797159431886,1
28.81776355271054,1
25.583116623324663,1
36.96739347869574,1
37.51350270054011,1
17.37747549509902,1
8.359671934386878,1
29.517903580716144,1
10.404080816163232,1
36.32326465293058,1
35.231046209241846,1
33.28465693138627,1
20.878175635127025,1
16.327265453090618,1
34.02680536107221,1
19.421884376875376,1
20.27605521104221,1
11.552310462092418,1
19.617923584716944,1
25.83516703340668,1
26.815363072614524,1
28.159631926385277,1
22.20844168833767,1
27.41748349669934,1
40.174034806961394,1
7.393478695739148,1
31.002200440088018,1
41.63032606521304,1
23.076615323064612,1
25.83516703340668,1
32.374474894978995,1
18.175635127025405,1
17.685537107421485,1
24.630926185237048,1
23.734746949389876,1
15.669133826765353,1
43.92678535707141,1
18.2876575315063,1
29.181836367273455,1
30.89017803560712,1
28.06161232246449,1
26.04520904180836,1
28.957791558311662,1
41.57431486297259,1
11.63632726545309,1
26.283256651330266,1
28.425685137027404,1
33.942788557711545,1
46.62932586517303,1
36.89737947589518,1
20.76615323064613,1
12.728545709141828,1
33.39667933586717,1
26.703340668133627,1
21.88637727545509,1
21.69033806761352,1
28.957791558311662,1
29.15383076615323,1
22.320464092818565,1
19.211842368473693,1
29.741948389677933,1
12.910582116423285,1
14.436887377475495,1
22.02640528105621,1
18.53970794158832,1
12.630526105221044,1
8.905781156231246,1
20.262052410482095,1
10.67013402680536,1
14.044808961792357,1
26.04520904180836,1
36.029205841168235,1
27.949589917983594,1
20.962192438487698,1
19.337867573514703,1
14.12882576515303,1
21.172234446889377,1
42.568513702740546,1
10.544108821764352,1
18.889777955591118,1
26.38127625525105,1
21.11622324464893,1
48.155631126225245,1
28.481696339267852,1
15.039007801560311,1
17.307461492298458,1
28.04760952190438,1
16.06121224244849,1
49.82196439287858,1
19.351870374074814,1
10.782156431286257,1
29.64392878575715,1
15.683136627325464,1
18.875775155031004,1
25.723144628925784,1
10.558111622324464,1
25.611122224444888,1
22.544508901780354,1
18.06361272254451,1
44.08081616323265,1
31.422284456891376,1
12.476495299059811,1
32.402480496099216,1
9.689937987597519,1
38.605721144228845,1
14.114822964592918,1
26.80136027205441,1
28.74774954990998,1
22.236447289457892,1
38.12962592518504,1
38.479695939187835,1
28.621724344868973,1
15.823164632926584,1
46.97939587917583,1
11.118223644728946,1
22.600520104020802,1
29.937987597519502,1
20.444088817763554,1
30.918183636727345,1
39.08181636327265,1
14.926985397079415,1
21.564312862572514,1
17.027405481096217,1
18.609721944388877,1
23.88877775555111,1
9.017803560712142,1
30.568113622724542,1
29.405881176235248,1
18.903780756151228,1
18.035607121424285,1
21.32626525305061,1
37.82156431286257,1
45.69113822764553,1
27.22144428885777,1
12.238447689537907,1
41.85437087417483,1
32.20644128825765,1
20.13602720544109,1
27.809561912382474,1
23.006601320264053,1
37.653530706141225,1
15.431086217243449,1
28.845769153830766,1
34.57291458291658,1
13.946789357871573,1
17.44748949789958,1
22.20844168833767,1
14.646929385877176,1
43.00260052010402,1
11.384276855371073,1
19.25385077015403,1
27.067413482696537,1
12.098419683936786,1
26.927385477095417,1
23.81876375275055,1
13.834766953390679,1
22.138427685537106,1
31.058211642328466,1
24.43488697739548,1
20.1500300060012,1
42.078415683136626,1
29.531906381276254,1
29.769953990798157,1
16.369273854770952,1
26.04520904180836,1
21.438287657531507,1
14.422884576915383,1
16.929385877175434,1
30.554110822164432,1
16.103220644128825,1
37.87757551510302,1
15.64112822564513,1
19.729945989197837,1
20.72414482896579,1
29.48989797959592,1
36.183236647329466,1
24.350870174034807,1
47.03540708141628,1
20.668133626725343,1
12.26645329065813,1
16.70534106821364,1
41.96639327865573,1
45.84516903380676,1
19.64592918583717,1
19.547909581916382,1
20.43008601720344,1
23.370674134826963,1
30.12002400480096,1
7.449489897979595,1
33.64872974594919,1
28.145629125825163,1
12.04240848169634,1
28.24364872974595,1
36.5753150630126,1
24.140828165633128,1
26.18523704740948,1
17.951590318063612,1
31.814362872574513,1
36.239247849569914,1
31.940388077615523,1
20.318063612722543,1
16.985397079415883,1
21.718343668733745,1
25.9751950390078,1
30.344068813762753,1
23.34266853370674,1
22.64252850570114,1
33.83076615323065,1
34.950990198039605,1
17.72754550910182,1
30.036007201440288,1
36.65933186637327,1
34.152830566113224,1
16.41128225645129,1
10.908181636327265,1
12.588517703540708,1
14.226845369073814,1
24.44888977795559,1
32.094418883776754,1
35.58111622324465,1
31.534306861372272,1
33.49469893978796,1
25.513102620524105,1
21.11622324464893,1
23.090618123624726,1
27.739547909581916,1
38.731746349269855,1
18.665733146629325,1
32.89257851570314,1
12.924584916983397,1
26.64732946589318,1
15.543108621724345,1
29.79795959191838,1
48.46369273854771,1
19.561912382476496,1
19.085817163432687,1
41.96639327865573,1
15.907181436287257,1
40.0620124024805,1
17.05541108221644,1
20.64012802560512,1
34.57291458291658,1
23.972794558911783,1
20.318063612722543,1
11.048209641928386,1
31.422284456891376,1
11.580316063212642,1
27.249449889977996,1
11.888377675535107,1
10.93618723744749,1
20.55611122224445,1
9.129825965193039,1
10.67013402680536,1
19.16983396679336,1
13.540708141628325,1
6.917383476695339,1
37.33146629325865,1
34.614922984596916,1
30.036007201440288,1
20.976195239047808,1
26.549309861972393,1
16.845369073814762,1
21.53630726145229,1
30.554110822164432,1
42.94658931786357,1
22.20844168833767,1
27.249449889977996,1
13.456691338267653,1
24.476895379075813,1
17.72754550910182,1
36.32326465293058,1
27.75355071014203,1
37.02340468093619,1
15.067013402680535,1
12.210442088417683,1
19.015803160632125,1
26.227245449089818,1
17.04140828165633,1
23.496699339867973,1
15.79515903180636,1
39.96399279855971,1
39.61392278455691,1
29.545909181836368,1
38.92778555711142,1
33.57871574314863,1
17.825565113022606,1
24.99499899979996,1
28.019603920784157,1
29.405881176235248,1
24.39287857571514,1
27.389477895579116,1
24.78495699139828,1
24.336867373474693,1
16.929385877175434,1
17.139427885577113,1
28.94378875775155,1
24.99499899979996,1
36.86937387477495,1
23.398679735947187,1
13.316663332666533,1
17.25145029005801,1
31.212242448489697,1
22.30646129225845,1
41.2382476495299,1
29.629925985197037,1
43.98279655931186,1
29.825965193038606,1
45.117023404680936,1
21.144228845769153,1
18.9877975595119,1
21.578315663132624,1
29.517903580716144,1
15.417083416683337,1
21.270254050810163,1
13.09261852370474,1
42.73654730946189,1
34.250850170034006,1
24.644928985797158,1
35.32906581316263,1
15.137027405481096,1
33.606721344268855,1
29.377875575115024,1
35.30106021204241,1
12.12642528505701,1
31.520304060812162,1
13.30266053210642,1
28.607721544308863,1
32.094418883776754,1
13.02260452090418,1
27.795559111822364,1
46.433286657331465,1
23.650730146029204,1
19.477895579115824,1
13.204640928185636,1
22.110422084416882,1
11.482296459291858,1
19.547909581916382,1
34.124824964992996,1
22.404480896179237,1
30.82016403280656,1
41.182236447289455,1
16.90138027605521,1
13.358671734346869,1
40.73414682936587,1
40.0620124024805,1
15.403080616123225,1
31.114222844568914,1
11.020204040808162,1
22.418483696739347,1
21.508301660332066,1
26.297259451890376,1
25.079015803160633,1
49.61192238447689,1
13.63872774554911,1
20.752150430086015,1
27.501500300060012,1
20.55611122224445,1
17.769553910782157,1
19.533906781356272,1
13.918783756751349,1
18.2876575315063,1
40.88817763552711,1
29.055811162232445,1
16.74734946989398,1
28.04760952190438,1
33.80276055211042,1
32.47249449889978,1
32.6125225045009,1
23.664732946589318,1
35.98719743948789,1
20.318063612722543,1
28.81776355271054,1
48.89777955591118,1
22.7125425085017,1
39.36187237447489,1
33.43868773754751,1
14.12882576515303,1
10.614122824564912,1
23.930786157231445,1
47.27345469093819,1
37.835567113422684,1
37.2754550910182,1
19.30986197239448,1
41.12622524504901,1
33.24264852970594,1
19.673934786957393,1
24.23884776955391,1
51.12422484496899,1
43.19863972794559,1
26.143228645729145,1
48.981796359271854,1
23.594718943788756,1
19.88397679535907,1
31.73034606921384,1
37.037407481496295,1
32.13642728545709,1
21.760352070414083,1
22.530506101220244,1
6.147229445889177,1
14.26885377075415,1
9.927985597119424,1
53.50470094018804,1
15.893178635727145,1
21.592318463692738,1
36.91138227645529,1
10.572114422884576,1
27.725545109021805,1
17.25145029005801,1
43.84276855371074,1
26.3252650530106,1
31.954390878175634,1
32.69653930786157,1
26.409281856371273,1
13.09261852370474,1
15.753150630126024,1
18.119623924784957,1
42.106421284256854,1
42.73654730946189,1
31.548309661932386,1
29.55991198239648,1
10.950190038007602,1
20.878175635127025,1
13.470694138827765,1
15.151030206041208,1
25.751150230046008,1
39.431886377275454,1
35.875175035007,1
12.154430886177234,1
48.95379075815163,1
31.520304060812162,1
26.241248249649928,1
16.033206641328267,1
32.7245449089818,1
29.181836367273455,1
28.789757951590317,1
28.859771954390876,1
22.65653130626125,1
32.29045809161832,1
29.517903580716144,1
15.977195439087817,1
12.966593318663733,1
52.580516103220646,1
11.664332866573314,1
20.8501700340068,1
16.243248649729946,1
15.501100220044009,1
34.48889777955591,1
32.864572914582915,1
25.247049409881974,1
15.375075015003,1
36.183236647329466,1
20.304060812162433,1
24.420884176835365,1
29.951990398079616,1
13.148629725945188,1
21.032206441288256,1
40.39807961592318,1
33.018603720744146,1
13.176635327065412,1
31.828365673134627,1
17.601520304060813,1
11.860372074414883,1
22.600520104020802,1
17.51750350070014,1
34.950990198039605,1
23.356671334266853,1
27.935587117423484,1
23.650730146029204,1
18.945789157831566,1
21.18623724744949,1
38.451690338067614,1
38.10162032406481,1
37.499499899979995,1
27.347469493898778,1
31.660332066413282,1
39.23584716943389,1
44.220844168833764,1
38.10162032406481,1
27.067413482696537,1
15.403080616123225,1
15.529105821164233,1
18.567713542708542,1
27.69753950790158,1
5.853170634126825,1
30.148029605921185,1
33.59271854370874,1
29.20984196839368,1
24.490898179635927,1
23.678735747149428,1
45.25705141028205,1
9.40988197639528,1
27.4874974994999,1
33.074614922984594,1
20.36007201440288,1
16.313262652530504,1
12.784556911382277,1
13.316663332666533,1
21.97039407881576,1
20.598119623924784,1
17.629525905181037,1
21.788357671534307,1
29.937987597519502,1
34.85297059411882,1
15.459091818363673,1
20.206041208241647,1
11.720344068813763,1
15.473094618923785,1
18.791758351670335,1
22.376475295059013,1
35.24504900980196,1
16.0752150430086,1
40.46809361872374,1
23.734746949389876,1
26.633326665333065,1
7.939587917583516,1
18.20364072814563,1
33.43868773754751,1
34.334866973394675,1
34.27885577115423,1
16.14522904580916,1
16.509301860372073,1
31.744348869773955,1
58.531706341268254,1
39.05381076215243,1
38.35367073414683,1
33.634726945389076,1
23.55271054210842,1
16.187237447489498,1
39.585917183436685,1
17.601520304060813,1
17.951590318063612,1
39.68393678735747,1
22.418483696739347,1
23.146629325865174,1
39.52990598119624,1
21.648329665933186,1
23.146629325865174,1
24.952990598119623,1
17.223444688937786,1
37.709541908381674,1
43.68873774754951,1
28.74774954990998,1
20.458091618323664,1
16.929385877175434,1
31.030206041208242,1
24.02880576115223,1
36.8133626725345,1
30.89017803560712,1
38.07361472294459,1
18.511702340468094,1
32.36047209441888,1
29.755951190238047,1
20.976195239047808,1
39.23584716943389,1
21.984396879375875,1
28.145629125825163,1
25.737147429485898,1
26.479295859171835,1
23.94478895779156,1
6.1612322464492895,1
14.436887377475495,1
29.29385877175435,1
35.11902380476095,1
18.665733146629325,1
31.534306861372272,1
30.750150030006,1
25.00900180036007,1
17.839567913582716,1
31.968393678735747,1
31.92638527705541,1
36.15523104620924,1
28.803760752150428,1
28.131626325265053,1
30.68013602720544,1
26.143228645729145,1
51.78235647129426,1
27.97759551910382,1
10.11002200440088,1
26.927385477095417,1
15.0250050010002,1
40.58011602320464,1
28.929785957191438,1
39.011802360472096,1
32.36047209441888,1
32.64052810562112,1
24.812962592518502,1
27.305461092218444,1
26.675335067013403,1
18.567713542708542,1
18.959791958391676,1
36.95339067813563,1
21.32626525305061,1
25.989197839567915,1
24.406881376275255,1
27.1374274854971,1
15.039007801560311,1
16.4252850570114,1
36.71534306861372,1
5.993198639727946,1
11.762352470494099,1
20.542108421684336,1
17.71354270854171,1
23.62272454490898,1
31.520304060812162,1
29.48989797959592,1
25.387077415483095,1
23.81876375275055,1
27.179435887177434,1
21.648329665933186,1
21.942388477695538,1
20.192038407681537,1
22.85257051410282,1
27.27745549109822,1
46.61532306461292,1
11.370274054810961,1
23.594718943788756,1
21.424284856971394,1
16.28525705141028,1
38.84376875375075,1
39.54390878175635,1
51.068213642728544,1
13.470694138827765,1
25.933186637327466,1
30.792158431686335,1
25.35907181436287,1
22.34846969393879,1
22.628525705141026,1
53.54670934186837,1
30.498099619923984,1
31.464292858571714,1
38.35367073414683,1
39.26385277055411,1
18.35767153430686,1
29.909981996399278,1
24.25285057011402,1
13.554710942188438,1
23.090618123624726,1
10.488097619523904,1
34.096819363872775,1
38.423684736947386,1
23.18863772754551,1
15.711142228445688,1
21.214242848569715,1
29.769953990798157,1
6.987397479495899,1
16.257251450290056,1
27.865573114622922,1
30.792158431686335,1
24.350870174034807,1
18.889777955591118,1
36.99539907981596,1
8.023604720944189,1
24.65893178635727,1
16.28525705141028,1
28.57971594318864,1
36.50530106021204,1
33.87277455491098,1
17.25145029005801,1
24.056811362272455,1
41.99439887977596,1
28.5377075415083,1
35.88917783556711,1
21.802360472094417,1
21.032206441288256,1
10.922184436887378,1
19.93998799759952,1
23.510702140428084,1
18.959791958391676,1
44.30486097219444,1
29.237847569513903,1
39.51590318063612,1
38.0876175235047,1
11.692338467693538,1
14.82896579315863,1
33.8867773554711,1
24.672934586917382,1
32.038407681536306,1
18.21764352870574,1
35.48309661932387,1
29.475895179035806,1
35.97319463892779,1
27.683536707341467,1
18.16163232646529,1
19.60392078415683,1
38.00360072014403,1
27.879575915183036,1
31.352270454090817,1
24.86897379475895,1
47.875575115023004,1
31.898379675935185,1
42.58251650330066,1
30.27405481096219,1
18.735747149429887,1
26.549309861972393,1
17.839567913582716,1
11.734346869373875,1
37.163432686537305,1
48.12762552510502,1
42.30246049209842,1
29.769953990798157,1
34.712942588517706,1
20.164032806561313,1
19.32386477295459,1
26.493298659731945,1
34.0128025605121,1
18.175635127025405,1
11.70634126825365,1
23.860772154430887,1
22.20844168833767,1
27.61352270454091,1
26.283256651330266,1
36.58931786357272,1
20.892178435687136,1
28.509701940388076,1
21.97039407881576,1
28.901780356071214,1
22.040408081616324,1
48.05761152230446,1
32.05241048209642,1
29.01380276055211,1
36.757351470294054,1
32.12242448489698,1
30.76415283056611,1
23.692738547709542,1
23.62272454490898,1
15.781156231246248,1
12.560512102420484,1
21.18623724744949,1
28.411682336467294,1
21.214242848569715,1
29.99399879975995,1
24.686937387477496,1
29.461892378475696,1
45.3130626125225,1
26.80136027205441,1
20.86417283456691,1
32.864572914582915,1
33.4246849369874,1
20.22004400880176,1
15.109021804360871,1
31.310262052410483,1
25.093018603720743,1
24.350870174034807,1
24.02880576115223,1
29.30786157231446,1
19.351870374074814,1
21.494298859771956,1
20.976195239047808,1
15.851170234046808,1
27.15143028605721,1
9.549909981996398,1
34.614922984596916,1
26.99739947989598,1
25.527105421084215,1
14.520904180836167,1
9.605921184236847,1
29.055811162232445,1
22.740548109621923,1
8.737747549509901,1
18.259651930386077,1
12.630526105221044,1
10.082016403280656,1
47.18943788757751,1
28.803760752150428,1
34.0128025605121,1
33.34066813362672,1
41.61632326465293,1
31.57631526305261,1
33.200640128025604,1
23.594718943788756,1
30.288057611522305,1
8.611722344468893,1
12.910582116423285,1
43.82876575315063,1
32.30446089217843,1
20.738147629525905,1
32.500500100020005,1
50.270054010802156,1
23.020604120824164,1
28.971794358871772,1
38.0876175235047,1
26.689337867573514,1
14.296859371874374,1
26.073214642928583,1
15.93518703740748,1
29.447889577915582,1
28.52370474094819,1
29.99399879975995,1
11.07621524304861,1
37.863572714542904,1
20.024004800960192,1
42.568513702740546,1
32.500500100020005,1
18.67973594718944,1
40.46809361872374,1
10.558111622324464,1
26.52130426085217,1
40.25805161032206,1
27.669533906781357,1
27.305461092218444,1
19.015803160632125,1
15.137027405481096,1
26.017203440688135,1
36.799359871974396,1
12.434486897379475,1
11.482296459291858,1
27.851570314062812,1
4.242848569713943,1
19.967993598719744,1
19.533906781356272,1
47.70754150830166,1
12.210442088417683,1
23.524704940988197,1
14.506901380276055,1
29.08381676335267,1
33.144628925785156,1
18.049609921984395,1
15.039007801560311,1
16.34126825365073,1
24.280856171234245,1
26.689337867573514,1
26.563312662532507,1
24.546909381876375,1
21.24224844968994,1
33.970794158831765,1
37.72354470894179,1
22.040408081616324,1
16.94338867773555,1
32.55651130226045,1
34.768953790758154,1
38.15763152630526,1
8.709741948389677,1
19.4498899779956,1
22.040408081616324,1
34.096819363872775,1
25.69513902780556,1
16.677335467093418,1
25.597119423884777,1
24.826965393078616,1
24.406881376275255,1
28.439687937587518,1
34.11082216443288,1
17.153430686137227,1
37.52750550110022,1
19.071814362872573,1
27.641528305661133,1
33.4246849369874,1
28.495699139827966,1
30.26005201040208,1
23.510702140428084,1
26.003200640128025,1
36.89737947589518,1
34.054810962192434,1
20.934186837367474,1
21.2002400480096,1
11.860372074414883,1
15.627125425085017,1
13.30266053210642,1
22.85257051410282,1
14.016803360672133,1
23.020604120824164,1
18.707741548309663,1
25.233046609321864,1
36.25325065013003,1
24.30886177235447,1
28.621724344868973,1
36.61732346469294,1
32.864572914582915,1
9.577915583116622,1
30.694138827765553,1
27.879575915183036,1
28.66373274654931,1
40.88817763552711,1
18.30166033206641,1
27.683536707341467,1
6.6933386677335465,1
20.92018403680736,1
32.13642728545709,1
48.05761152230446,1
34.54490898179636,1
17.951590318063612,1
30.834166833366673,1
34.50290058011602,1
34.96499299859972,1
31.814362872574513,1
24.9249849969994,1
18.119623924784957,1
4.6069213842768555,1
19.02980596119224,1
24.602920584116823,1
24.23884776955391,1
17.475495099019803,1
16.28525705141028,1
16.999399879975996,1
31.63232646529306,1
21.87237447489498,1
28.06161232246449,1
22.78255651130226,1
18.77775555111022,1
17.9375875175035,1
27.97759551910382,1
18.581716343268653,1
21.102220444088818,1
6.567313462692538,1
31.39427885577115,1
24.476895379075813,1
28.845769153830766,1
41.19623924784957,1
16.971394278855772,1
7.043408681736347,1
27.22144428885777,1
43.14262852570514,1
30.94618923784757,1
15.739147829565912,1
29.15383076615323,1
29.671934386877375,1
35.51110222044409,1
23.74874974994999,1
15.011002200440087,1
42.21844368873774,1
20.612122424484895,1
37.52750550110022,1
37.91958391678335,1
20.948189637927584,1
45.1870374074815,1
36.40728145629126,1
22.866573314662933,1
25.87717543508702,1
48.6877375475095,1
17.069413882776555,1
10.18003600720144,1
17.503500700140027,1
17.349469893978796,1
18.67973594718944,1
42.66653330666133,1
40.10402080416083,1
22.15243048609722,1
9.885977195439088,1
34.866973394678936,1
26.577315463092617,1
14.968993798759751,1
20.248049609921985,1
42.288457691538305,1
21.34026805361072,1
24.798959791958392,1
11.370274054810961,1
24.686937387477496,1
30.512102420484094,1
12.140428085617122,1
12.252450490098019,1
20.066013202640526,1
23.048609721944388,1
13.358671734346869,1
25.303060612122422,1
40.1880376075215,1
28.985797159431886,1
36.32326465293058,1
24.966993398679737,1
20.668133626725343,1
42.58251650330066,1
17.37747549509902,1
23.25865173034607,1
39.501900380076016,1
37.19143828765753,1
31.366273254650928,1
31.618323664732944,1
23.706741348269652,1
27.305461092218444,1
10.684136827365473,1
30.45609121824365,1
14.618923784756952,1
27.207441488297658,1
35.161032206441284,1
17.2374474894979,1
23.048609721944388,1
10.474094818963792,1
25.373074614922984,1
24.09881976395279,1
19.071814362872573,1
9.213842768553711,1
19.16983396679336,1
22.3624724944989,1
27.62752550510102,1
28.39767953590718,1
29.587917583516703,1
15.963192638527705,1
24.51890378075615,1
39.82396479295859,1
25.69513902780556,1
26.94138827765553,1
32.374474894978995,1
34.250850170034006,1
39.5999199839968,1
46.797359471894374,1
41.308261652330465,1
26.64732946589318,1
41.672334466893375,1
37.3874774954991,1
22.320464092818565,1
17.769553910782157,1
22.474494898979795,1
15.263052610522104,1
21.018203640728146,1
23.440688137627525,1
21.718343668733745,1
27.991598319663932,1
25.443088617723543,1
34.306861372274454,1
14.422884576915383,1
24.644928985797158,1
27.71154230846169,1
36.44928985797159,1
25.933186637327466,1
28.089617923584715,1
10.474094818963792,1
20.164032806561313,1
41.26625325065013,1
18.035607121424285,1
18.875775155031004,1
16.60732146429286,1
31.57631526305261,1
35.441088217643525,1
26.759351870374076,1
47.819563912782556,1
27.529505901180237,1
28.705741148229645,1
22.194438887777554,1
26.3252650530106,1
26.773354670934186,1
17.559511902380475,1
18.917783556711342,1
16.201240248049608,1
19.785957191438285,1
28.25765153030606,1
6.749349869973995,1
31.22624524904981,1
39.221844368873775,1
38.46569313862773,1
21.228245649129825,1
22.124424884976996,1
38.269653930786156,1
43.59071814362873,1
38.98379675935187,1
40.87417483496699,1
39.431886377275454,1
34.642928585717144,1
18.945789157831566,1
47.59551910382076,1
23.95879175835167,1
27.935587117423484,1
16.439287857571514,1
23.874774954990997,1
12.882576515303061,1
31.212242448489697,1
32.990598119623925,1
37.40148029605921,1
15.263052610522104,1
11.986397279455892,1
12.616523304660932,1
25.63912782556511,1
25.583116623324663,1
33.074614922984594,1
25.48509701940388,1
42.35847169433887,1
11.412282456491297,1
30.17603520704141,1
21.900380076015203,1
32.12242448489698,1
32.2624524904981,1
30.0500100020004,1
33.18663732746549,1
22.264452890578116,1
22.46049209841968,1
25.387077415483095,1
16.56531306261252,1
12.924584916983397,1
27.263452690538106,1
12.26645329065813,1
28.313662732546508,1
34.740948189637926,1
20.752150430086015,1
40.818163632726545,1
23.27265453090618,1
21.718343668733745,1
19.575915183036606,1
27.75355071014203,1
18.133626725345067,1
31.4502900580116,1
33.80276055211042,1
33.67673534706941,1
19.407881576315262,1
9.56391278255651,1
36.645329065813165,1
20.892178435687136,1
33.8867773554711,1
32.66853370674135,1
25.919183836767353,1
34.8249649929986,1
23.11862372474495,1
39.067813562712544,1
25.163032606521302,1
23.692738547709542,1
21.48029605921184,1
36.09921984396879,1
19.95399079815963,1
9.941988397679536,1
25.093018603720743,1
33.270654130826166,1
22.29245849169834,1
30.988197639527904,1
30.918183636727345,1
10.138027605521104,1
12.868573714742949,1
27.893578715743146,1
20.668133626725343,1
40.52410482096419,1
15.599119823964793,1
20.500100020004002,1
19.785957191438285,1
27.053410682136427,1
25.49909981996399,1
17.11142228445689,1
20.13602720544109,1
43.61872374474895,1
15.333066613322664,1
38.92778555711142,1
26.577315463092617,1
29.29385877175435,1
29.419883976795358,1
39.54390878175635,1
41.84036807361472,1
26.227245449089818,1
21.25625125025005,1
27.123424684936985,1
37.653530706141225,1
48.029605921184235,1
32.402480496099216,1
41.84036807361472,1
26.64732946589318,1
22.628525705141026,1
39.557911582316464,1
20.836167233446687,1
19.575915183036606,1
24.44888977795559,1
39.221844368873775,1
16.033206641328267,1
26.157231446289256,1
42.03640728145629,1
15.081016203240647,1
46.097219443888775,1
10.516103220644128,1
25.83516703340668,1
34.29285857171434,1
27.27745549109822,1
14.842968593718743,1
26.157231446289256,1
15.179035807161432,1
33.83076615323065,1
23.55271054210842,1
22.404480896179237,1
26.815363072614524,1
32.990598119623925,1
41.22424484896979,1
26.99739947989598,1
35.903180636127225,1
26.857371474294858,1
24.44888977795559,1
40.328065613122625,1
31.562312462492496,1
21.424284856971394,1
22.83856771354271,1
28.10362072414483,1
32.20644128825765,1
16.8873774754951,1
13.876775355071015,1
7.939587917583516,1
34.22284456891378,1
33.71874374874975,1
15.053010602120423,1
30.918183636727345,1
28.24364872974595,1
17.153430686137227,1
17.909581916383278,1
22.97859571914383,1
34.712942588517706,1
13.358671734346869,1
23.95879175835167,1
16.677335467093418,1
34.250850170034006,1
30.33006601320264,1
27.22144428885777,1
51.92238447689538,1
7.631526305261052,1
20.1500300060012,1
38.18563712742549,1
10.86617323464693,1
32.80856171234247,1
28.39767953590718,1
36.09921984396879,1
40.93018603720744,1
36.98139627925585,1
26.409281856371273,1
22.768553710742147,1
37.289457891578316,1
32.10842168433687,1
21.760352070414083,1
27.01140228045609,1
42.91858371674335,1
27.263452690538106,1
16.383276655331066,1
35.203040608121626,1
36.89737947589518,1
35.04900980196039,1
43.00260052010402,1
15.893178635727145,1
15.081016203240647,1
34.22284456891378,1
28.20164032806561,1
31.016203240648128,1
25.751150230046008,1
17.825565113022606,1
15.93518703740748,1
28.929785957191438,1
20.486097219443888,1
29.65793158631726,1
30.918183636727345,1
18.81976395279056,1
25.079015803160633,1
24.560912182436486,1
41.518303660732144,1
40.09001800360072,1
29.65793158631726,1
43.19863972794559,1
17.37747549509902,1
24.630926185237048,1
20.682136427285457,1
8.765753150630125,1
23.94478895779156,1
33.25665133026605,1
16.56531306261252,1
12.168433686737346,1
35.88917783556711,1
36.56131226245249,1
9.283856771354271,1
33.91478295659132,1
28.341668333666732,1
23.916783356671335,1
21.354270854170835,1
24.700940188037606,1
19.631926385277055,1
19.46389277855571,1
37.709541908381674,1
16.27125425085017,1
15.515103020604121,1
15.23504700940188,1
39.095819163832765,1
22.964592918583715,1
23.90278055611122,1
37.45749149829966,1
26.409281856371273,1
27.55751150230046,1
37.009401880376075,1
33.018603720744146,1
17.25145029005801,1
34.88097619523905,1
13.456691338267653,1
34.23684736947389,1
27.27745549109822,1
27.683536707341467,1
15.389077815563112,1
28.803760752150428,1
8.86377275455091,1
23.314662932586515,1
42.162432486497295,1
17.783556711342268,1
22.964592918583715,1
36.9253850770154,1
19.869973994798958,1
34.586917383476695,1
31.114222844568914,1
14.492898579715943,1
25.233046609321864,1
18.16163232646529,1
25.947189437887577,1
42.96059211842368,1
30.652130426085215,1
29.265853170634127,1
18.245649129825964,1
21.67633526705341,1
38.969793958791755,1
27.893578715743146,1
27.375475095019002,1
8.093618723744749,1
34.796959391878374,1
12.784556911382277,1
33.67673534706941,1
39.51590318063612,1
31.618323664732944,1
38.759751950390076,1
8.765753150630125,1
27.4874974994999,1
18.67973594718944,1
41.16823364672935,1
35.0630126025205,1
23.95879175835167,1
23.80476095219044,1
33.74674934986997,1
36.93938787757551,1
31.268253650730145,1
11.244248849769953,1
16.14522904580916,1
15.809161832366472,1
17.335467093418682,1
25.247049409881974,1
20.038007601520302,1
14.646929385877176,1
32.87857571514303,1
21.228245649129825,1
30.722144428885777,1
18.69373874774955,1
26.437287457491497,1
30.750150030006,1
33.018603720744146,1
14.996999399879975,1
18.9877975595119,1
16.663332666533307,1
16.971394278855772,1
14.086817363472694,1
17.71354270854171,1
28.565713142628525,1
40.58011602320464,1
34.81096219243849,1
16.55131026205241,1
11.286257251450289,1
19.04380876175235,1
12.644528905781156,1
51.138227645529106,1
18.55371074214843,1
25.023004600920185,1
16.033206641328267,1
14.772954590918184,1
27.55751150230046,1
28.69173834766953,1
22.83856771354271,1
12.630526105221044,1
27.319463892778554,1
35.62312462492498,1
25.527105421084215,1
17.979595919183836,1
35.45509101820364,1
16.047209441888377,1
34.11082216443288,1
29.99399879975995,1
32.68253650730146,1
22.054410882176434,1
15.7251450290058,1
19.071814362872573,1
21.914382876575313,1
32.36047209441888,1
36.49129825965193,1
23.874774954990997,1
32.20644128825765,1
23.46869373874775,1
18.67973594718944,1
33.41068213642728,1
8.59771954390878,1
21.214242848569715,1
36.28125625125025,1
24.09881976395279,1
32.27645529105821,1
18.609721944388877,1
33.690738147629524,1
17.9375875175035,1
18.273654730946188,1
30.358071614322863,1
22.278455691138227,1
32.48649729945989,1
25.527105421084215,1
16.27125425085017,1
17.993598719743947,1
27.669533906781357,1
27.193438687737547,1
30.204040808161633,1
13.456691338267653,1
16.94338867773555,1
8.709741948389677,1
26.367273454690938,1
30.736147229445887,1
25.723144628925784,1
14.590918183636727,1
36.50530106021204,1
15.921184236847369,1
48.16963392678536,1
4.718943788757751,1
18.69373874774955,1
21.73234646929386,1
35.693138627725546,1
27.795559111822364,1
42.76455291058212,1
21.984396879375875,1
39.711942388477695,1
18.749749949989997,1
24.686937387477496,1
26.563312662532507,1
9.185837167433487,1
27.641528305661133,1
15.291058211642328,1
20.402080416083216,1
36.799359871974396,1
43.2126425285057,1
34.796959391878374,1
34.06881376275255,1
25.41508301660332,1
22.02640528105621,1
12.658531706341268,1
30.008001600320064,1
35.18903780756151,1
22.29245849169834,1
18.525705141028205,1
43.184636927385476,1
19.477895579115824,1
36.84136827365473,1
19.561912382476496,1
10.292058411682337,1
17.545509101820365,1
11.720344068813763,1
18.707741548309663,1
22.29245849169834,1
27.263452690538106,1
42.442488497699536,1
30.736147229445887,1
41.63032606521304,1
18.35767153430686,1
18.273654730946188,1
27.403480696139226,1
41.3502700540108,1
16.74734946989398,1
17.65753150630126,1
29.265853170634127,1
53.23864772954591,1
34.432886577315465,1
31.184236847369473,1
18.525705141028205,1
31.982396479295858,1
27.4874974994999,1
19.11382276455291,1
17.321464292858572,1
20.808161632326463,1
27.347469493898778,1
28.215643128625725,1
22.79655931186237,1
30.036007201440288,1
19.197839567913583,1
37.35947189437888,1
42.09241848369674,1
40.31406281256251,1
30.358071614322863,1
16.46729345869174,1
23.88877775555111,1
34.08281656331266,1
19.057811562312462,1
28.999799959991996,1
30.064012802560512,1
25.625125025005,1
25.163032606521302,1
29.08381676335267,1
22.264452890578116,1
26.04520904180836,1
12.756551310262052,1
8.009601920384076,1
13.904780956191237,1
11.132226445289058,1
23.510702140428084,1
21.88637727545509,1
22.30646129225845,1
28.32766553310662,1
32.02440488097619,1
31.758351670334065,1
33.87277455491098,1
42.414482896579315,1
16.46729345869174,1
44.164832966593316,1
16.187237447489498,1
31.198239647929586,1
41.88237647529506,1
21.18623724744949,1
39.80996199239848,1
18.30166033206641,1
39.431886377275454,1
39.05381076215243,1
15.44508901780356,1
18.945789157831566,1
32.7245449089818,1
30.918183636727345,1
16.593318663732745,1
29.391878375675134,1
15.361072214442888,1
14.380876175235047,1
31.39427885577115,1
16.733346669333866,1
19.925985197039406,1
23.81876375275055,1
25.093018603720743,1
12.658531706341268,1
34.26485297059412,1
19.099819963992797,1
21.634326865373072,1
46.33526705341068,1
17.18143628725745,1
17.545509101820365,1
35.231046209241846,1
11.608321664332866,1
19.421884376875376,1
25.849169833966794,1
16.453290658131625,1
20.08001600320064,1
26.45129025805161,1
12.000400080016004,1
36.37927585517103,1
24.672934586917382,1
29.251850370074013,1
26.003200640128025,1
38.61972394478896,1
24.882976595319064,1
19.64592918583717,1
29.461892378475696,1
18.581716343268653,1
33.326665333066614,1
18.399679935987198,1
17.65753150630126,1
33.10262052410482,1
24.182836567313462,1
16.8873774754951,1
24.154830966193238,1
19.64592918583717,1
33.690738147629524,1
21.298259651930387,1
8.191638327665533,1
32.20644128825765,1
18.049609921984395,1
36.07121424284857,1
26.927385477095417,1
46.19523904780956,1
30.498099619923984,1
29.01380276055211,1
18.917783556711342,1
11.622324464892978,1
39.40388077615523,1
28.985797159431886,1
14.940988197639527,1
20.822164432886577,1
24.350870174034807,1
24.770954190838168,1
16.90138027605521,1
11.42628525705141,1
29.097819563912783,1
43.61872374474895,1
22.418483696739347,1
17.37747549509902,1
26.255251050210042,1
27.165433086617323,1
34.54490898179636,1
10.754150830166033,1
29.391878375675134,1
44.164832966593316,1
15.431086217243449,1
28.57971594318864,1
42.540508101620325,1
31.14222844568914,1
32.93458691738348,1
24.02880576115223,1
41.42028405681136,1
14.548909781956391,1
40.1880376075215,1
45.36907381476295,1
20.72414482896579,1
16.873374674934986,1
32.2624524904981,1
21.312262452490497,1
33.606721344268855,1
40.09001800360072,1
25.121024204840968,1
22.97859571914383,1
14.60492098419684,1
24.02880576115223,1
14.030806161232245,1
26.04520904180836,1
11.300260052010401,1
23.216643328665732,1
25.653130626125225,1
33.59271854370874,1
44.58491698339668,1
20.024004800960192,1
13.246649329865972,1
25.751150230046008,1
35.161032206441284,1
35.161032206441284,1
34.768953790758154,1
45.52310462092419,1
15.767153430686136,1
33.52270454090818,1
18.83376675335067,1
28.299659931986398,1
14.912982596519303,1
28.73374674934987,1
37.59751950390078,1
19.771954390878175,1
46.3632726545309,1
30.008001600320064,1
29.22384476895379,1
47.847569513902776,1
27.75355071014203,1
24.16883376675335,1
16.313262652530504,1
12.994598919783957,1
19.351870374074814,1
21.074214842968594,1
11.97239447889578,1
24.896979395879175,1
19.81396279255851,1
26.283256651330266,1
33.816763352670534,1
40.10402080416083,1
32.38847769553911,1
21.774354870974193,1
19.995999199839968,1
11.608321664332866,1
37.219443888777754,1
27.543508701740347,1
43.548709741948386,1
18.875775155031004,1
12.252450490098019,1
25.751150230046008,1
25.89117823564713,1
15.879175835167032,1
21.298259651930387,1
12.784556911382277,1
32.248449689937985,1
34.54490898179636,1
12.420484096819363,1
21.018203640728146,1
43.520704140828165,1
21.06021204240848,1
10.894178835767153,1
44.136827365473096,1
16.831366273254652,1
14.590918183636727,1
18.189637927585515,1
19.981996399279854,1
18.049609921984395,1
10.796159231846369,1
36.883376675335064,1
27.053410682136427,1
29.50390078015603,1
20.542108421684336,1
51.90838167633527,1
35.45509101820364,1
32.20644128825765,1
22.474494898979795,1
21.774354870974193,1
34.922984596919385,1
20.486097219443888,1
27.809561912382474,1
24.43488697739548,1
19.74394878975795,1
25.21904380876175,1
24.43488697739548,1
25.289057811562312,1
16.21524304860972,1
45.90118023604721,1
28.999799959991996,1
27.585517103420685,1
29.447889577915582,1
39.52990598119624,1
35.46909381876375,1
18.49769953990798,1
20.43008601720344,1
38.143628725745145,1
25.233046609321864,1
33.326665333066614,1
25.89117823564713,1
22.684536907381474,1
22.558511702340468,1
18.76375275055011,1
33.74674934986997,1
13.834766953390679,1
29.601920384076813,1
19.379875975195038,1
54.79295859171834,1
21.73234646929386,1
20.92018403680736,1
24.420884176835365,1
24.30886177235447,1
43.114622924584914,1
32.500500100020005,1
17.881576315263054,1
46.307261452290454,1
33.49469893978796,1
36.04320864172834,1
44.780956191238246,1
15.949189837967593,1
28.831766353270652,1
10.908181636327265,1
14.310862172434486,1
30.148029605921185,1
17.895579115823164,1
26.38127625525105,1
29.01380276055211,1
27.599519903980795,1
28.075615123024605,1
15.011002200440087,1
29.15383076615323,1
31.688337667533506,1
25.723144628925784,1
10.684136827365473,1
23.734746949389876,1
19.687937587517503,1
40.00600120024005,1
16.41128225645129,1
37.779555911182236,1
21.48029605921184,1
17.601520304060813,1
28.341668333666732,1
24.686937387477496,1
20.500100020004002,1
21.158231646329266,1
32.654530906181236,1
21.39627925585117,1
28.341668333666732,1
35.46909381876375,1
13.148629725945188,1
20.37407481496299,1
43.33866773354671,1
33.39667933586717,1
31.78635727145429,1
23.230646129225846,1
30.554110822164432,1
45.13102620524105,1
37.163432686537305,1
18.259651930386077,1
25.709141828365674,1
29.78395679135827,1
21.97039407881576,1
20.052010402080416,1
23.160632126425284,1
29.195839167833565,1
29.377875575115024,1
43.43668733746749,1
33.4246849369874,1
23.88877775555111,1
32.738547709541905,1
25.87717543508702,1
42.27445489097819,1
20.62612522504501,1
32.47249449889978,1
40.608121624324866,1
26.913382676535306,1
35.39907981596319,1
17.81156231246249,1
41.14022804560912,1
32.13642728545709,1
12.854570914182837,1
11.14622924584917,1
43.2126425285057,1
26.003200640128025,1
20.99019803960792,1
22.376475295059013,1
30.47009401880376,1
41.08421684336867,1
25.387077415483095,1
28.159631926385277,1
31.92638527705541,1
17.51750350070014,1
10.362072414482896,1
37.55551110222044,1
20.164032806561313,1
41.05621124224845,1
28.69173834766953,1
30.94618923784757,1
29.377875575115024,1
23.874774954990997,1
27.669533906781357,1
19.75795159031806,1
36.827365473094616,1
33.74674934986997,1
38.12962592518504,1
23.62272454490898,1
39.375875175035006,1
15.16503300660132,1
22.334466893378675,1
5.6291258251650325,1
45.145029005801156,1
20.13602720544109,1
35.97319463892779,1
26.675335067013403,1
27.823564712942588,1
11.790358071614323,1
16.677335467093418,1
29.71394278855771,1
30.596119223844767,1
10.082016403280656,1
29.041808361672334,1
47.203440688137626,1
21.172234446889377,1
18.329665933186636,1
42.66653330666133,1
16.439287857571514,1
27.655531106221243,1
31.758351670334065,1
17.083416683336665,1
21.270254050810163,1
5.475095019003801,1
41.01420284056811,1
22.600520104020802,1
15.879175835167032,1
37.9755951190238,1
40.00600120024005,1
28.509701940388076,1
29.279855971194237,1
31.044208841768352,1
29.825965193038606,1
26.17123424684937,1
35.45509101820364,1
12.67253450690138,1
22.418483696739347,1
27.361472294458892,1
30.0500100020004,1
27.053410682136427,1
11.328265653130625,1
17.209441888377675,1
26.241248249649928,1
15.963192638527705,1
29.55991198239648,1
19.015803160632125,1
38.53570714142828,1
30.232046409281857,1
34.32086417283457,1
29.06981396279256,1
37.163432686537305,1
54.73694738947789,1
56.23524704940988,1
38.04560912182436,1
23.398679735947187,1
25.793158631726346,1
27.47349469893979,1
18.721744348869773,1
12.868573714742949,1
22.83856771354271,1
30.988197639527904,1
18.273654730946188,1
10.6001200240048,1
21.802360472094417,1
42.778555711142225,1
30.48409681936387,1
32.13642728545709,1
33.116623324664936,1
16.495299059811963,1
20.206041208241647,1
34.768953790758154,1
22.29245849169834,1
38.61972394478896,1
26.269253850770152,1
33.074614922984594,1
22.64252850570114,1
22.894578915783157,1
22.29245849169834,1
31.9123824764953,1
26.297259451890376,1
22.16643328665733,1
36.547309461892375,1
23.832766553310663,1
13.540708141628325,1
30.008001600320064,1
23.496699339867973,1
27.96359271854371,1
11.56631326265253,1
28.915783156631324,1
23.202640528105622,1
21.97039407881576,1
43.38067613522704,1
37.79355871174235,1
20.206041208241647,1
16.047209441888377,1
26.423284656931386,1
18.049609921984395,1
23.034606921384277,1
14.786957391478296,1
41.36427285457091,1
24.210842168433686,1
33.49469893978796,1
28.159631926385277,1
12.014402880576116,1
14.800960192038406,1
11.49629925985197,1
30.442088417683536,1
40.34206841368273,1
17.39147829565913,1
34.85297059411882,1
24.672934586917382,1
43.856771354270855,1
38.03160632126425,1
10.18003600720144,1
42.27445489097819,1
32.23444688937788,1
35.80516103220644,1
32.248449689937985,1
27.41748349669934,1
19.12782556511302,1
17.65753150630126,1
7.2254450890178035,1
33.10262052410482,1
15.711142228445688,1
33.7747549509902,1
15.389077815563112,1
12.728545709141828,1
24.126825365073014,1
18.791758351670335,1
21.634326865373072,1
40.0620124024805,1
23.62272454490898,1
19.39387877575515,1
32.80856171234247,1
19.099819963992797,1
45.43908781756351,1
33.018603720744146,1
12.868573714742949,1
32.76655331066213,1
13.37267453490698,1
18.34366873374675,1
21.130226045209042,1
22.0124024804961,1
16.677335467093418,1
34.97899579915983,1
27.333466693338668,1
15.011002200440087,1
36.71534306861372,1
18.20364072814563,1
31.828365673134627,1
23.202640528105622,1
35.02100420084017,1
42.47049409881976,1
29.3498699739948,1
39.991998399679936,1
31.338267653530707,1
32.87857571514303,1
32.500500100020005,1
30.582116423284656,1
15.249049809961992,1
20.542108421684336,1
43.61872374474895,1
31.22624524904981,1
50.886177235447086,1
27.27745549109822,1
33.99879975995199,1
34.85297059411882,1
33.634726945389076,1
12.280456091218243,1
24.630926185237048,1
31.758351670334065,1
30.148029605921185,1
42.442488497699536,1
44.69693938787758,1
10.362072414482896,1
37.345469093818764,1
25.163032606521302,1
14.156831366273254,1
19.967993598719744,1
41.392278455691134,1
26.11522304460892,1
32.38847769553911,1
33.17263452690538,1
18.469693938787756,1
23.174634926985398,1
23.370674134826963,1
10.418083616723344,1
12.952590518103621,1
36.63132626525305,1
26.563312662532507,1
25.83516703340668,1
8.59771954390878,1
27.43148629725945,1
29.573914782956592,1
16.46729345869174,1
24.37887577515503,1
37.75155031006201,1
38.969793958791755,1
36.25325065013003,1
30.064012802560512,1
31.030206041208242,1
16.397279455891177,1
11.832366473294659,1
23.90278055611122,1
17.05541108221644,1
30.13402680536107,1
30.372074414882977,1
28.299659931986398,1
31.464292858571714,1
36.365273054610924,1
43.04460892178435,1
24.742948589717944,1
34.670934186837364,1
25.737147429485898,1
29.055811162232445,1
29.685937187437485,1
30.792158431686335,1
8.471694338867774,1
30.638127625525104,1
20.8501700340068,1
9.787957591518303,1
44.85097019403881,1
23.13262652530506,1
26.857371474294858,1
6.203240648129626,1
15.319063812762552,1
14.786957391478296,1
23.706741348269652,1
28.005601120224043,1
19.967993598719744,1
46.797359471894374,1
39.375875175035006,1
13.876775355071015,1
44.836967393478695,1
27.305461092218444,1
39.10982196439288,1
26.157231446289256,1
33.41068213642728,1
34.97899579915983,1
26.3252650530106,1
39.837967593518705,1
39.61392278455691,1
26.99739947989598,1
15.487097419483897,1
16.95739147829566,1
6.483296659331867,1
11.062212442488498,1
28.929785957191438,1
21.004200840168032,1
12.294458891778355,1
15.991198239647929,1
18.315663132626526,1
19.12782556511302,1
11.35627125425085,1
31.940388077615523,1
17.881576315263054,1
34.26485297059412,1
29.3498699739948,1
29.64392878575715,1
18.385677135427084,1
22.054410882176434,1
28.67773554710942,1
10.474094818963792,1
30.31606321264253,1
12.966593318663733,1
17.85357071414283,1
16.677335467093418,1
44.808961792358474,1
26.59131826365273,1
48.81376275255051,1
35.98719743948789,1
29.65793158631726,1
30.4000800160032,1
25.513102620524105,1
11.23024604920984,1
20.822164432886577,1
31.506301260252048,1
22.180436087217444,1
26.101220244048807,1
23.60872174434887,1
14.05881176235247,1
30.90418083616723,1
30.204040808161633,1
21.858371674334865,1
29.83996799359872,1
28.45369073814763,1
31.814362872574513,1
23.25865173034607,1
38.04560912182436,1
18.76375275055011,1
29.769953990798157,1
20.514102820564112,1
37.55551110222044,1
7.113422684536907,1
17.05541108221644,1
39.68393678735747,1
39.9499899979996,1
32.1504300860172,1
30.876175235047008,1
41.392278455691134,1
32.8505701140228,1
20.892178435687136,1
10.964192838567714,1
20.262052410482095,1
24.938987797559513,1
21.214242848569715,1
46.349269853970796,1
42.008401680336064,1
18.77775555111022,1
22.44648929785957,1
21.004200840168032,1
31.99639927985597,1
13.050610122024404,1
15.529105821164233,1
22.600520104020802,1
16.187237447489498,1
21.81636327265453,1
46.13922784556911,1
50.83016603320664,1
19.631926385277055,1
48.60372074414883,1
36.86937387477495,1
34.768953790758154,1
19.967993598719744,1
16.159231846369273,1
37.33146629325865,1
18.48369673934787,1
25.863172634526904,1
38.03160632126425,1
36.71534306861372,1
6.637327465493098,1
35.94518903780756,1
41.96639327865573,1
21.228245649129825,1
28.11762352470494,1
36.49129825965193,1
43.68873774754951,1
22.83856771354271,1
23.916783356671335,1
37.45749149829966,1
22.096419283856772,1
45.55111022204441,1
13.764752950590118,1
35.00700140028005,1
18.511702340468094,1
24.154830966193238,1
15.417083416683337,1
12.882576515303061,1
34.53090618123625,1
33.354670934186835,1
35.847169433886776,1
19.435887177435486,1
25.331066213242647,1
12.028405681136228,1
31.128225645129024,1
42.134426885377074,1
12.980596119223845,1
29.881976395279054,1
23.538707741548308,1
32.738547709541905,1
9.07381476295259,1
14.6749349869974,1
21.928385677135427,1
19.225845169033807,1
22.740548109621923,1
22.16643328665733,1
9.689937987597519,1
35.30106021204241,1
33.67673534706941,1
20.13602720544109,1
11.272254450890177,1
43.268653730746145,1
31.1002200440088,1
25.40108021604321,1
34.922984596919385,1
17.209441888377675,1
16.74734946989398,1
36.827365473094616,1
16.69133826765353,1
12.014402880576116,1
19.365873174634928,1
16.90138027605521,1
31.982396479295858,1
45.663132626525304,1
10.306061212242447,1
19.617923584716944,1
14.086817363472694,1
41.2382476495299,1
30.12002400480096,1
12.39247849569914,1
23.62272454490898,1
38.115623124624925,1
36.29525905181036,1
27.62752550510102,1
13.890778155631125,1
24.322864572914582,1
29.629925985197037,1
21.648329665933186,1
25.82116423284657,1
17.895579115823164,1
30.736147229445887,1
21.11622324464893,1
28.73374674934987,1
28.439687937587518,1
36.53330666133227,1
27.837567513502698,1
25.06501300260052,1
28.369673934786956,1
19.225845169033807,1
9.213842768553711,1
12.19643928785757,1
26.03120624124825,1
20.612122424484895,1
10.67013402680536,1
7.631526305261052,1
28.369673934786956,1
26.199239847969594,1
29.83996799359872,1
30.792158431686335,1
17.349469893978796,1
28.173634726945387,1
17.405481096219244,1
25.05101020204041,1
38.885777155431086,1
11.77635527105421,1
19.967993598719744,1
21.83036607321464,1
19.295859171834365,1
33.29865973194639,1
23.300660132026405,1
15.431086217243449,1
30.47009401880376,1
31.1002200440088,1
14.940988197639527,1
34.796959391878374,1
22.83856771354271,1
32.780556111222246,1
33.04660932186437,1
33.87277455491098,1
40.02000400080016,1
33.87277455491098,1
18.469693938787756,1
20.92018403680736,1
16.06121224244849,1
24.30886177235447,1
24.980996199239847,1
18.455691138227646,1
16.859371874374876,1
16.243248649729946,1
23.216643328665732,1
30.246049209841967,1
19.26785357071414,1
25.569113822764553,1
18.83376675335067,1
7.855571114222844,1
13.63872774554911,1
13.02260452090418,1
34.642928585717144,1
33.816763352670534,1
34.124824964992996,1
16.46729345869174,1
10.264052810562113,1
13.148629725945188,1
36.42128425685137,1
23.94478895779156,1
9.63392678535707,1
17.09741948389678,1
28.215643128625725,1
21.928385677135427,1
29.65793158631726,1
39.41788357671534,1
25.87717543508702,1
20.122024404880975,1
29.30786157231446,1
32.66853370674135,1
24.770954190838168,1
7.995599119823964,1
11.524304860972194,1
27.71154230846169,1
24.602920584116823,1
13.820764152830566,1
27.193438687737547,1
14.982996599319863,1
24.65893178635727,1
25.63912782556511,1
16.873374674934986,1
35.02100420084017,1
18.791758351670335,1
14.758951790358072,1
21.144228845769153,1
46.8253650730146,1
28.11762352470494,1
30.792158431686335,1
23.300660132026405,1
18.749749949989997,1
34.53090618123625,1
34.08281656331266,1
32.87857571514303,1
18.00760152030406,1
12.644528905781156,1
21.60632126425285,1
18.455691138227646,1
12.364472894578915,1
31.842368473694737,1
41.36427285457091,1
17.965593118623723,1
16.509301860372073,1
31.324264852970593,1
21.354270854170835,1
20.76615323064613,1
18.133626725345067,1
27.01140228045609,1
29.867973594718944,1
22.93658731746349,1
38.38167633526705,1
23.496699339867973,1
20.808161632326463,1
37.905581116223246,1
17.755551110222044,1
23.860772154430887,1
27.529505901180237,1
19.81396279255851,1
47.42748549709942,1
30.218043608721743,1
33.606721344268855,1
32.164432886577316,1
43.646729345869176,1
43.058611722344466,1
15.501100220044009,1
11.70634126825365,1
15.711142228445688,1
8.905781156231246,1
11.734346869373875,1
13.036607321464292,1
28.565713142628525,1
11.49629925985197,1
32.990598119623925,1
25.443088617723543,1
25.079015803160633,1
20.76615323064613,1
20.122024404880975,1
22.404480896179237,1
28.145629125825163,1
46.95139027805561,1
35.98719743948789,1
11.00620124024805,1
27.41748349669934,1
28.38367673534707,1
17.167433486697337,1
35.875175035007,1
49.625925185037005,1
30.596119223844767,1
26.759351870374076,1
20.472094418883778,1
28.411682336467294,1
12.658531706341268,1
23.230646129225846,1
36.91138227645529,1
35.98719743948789,1
8.359671934386878,1
44.192838567713544,1
38.479695939187835,1
17.503500700140027,1
11.622324464892978,1
18.81976395279056,1
22.040408081616324,1
19.295859171834365,1
23.60872174434887,1
24.686937387477496,1
19.155831166233245,1
15.30506101220244,1
11.188237647529506,1
19.995999199839968,1
30.4000800160032,1
25.919183836767353,1
44.58491698339668,1
28.81776355271054,1
20.794158831766353,1
19.25385077015403,1
29.321864372874575,1
13.484696939387877,1
9.647929585917183,1
10.852170434086817,1
18.77775555111022,1
28.8877775555111,1
26.885377075415082,1
33.15863172634527,1
24.966993398679737,1
24.72894578915783,1
23.860772154430887,1
23.7627525505101,1
35.62312462492498,1
15.697139427885576,1
38.605721144228845,1
49.597919583916784,1
31.800360072014403,1
28.67773554710942,1
24.336867373474693,1
29.22384476895379,1
33.15863172634527,1
25.9751950390078,1
21.620324064812962,1
26.843368673734748,1
27.641528305661133,1
38.74574914982996,1
26.38127625525105,1
28.481696339267852,1
23.4126825365073,1
18.97379475895179,1
11.272254450890177,1
35.97319463892779,1
30.596119223844767,1
20.57011402280456,1
23.454690938187635,1
29.391878375675134,1
27.249449889977996,1
21.494298859771956,1
30.008001600320064,1
36.211242248449686,1
24.000800160032007,1
14.380876175235047,1
27.207441488297658,1
16.929385877175434,1
13.932786557311461,1
34.432886577315465,1
10.586117223444688,1
12.378475695139027,1
13.77875575115023,1
26.059211842368473,1
33.70474094818964,1
24.504900980196037,1
13.37267453490698,1
34.19483896779356,1
36.47729545909182,1
28.369673934786956,1
24.37887577515503,1
30.232046409281857,1
20.444088817763554,1
15.193038607721544,1
19.547909581916382,1
35.58111622324465,1
13.904780956191237,1
28.761752350470093,1
25.121024204840968,1
22.684536907381474,1
31.29625925185037,1
26.437287457491497,1
33.46669333866773,1
22.93658731746349,1
32.30446089217843,1
23.95879175835167,1
21.38227645529106,1
19.155831166233245,1
22.0124024804961,1
24.336867373474693,1
19.631926385277055,1
35.03500700140028,1
37.30346069213843,1
43.086617323464694,1
17.783556711342268,1
16.817363472694538,1
35.31506301260252,1
33.480696139227845,1
28.159631926385277,1
16.775355071014204,1
30.750150030006,1
17.85357071414283,1
31.324264852970593,1
18.97379475895179,1
36.49129825965193,1
40.28605721144229,1
31.198239647929586,1
23.90278055611122,1
30.66613322664533,1
18.69373874774955,1
24.504900980196037,1
34.11082216443288,1
35.441088217643525,1
14.240848169633926,1
19.561912382476496,1
14.492898579715943,1
19.7999599919984,1
28.38367673534707,1
38.95579115823165,1
23.46869373874775,1
14.156831366273254,1
21.5503100620124,1
13.008601720344068,1
37.961592318463694,1
27.991598319663932,1
8.023604720944189,1
43.800760152030406,1
18.21764352870574,1
38.95579115823165,1
34.11082216443288,1
25.34506901380276,1
16.649329865973193,1
30.13402680536107,1
23.594718943788756,1
22.264452890578116,1
18.385677135427084,1
21.802360472094417,1
27.655531106221243,1
22.110422084416882,1
23.48269653930786,1
24.966993398679737,1
22.894578915783157,1
33.29865973194639,1
38.479695939187835,1
19.729945989197837,1
16.27125425085017,1
18.875775155031004,1
33.34066813362672,1
21.228245649129825,1
25.723144628925784,1
31.85637127425485,1
9.941988397679536,1
25.89117823564713,1
25.513102620524105,1
46.26525305061012,1
24.5749149829966,1
23.510702140428084,1
33.83076615323065,1
45.70514102820564,1
29.825965193038606,1
19.015803160632125,1
54.98899779955991,1
16.94338867773555,1
25.947189437887577,1
33.634726945389076,1
26.815363072614524,1
19.74394878975795,1
18.53970794158832,1
19.995999199839968,1
56.05321064212843,1
21.592318463692738,1
33.354670934186835,1
19.505901180236048,1
21.522304460892176,1
19.421884376875376,1
12.434486897379475,1
28.67773554710942,1
36.56131226245249,1
19.12782556511302,1
20.668133626725343,1
44.038807761552306,1
24.78495699139828,1
26.535307061412283,1
32.8505701140228,1
14.366873374674935,1
27.305461092218444,1
20.332066413282657,1
25.303060612122422,1
24.182836567313462,1
15.93518703740748,1
24.09881976395279,1
35.03500700140028,1
36.5753150630126,1
30.736147229445887,1
28.73374674934987,1
21.81636327265453,1
32.584516903380674,1
31.24024804960992,1
22.670534106821364,1
21.158231646329266,1
37.471494298859774,1
34.768953790758154,1
18.959791958391676,1
35.133026605321064,1
22.22244448889778,1
22.83856771354271,1
21.984396879375875,1
20.99019803960792,1
15.64112822564513,1
23.650730146029204,1
27.655531106221243,1
14.870974194838967,1
34.586917383476695,1
30.31606321264253,1
23.146629325865174,1
16.187237447489498,1
16.8873774754951,1
23.832766553310663,1
36.86937387477495,1
24.882976595319064,1
21.494298859771956,1
27.361472294458892,1
32.92058411682336,1
25.457091418283657,1
15.081016203240647,1
25.289057811562312,1
25.471094218843767,1
18.133626725345067,1
12.434486897379475,1
22.110422084416882,1
23.860772154430887,1
14.856971394278855,1
15.319063812762552,1
26.437287457491497,1
21.004200840168032,1
22.46049209841968,1
23.692738547709542,1
24.72894578915783,1
17.993598719743947,1
21.38227645529106,1
30.064012802560512,1
19.533906781356272,1
24.86897379475895,1
28.173634726945387,1
10.32006401280256,1
11.832366473294659,1
33.04660932186437,1
22.64252850570114,1
24.86897379475895,1
23.384676935387077,1
40.95819163832766,1
30.246049209841967,1
27.991598319663932,1
10.04000800160032,1
53.99479895979196,1
24.112822564512904,1
19.547909581916382,1
30.526105221044208,1
8.317663532706542,1
14.730946189237848,1
35.567113422684535,1
25.14902980596119,1
13.736747349469894,1
20.808161632326463,1
16.439287857571514,1
27.15143028605721,1
38.325665133026604,1
25.807161432286456,1
18.231646329265853,1
25.233046609321864,1
13.582716543308662,1
15.977195439087817,1
43.9127825565113,1
31.478295659131824,1
19.32386477295459,1
41.952390478095616,1
24.44888977795559,1
20.27605521104221,1
24.014802960592117,1
27.69753950790158,1
34.586917383476695,1
20.76615323064613,1
13.540708141628325,1
17.825565113022606,1
10.978195639127826,1
39.08181636327265,1
12.980596119223845,1
27.179435887177434,1
22.376475295059013,1
39.31986397279456,1
9.689937987597519,1
16.831366273254652,1
23.18863772754551,1
12.476495299059811,1
16.55131026205241,1
17.293458691738348,1
22.22244448889778,1
20.696139227845567,1
22.054410882176434,1
17.475495099019803,1
45.52310462092419,1
24.756951390278054,1
14.772954590918184,1
21.5503100620124,1
50.71814362872574,1
20.948189637927584,1
32.27645529105821,1
25.933186637327466,1
35.80516103220644,1
19.379875975195038,1
30.848169633926783,1
13.596719343868774,1
17.475495099019803,1
22.880576115223043,1
16.74734946989398,1
35.105021004200836,1
25.765153030606122,1
31.072214442888576,1
13.750750150030006,1
14.954990998199639,1
26.003200640128025,1
27.851570314062812,1
31.22624524904981,1
12.504500900180036,1
23.104620924184836,1
23.202640528105622,1
34.8249649929986,1
34.08281656331266,1
31.058211642328466,1
15.319063812762552,1
35.38507701540308,1
17.25145029005801,1
15.23504700940188,1
16.34126825365073,1
26.45129025805161,1
35.875175035007,1
15.64112822564513,1
32.8505701140228,1
18.945789157831566,1
27.823564712942588,1
27.515503100620123,1
27.23544708941788,1
22.22244448889778,1
40.13202640528105,1
34.90898179635927,1
33.970794158831765,1
12.588517703540708,1
56.99139827965593,1
30.82016403280656,1
16.649329865973193,1
33.64872974594919,1
23.594718943788756,1
28.11762352470494,1
29.461892378475696,1
43.68873774754951,1
22.866573314662933,1
33.74674934986997,1
28.999799959991996,1
29.377875575115024,1
56.58531706341268,1
30.232046409281857,1
19.897979595919182,1
32.30446089217843,1
15.515103020604121,1
12.952590518103621,1
25.037007401480295,1
38.56371274254851,1
4.046809361872374,1
12.252450490098019,1
34.768953790758154,1
45.52310462092419,1
26.50730146029206,1
31.002200440088018,1
22.586517303460692,1
19.071814362872573,1
19.64592918583717,1
23.34266853370674,1
27.935587117423484,1
38.87177435487097,1
51.46029205841168,1
37.317463492698536,1
25.093018603720743,1
13.946789357871573,1
13.344668933786757,1
12.980596119223845,1
27.90758151630326,1
15.16503300660132,1
43.63272654530906,1
26.003200640128025,1
27.837567513502698,1
39.68393678735747,1
24.154830966193238,1
23.95879175835167,1
17.321464292858572,1
14.086817363472694,1
17.559511902380475,1
11.510302060412082,1
35.259051810362074,1
29.64392878575715,1
43.310662132426486,1
16.635327065413083,1
9.171834366873375,1
40.83216643328666,1
30.80616123224645,1
46.05521104220844,1
17.67153430686137,1
36.46329265853171,1
32.29045809161832,1
23.356671334266853,1
15.879175835167032,1
15.487097419483897,1
26.395279055811162,1
35.14702940588118,1
23.90278055611122,1
26.843368673734748,1
13.918783756751349,1
34.16683336667333,1
26.423284656931386,1
31.422284456891376,1
41.952390478095616,1
23.60872174434887,1
26.437287457491497,1
23.692738547709542,1
16.593318663732745,1
16.719343868773755,1
17.013402680536107,1
56.54330866173235,1
22.51650330066013,1
20.78015603120624,1
43.46469293858772,1
26.059211842368473,1
13.442688537707541,1
20.36007201440288,1
29.461892378475696,1
10.222044408881777,1
23.496699339867973,1
37.72354470894179,1
18.105621124224843,1
32.010402080416085,1
18.035607121424285,1
21.774354870974193,1
25.289057811562312,1
25.00900180036007,1
22.950590118023605,1
21.270254050810163,1
20.178035607121423,1
38.29765953190638,1
10.712142428485697,1
30.876175235047008,1
20.55611122224445,1
22.908581716343267,1
17.321464292858572,1
22.334466893378675,1
30.13402680536107,1
25.177035407081416,1
22.376475295059013,1
20.8501700340068,1
17.643528705741147,1
11.762352470494099,1
14.968993798759751,1
16.48129625925185,1
45.25705141028205,1
19.39387877575515,1
28.005601120224043,1
14.632926585317064,1
13.512702540508101,1
17.965593118623723,1
20.27605521104221,1
26.563312662532507,1
44.82296459291858,1
31.198239647929586,1
32.59851970394079,1
26.759351870374076,1
30.76415283056611,1
24.798959791958392,1
27.71154230846169,1
45.15903180636127,1
36.61732346469294,1
18.16163232646529,1
27.879575915183036,1
27.529505901180237,1
27.669533906781357,1
31.548309661932386,1
21.928385677135427,1
20.92018403680736,1
38.82976595319064,1
16.74734946989398,1
36.799359871974396,1
36.855371074214844,1
18.917783556711342,1
16.62132426485297,1
13.218643728745748,1
9.227845569113823,1
29.79795959191838,1
34.0128025605121,1
20.808161632326463,1
22.194438887777554,1
30.31606321264253,1
13.98879775955191,1
29.3498699739948,1
27.263452690538106,1
21.214242848569715,1
38.66173234646929,1
22.600520104020802,1
11.398279655931185,1
27.1374274854971,1
19.81396279255851,1
9.507901580316062,1
21.312262452490497,1
32.6125225045009,1
22.866573314662933,1
26.101220244048807,1
33.08861772354471,1
27.585517103420685,1
25.303060612122422,1
42.93258651730346,1
13.792758551710342,1
18.595719143828767,1
27.879575915183036,1
39.20784156831366,1
18.931786357271452,1
39.375875175035006,1
29.237847569513903,1
29.6999399879976,1
36.47729545909182,1
8.051610322064413,1
41.89637927585517,1
29.08381676335267,1
37.345469093818764,1
19.58991798359672,1
35.287057411482294,1
21.228245649129825,1
21.46629325865173,1
24.25285057011402,1
7.26745349069814,1
39.17983596719344,1
28.621724344868973,1
41.8123624724945,1
21.998399679935986,1
24.826965393078616,1
12.322464492898579,1
23.74874974994999,1
31.968393678735747,1
27.15143028605721,1
35.847169433886776,1
44.6129225845169,1
29.16783356671334,1
18.875775155031004,1
39.27785557111422,1
36.49129825965193,1
22.16643328665733,1
22.30646129225845,1
21.228245649129825,1
30.372074414882977,1
15.081016203240647,1
13.358671734346869,1
36.16923384676935,1
32.38847769553911,1
35.11902380476095,1
34.22284456891378,1
26.703340668133627,1
23.398679735947187,1
23.60872174434887,1
23.104620924184836,1
17.545509101820365,1
41.99439887977596,1
57.215443088617725,1
34.124824964992996,1
34.90898179635927,1
32.59851970394079,1
36.93938787757551,1
23.580716143228646,1
23.510702140428084,1
39.61392278455691,1
47.86157231446289,1
25.387077415483095,1
16.397279455891177,1
27.305461092218444,1
34.69893978795759,1
33.70474094818964,1
28.69173834766953,1
24.210842168433686,1
7.827565513102621,1
22.054410882176434,1
29.64392878575715,1
17.559511902380475,1
28.495699139827966,1
25.023004600920185,1
18.735747149429887,1
36.50530106021204,1
26.689337867573514,1
28.929785957191438,1
26.66133226645329,1
27.62752550510102,1
13.918783756751349,1
32.17843568713743,1
29.755951190238047,1
28.957791558311662,1
33.25665133026605,1
18.175635127025405,1
16.299259851970394,1
29.15383076615323,1
30.27405481096219,1
27.90758151630326,1
38.241648329665935,1
38.33966793358672,1
28.8877775555111,1
29.587917583516703,1
26.199239847969594,1
12.924584916983397,1
44.066813362672534,1
35.721144228845766,1
23.34266853370674,1
14.464892978595719,1
34.614922984596916,1
15.529105821164233,1
44.45889177835567,1
38.03160632126425,1
17.04140828165633,1
19.855971194238847,1
23.60872174434887,1
17.25145029005801,1
19.477895579115824,1
24.504900980196037,1
37.68153630726145,1
39.375875175035006,1
44.36087217443489,1
12.686537307461492,1
9.997999599919984,1
33.57871574314863,1
23.034606921384277,1
15.179035807161432,1
9.885977195439088,1
37.10742148429686,1
43.366673334666935,1
44.40288057611522,1
12.084416883376676,1
7.463492698539707,1
20.836167233446687,1
35.03500700140028,1
42.38647729545909,1
9.49389877975595,1
20.72414482896579,1
33.24264852970594,1
38.92778555711142,1
23.874774954990997,1
12.67253450690138,1
25.20504100820164,1
31.29625925185037,1
19.421884376875376,1
35.11902380476095,1
34.51690338067613,1
24.364872974594917,1
28.607721544308863,1
29.15383076615323,1
33.200640128025604,1
16.201240248049608,1
24.406881376275255,1
12.924584916983397,1
11.258251650330065,1
45.145029005801156,1
27.879575915183036,1
21.18623724744949,1
32.47249449889978,1
34.32086417283457,1
24.560912182436486,1
47.42748549709942,1
25.247049409881974,1
11.846369273854771,1
40.51010202040408,1
30.568113622724542,1
16.383276655331066,1
23.244648929785956,1
35.67913582716543,1
14.716943388677736,1
24.364872974594917,1
19.25385077015403,1
26.927385477095417,1
31.85637127425485,1
12.476495299059811,1
29.16783356671334,1
23.692738547709542,1
13.078615723144628,1
21.760352070414083,1
20.01000200040008,1
31.828365673134627,1
21.39627925585117,1
35.83316663332666,1
17.153430686137227,1
35.02100420084017,1
37.79355871174235,1
24.85497099419884,1
27.207441488297658,1
35.287057411482294,1
28.761752350470093,1
19.057811562312462,1
31.59031806361272,1
34.27885577115423,1
15.347069413882776,1
21.928385677135427,1
12.224444888977795,1
39.57191438287657,1
23.510702140428084,1
29.867973594718944,1
18.721744348869773,1
24.99499899979996,1
11.650330066013202,1
25.457091418283657,1
35.30106021204241,1
35.0630126025205,1
9.311862372474495,1
31.77235447089418,1
15.753150630126024,1
34.08281656331266,1
35.67913582716543,1
30.092018403680736,1
16.46729345869174,1
34.89497899579916,1
31.758351670334065,1
23.832766553310663,1
16.60732146429286,1
37.06541308261652,1
24.182836567313462,1
14.618923784756952,1
38.33966793358672,1
29.99399879975995,1
10.138027605521104,1
23.720744148829766,1
39.739947989597916,1
21.158231646329266,1
13.820764152830566,1
18.469693938787756,1
11.986397279455892,1
26.3252650530106,1
36.93938787757551,1
16.831366273254652,1
30.694138827765553,1
25.429085817163433,1
33.87277455491098,1
36.029205841168235,1
26.3252650530106,1
14.40888177635527,1
44.69693938787758,1
8.93378675735147,1
34.55891178235647,1
34.124824964992996,1
38.03160632126425,1
32.23444688937788,1
33.95679135827165,1
26.3252650530106,1
32.51450290058011,1
32.34646929385877,1
20.948189637927584,1
10.558111622324464,1
36.28125625125025,1
36.99539907981596,1
51.51630326065213,1
22.544508901780354,1
31.1002200440088,1
24.02880576115223,1
21.900380076015203,1
26.409281856371273,1
32.51450290058011,1
10.236047209441889,1
33.18663732746549,1
29.30786157231446,1
20.822164432886577,1
32.29045809161832,1
28.719743948789755,1
21.844368873774755,1
22.880576115223043,1
15.893178635727145,1
16.243248649729946,1
38.5497099419884,1
26.94138827765553,1
26.423284656931386,1
51.194238847769554,1
12.154430886177234,1
34.57291458291658,1
31.59031806361272,1
21.858371674334865,1
14.646929385877176,1
17.923584716943388,1
25.121024204840968,1
19.4498899779956,1
18.119623924784957,1
21.270254050810163,1
24.602920584116823,1
24.798959791958392,1
22.474494898979795,1
37.863572714542904,1
22.810562112422485,1
20.23404680936187,1
35.60912182436487,1
19.827965593118623,1
24.616923384676934,1
14.758951790358072,1
34.768953790758154,1
46.26525305061012,1
19.631926385277055,1
40.00600120024005,1
24.602920584116823,1
28.52370474094819,1
13.862772554510903,1
22.65653130626125,1
33.87277455491098,1
22.320464092818565,1
20.514102820564112,1
27.08141628325665,1
24.39287857571514,1
28.719743948789755,1
27.879575915183036,1
25.82116423284657,1
15.263052610522104,1
18.567713542708542,1
9.605921184236847,1
34.44688937787557,1
18.67973594718944,1
22.068413682736548,1
29.265853170634127,1
48.42168433686737,1
19.099819963992797,1
14.142828565713142,1
46.69933986797359,1
13.386677335467093,1
22.16643328665733,1
28.481696339267852,1
8.261652330466093,1
11.300260052010401,1
23.538707741548308,1
24.99499899979996,1
31.842368473694737,1
23.790758151630325,1
35.34306861372274,1
38.15763152630526,1
26.157231446289256,1
23.95879175835167,1
27.69753950790158,1
30.582116423284656,1
10.93618723744749,1
13.526705341068213,1
41.588317663532706,1
34.39087817563512,1
19.93998799759952,1
31.324264852970593,1
43.49269853970794,1
29.867973594718944,1
10.082016403280656,1
47.00740148029606,1
35.287057411482294,1
40.31406281256251,1
18.791758351670335,1
21.004200840168032,1
23.202640528105622,1
30.13402680536107,1
24.840968193638727,1
38.85777155431086,1
30.232046409281857,1
20.22004400880176,1
8.555711142228445,1
21.88637727545509,1
29.20984196839368,1
29.279855971194237,1
18.035607121424285,1
22.22244448889778,1
27.655531106221243,1
34.44688937787557,1
22.726545309061812,1
12.000400080016004,1
28.24364872974595,1
30.41408281656331,1
7.3374674934987,1
17.321464292858572,1
23.62272454490898,1
18.735747149429887,1
24.546909381876375,1
24.182836567313462,1
30.47009401880376,1
22.334466893378675,1
33.08861772354471,1
7.995599119823964,1
42.47049409881976,1
29.405881176235248,1
30.66613322664533,1
19.30986197239448,1
32.2624524904981,1
38.66173234646929,1
15.207041408281656,1
22.236447289457892,1
8.891778355671134,1
11.678335667133426,1
43.702740548109624,1
28.971794358871772,1
30.344068813762753,1
32.82256451290258,1
24.420884176835365,1
34.334866973394675,1
28.901780356071214,1
48.155631126225245,1
32.864572914582915,1
23.972794558911783,1
24.08481696339268,1
24.44888977795559,1
27.039407881576313,1
34.57291458291658,1
36.827365473094616,1
12.896579315863173,1
31.268253650730145,1
40.818163632726545,1
37.89157831566313,1
16.201240248049608,1
14.632926585317064,1
17.615523104620923,1
31.77235447089418,1
38.25565113022604,1
33.46669333866773,1
21.97039407881576,1
41.952390478095616,1
35.413082616523305,1
29.55991198239648,1
25.2750550110022,1
35.133026605321064,1
17.65753150630126,1
14.044808961792357,1
24.742948589717944,1
21.87237447489498,1
28.229645929185835,1
18.511702340468094,1
11.846369273854771,1
36.77135427085417,1
28.971794358871772,1
20.752150430086015,1
26.59131826365273,1
23.972794558911783,1
36.96739347869574,1
34.48889777955591,1
6.875375075015003,1
22.572514502900578,1
37.06541308261652,1
31.604320864172834,1
23.46869373874775,1
31.39427885577115,1
29.29385877175435,1
30.078015603120623,1
32.43048609721944,1
30.246049209841967,1
24.616923384676934,1
50.95619123824765,1
10.698139627925585,1
37.68153630726145,1
15.921184236847369,1
29.6999399879976,1
11.454290858171634,1
38.199639927985594,1
19.533906781356272,1
14.436887377475495,1
28.04760952190438,1
33.13062612522504,1
26.227245449089818,1
15.291058211642328,1
23.874774954990997,1
20.13602720544109,1
28.635727145429087,1
18.77775555111022,1
13.70874174834967,1
10.376075215043008,1
23.986797359471893,1
15.375075015003,1
6.091218243648729,1
28.859771954390876,1
32.9625925185037,1
31.22624524904981,1
11.314262852570513,1
17.979595919183836,1
17.25145029005801,1
38.22764552910582,1
21.95639127825565,1
33.38267653530706,1
24.29485897179436,1
32.528505701140226,1
27.543508701740347,1
30.68013602720544,1
28.439687937587518,1
21.73234646929386,1
30.218043608721743,1
13.666733346669334,1
20.8501700340068,1
32.402480496099216,1
34.65693138627726,1
16.41128225645129,1
39.557911582316464,1
45.00500100020004,1
31.254250850170035,1
28.5377075415083,1
28.173634726945387,1
26.12922584516903,1
20.444088817763554,1
25.191038207641526,1
20.514102820564112,1
35.077015403080615,1
24.72894578915783,1
30.148029605921185,1
25.261052210442088,1
37.23344668933787,1
15.179035807161432,1
19.771954390878175,1
27.585517103420685,1
39.12382476495299,1
33.57871574314863,1
30.974194838967794,1
21.522304460892176,1
17.643528705741147,1
25.723144628925784,1
18.105621124224843,1
32.10842168433687,1
32.62652530506101,1
20.248049609921985,1
53.126625325065014,1
19.771954390878175,1
23.692738547709542,1
21.858371674334865,1
23.90278055611122,1
26.437287457491497,1
24.196839367873572,1
8.275655131026205,1
19.197839567913583,1
25.21904380876175,1
17.909581916383278,1
33.564712942588514,1
26.871374274854972,1
43.49269853970794,1
8.149629925985197,1
17.615523104620923,1
26.46529305861172,1
27.96359271854371,1
37.20544108821764,1
22.488497699539906,1
38.77375475095019,1
32.19243848769754,1
37.33146629325865,1
63.97879575915183,1
30.848169633926783,1
10.74014802960592,1
24.51890378075615,1
24.23884776955391,1
19.30986197239448,1
26.143228645729145,1
19.911982396479296,1
43.702740548109624,1
18.49769953990798,1
20.346069213842767,1
30.204040808161633,1
30.918183636727345,1
19.869973994798958,1
31.422284456891376,1
23.4126825365073,1
34.3628725745149,1
34.85297059411882,1
18.14762952590518,1
30.48409681936387,1
31.814362872574513,1
23.230646129225846,1
32.33246649329866,1
24.04280856171234,1
15.431086217243449,1
17.5875175035007,1
10.894178835767153,1
21.73234646929386,1
21.298259651930387,1
33.78875775155031,1
20.976195239047808,1
20.038007601520302,1
27.039407881576313,1
30.48409681936387,1
37.63952790558112,1
25.54110822164433,1
24.840968193638727,1
9.913982796559312,1
47.58151630326065,1
9.521904380876174,1
37.653530706141225,1
24.686937387477496,1
19.16983396679336,1
31.268253650730145,1
40.13202640528105,1
20.71014202840568,1
13.876775355071015,1
19.981996399279854,1
36.63132626525305,1
21.984396879375875,1
25.751150230046008,1
22.3624724944989,1
29.16783356671334,1
30.96019203840768,1
27.78155631126225,1
8.583716743348669,1
14.6749349869974,1
12.322464492898579,1
13.596719343868774,1
25.69513902780556,1
12.238447689537907,1
29.335867173434686,1
33.04660932186437,1
24.966993398679737,1
35.21704340868173,1
39.90798159631926,1
15.123024604920984,1
24.420884176835365,1
19.967993598719744,1
30.31606321264253,1
28.355671134226846,1
20.402080416083216,1
6.539307861572314,1
32.654530906181236,1
35.24504900980196,1
23.832766553310663,1
23.0626125225045,1
19.869973994798958,1
39.47389477895579,1
20.752150430086015,1
41.85437087417483,1
34.27885577115423,1
23.4126825365073,1
33.59271854370874,1
13.526705341068213,1
42.414482896579315,1
22.558511702340468,1
30.022004400880174,1
14.730946189237848,1
8.555711142228445,1
30.554110822164432,1
14.926985397079415,1
27.515503100620123,1
37.23344668933787,1
17.909581916383278,1
51.558311662332464,1
28.81776355271054,1
47.847569513902776,1
43.9127825565113,1
16.06121224244849,1
29.615923184636927,1
31.688337667533506,1
19.673934786957393,1
29.237847569513903,1
25.233046609321864,1
41.644328865773154,1
18.931786357271452,1
38.15763152630526,1
28.11762352470494,1
46.54530906181236,1
38.82976595319064,1
17.951590318063612,1
22.684536907381474,1
28.32766553310662,1
23.020604120824164,1
22.740548109621923,1
24.29485897179436,1
40.902180436087214,1
18.48369673934787,1
30.302060412082415,1
29.92398479695939,1
14.212842568513702,1
28.033606721344267,1
37.135427085417085,1
30.89017803560712,1
47.73554710942188,1
39.93598719743949,1
35.30106021204241,1
28.06161232246449,1
24.938987797559513,1
26.18523704740948,1
36.74334866973395,1
22.236447289457892,1
40.25805161032206,1
22.768553710742147,1
13.918783756751349,1
29.01380276055211,1
37.09341868373674,1
13.974794958991797,1
42.568513702740546,1
17.475495099019803,1
38.18563712742549,1
23.916783356671335,1
29.237847569513903,1
17.993598719743947,1
28.20164032806561,1
18.749749949989997,1
32.38847769553911,1
34.37687537507502,1
19.32386477295459,1
23.790758151630325,1
38.74574914982996,1
33.71874374874975,1
23.986797359471893,1
29.16783356671334,1
25.247049409881974,1
13.288657731546309,1
25.373074614922984,1
39.795959191838364,1
27.305461092218444,1
17.18143628725745,1
42.83456691338267,1
34.90898179635927,1
19.981996399279854,1
16.46729345869174,1
23.594718943788756,1
32.05241048209642,1
23.916783356671335,1
16.21524304860972,1
30.13402680536107,1
32.780556111222246,1
14.464892978595719,1
12.518503700740148,1
23.090618123624726,1
27.543508701740347,1
36.757351470294054,1
35.49709941988397,1
31.128225645129024,1
30.13402680536107,1
37.48549709941988,1
16.70534106821364,1
28.57971594318864,1
13.176635327065412,1
23.7627525505101,1
19.057811562312462,1
48.74374874974995,1
15.16503300660132,1
39.837967593518705,1
18.69373874774955,1
46.2372474494899,1
17.223444688937786,1
17.37747549509902,1
13.694738947789558,1
31.604320864172834,1
33.9007801560312,1
33.29865973194639,1
33.018603720744146,1
21.11622324464893,1
47.259451890378074,1
18.315663132626526,1
27.23544708941788,1
6.735347069413883,1
17.909581916383278,1
40.21604320864173,1
7.379475895179036,1
16.355271054210842,1
24.826965393078616,1
22.082416483296658,1
37.499499899979995,1
34.054810962192434,1
26.52130426085217,1
28.39767953590718,1
42.414482896579315,1
34.23684736947389,1
18.30166033206641,1
13.834766953390679,1
17.881576315263054,1
13.204640928185636,1
29.881976395279054,1
20.304060812162433,1
34.796959391878374,1
24.490898179635927,1
33.08861772354471,1
16.74734946989398,1
15.837167433486696,1
36.40728145629126,1
24.014802960592117,1
24.78495699139828,1
45.201040208041604,1
33.25665133026605,1
48.3376675335067,1
16.159231846369273,1
51.30626125225045,1
28.439687937587518,1
22.92258451690338,1
23.286657331466294,1
24.39287857571514,1
30.792158431686335,1
32.51450290058011,1
22.950590118023605,1
23.314662932586515,1
20.99019803960792,1
45.299059811962394,1
34.29285857171434,1
44.58491698339668,1
11.062212442488498,1
21.298259651930387,1
10.922184436887378,1
32.10842168433687,1
28.439687937587518,1
29.531906381276254,1
13.414682936587317,1
26.38127625525105,1
30.778155631126225,1
8.765753150630125,1
18.511702340468094,1
33.10262052410482,1
24.25285057011402,1
33.91478295659132,1
28.439687937587518,1
26.675335067013403,1
36.00120024004801,1
18.35767153430686,1
33.7747549509902,1
37.17743548709742,1
38.77375475095019,1
21.73234646929386,1
32.10842168433687,1
12.784556911382277,1
22.894578915783157,1
33.62072414482896,1
20.164032806561313,1
7.729545909181836,1
17.615523104620923,1
15.697139427885576,1
41.392278455691134,1
17.153430686137227,1
19.281856371274255,1
28.355671134226846,1
33.38267653530706,1
11.804360872174435,1
19.65993198639728,1
30.554110822164432,1
40.49609921984397,1
41.12622524504901,1
16.201240248049608,1
28.831766353270652,1
35.62312462492498,1
30.512102420484094,1
22.544508901780354,1
42.76455291058212,1
28.131626325265053,1
22.78255651130226,1
19.533906781356272,1
26.815363072614524,1
20.62612522504501,1
24.896979395879175,1
64.48289657931586,1
17.503500700140027,1
22.34846969393879,1
10.908181636327265,1
47.02140428085617,1
21.53630726145229,1
38.15763152630526,1
10.404080816163232,1
20.90618123624725,1
18.02160432086417,1
15.977195439087817,1
38.82976595319064,1
8.751750350070013,1
31.9123824764953,1
47.14742948589718,1
25.34506901380276,1
21.312262452490497,1
46.18123624724945,1
28.075615123024605,1
24.798959791958392,1
13.120624124824964,1
34.50290058011602,1
17.741548309661933,1
35.83316663332666,1
13.876775355071015,1
25.807161432286456,1
40.62212442488497,1
28.67773554710942,1
15.137027405481096,1
31.39427885577115,1
17.5875175035007,1
27.249449889977996,1
23.048609721944388,1
33.49469893978796,1
26.493298659731945,1
23.664732946589318,1
27.529505901180237,1
24.798959791958392,1
18.791758351670335,1
21.760352070414083,1
38.4376875375075,1
20.262052410482095,1
23.076615323064612,1
35.931186237247445,1
41.644328865773154,1
32.76655331066213,1
32.59851970394079,1
16.13122624524905,1
17.923584716943388,1
11.258251650330065,1
16.48129625925185,1
27.529505901180237,1
21.60632126425285,1
23.18863772754551,1
12.756551310262052,1
18.76375275055011,1
23.174634926985398,1
14.422884576915383,1
24.700940188037606,1
33.21464292858572,1
19.925985197039406,1
13.106621324264852,1
18.84776955391078,1
37.59751950390078,1
35.231046209241846,1
16.019203840768153,1
29.64392878575715,1
17.67153430686137,1
29.685937187437485,1
31.63232646529306,1
32.500500100020005,1
33.25665133026605,1
29.06981396279256,1
8.779755951190237,1
26.99739947989598,1
36.99539907981596,1
19.88397679535907,1
22.068413682736548,1
43.33866773354671,1
11.188237647529506,1
36.77135427085417,1
20.346069213842767,1
17.223444688937786,1
17.25145029005801,1
25.83516703340668,1
32.066413282656534,1
22.628525705141026,1
17.475495099019803,1
21.074214842968594,1
32.584516903380674,1
15.277055411082216,1
21.900380076015203,1
17.629525905181037,1
31.92638527705541,1
38.15763152630526,1
28.999799959991996,1
26.99739947989598,1
33.52270454090818,1
27.739547909581916,1
12.084416883376676,1
35.847169433886776,1
34.37687537507502,1
19.18383676735347,1
20.528105621124226,1
16.14522904580916,1
31.744348869773955,1
32.9625925185037,1
23.7627525505101,1
23.048609721944388,1
25.9751950390078,1
30.988197639527904,1
36.645329065813165,1
15.23504700940188,1
23.314662932586515,1
51.040208041608324,1
30.89017803560712,1
26.94138827765553,1
31.114222844568914,1
24.826965393078616,1
13.918783756751349,1
25.947189437887577,1
13.932786557311461,1
15.137027405481096,1
11.104220844168834,1
24.85497099419884,1
20.948189637927584,1
16.55131026205241,1
40.74814962992598,1
19.505901180236048,1
28.39767953590718,1
26.927385477095417,1
28.87377475495099,1
34.53090618123625,1
38.56371274254851,1
17.11142228445689,1
31.016203240648128,1
31.254250850170035,1
19.729945989197837,1
26.885377075415082,1
34.670934186837364,1
19.65993198639728,1
33.4246849369874,1
12.490498099619924,1
42.45649129825965,1
36.65933186637327,1
29.50390078015603,1
36.08521704340868,1
16.48129625925185,1
25.037007401480295,1
35.567113422684535,1
27.76755351070214,1
9.395879175835168,1
16.173234646929384,1
13.344668933786757,1
8.023604720944189,1
28.20164032806561,1
14.016803360672133,1
33.53670734146829,1
16.0752150430086,1
23.146629325865174,1
20.052010402080416,1
18.14762952590518,1
24.224844968993796,1
32.374474894978995,1
21.2002400480096,1
17.37747549509902,1
33.228645729145825,1
42.33046609321864,1
12.014402880576116,1
17.72754550910182,1
10.684136827365473,1
10.278055611122225,1
34.712942588517706,1
12.238447689537907,1
18.945789157831566,1
30.078015603120623,1
32.7245449089818,1
41.19623924784957,1
28.075615123024605,1
31.898379675935185,1
50.732146429285855,1
26.94138827765553,1
37.3874774954991,1
26.815363072614524,1
24.78495699139828,1
20.976195239047808,1
17.167433486697337,1
26.95539107821564,1
23.94478895779156,1
35.80516103220644,1
15.739147829565912,1
17.013402680536107,1
25.443088617723543,1
24.71494298859772,1
14.520904180836167,1
31.57631526305261,1
39.711942388477695,1
23.664732946589318,1
23.034606921384277,1
23.18863772754551,1
33.480696139227845,1
32.9625925185037,1
16.355271054210842,1
15.627125425085017,1
26.227245449089818,1
32.54250850170034,1
24.070814162832566,1
29.48989797959592,1
26.759351870374076,1
12.560512102420484,1
43.800760152030406,1
33.508701740348066,1
36.057211442288455,1
25.093018603720743,1
24.23884776955391,1
24.280856171234245,1
14.33886777355471,1
18.02160432086417,1
40.74814962992598,1
7.2254450890178035,1
10.432086417283456,1
18.97379475895179,1
22.488497699539906,1
31.884376875375075,1
23.230646129225846,1
34.16683336667333,1
38.66173234646929,1
36.89737947589518,1
21.2002400480096,1
18.06361272254451,1
21.04620924184837,1
30.19003800760152,1
26.45129025805161,1
21.88637727545509,1
37.933586717343466,1
20.27605521104221,1
29.30786157231446,1
27.57151430286057,1
22.544508901780354,1
31.352270454090817,1
27.949589917983594,1
12.868573714742949,1
25.807161432286456,1
31.366273254650928,1
39.29185837167434,1
36.53330666133227,1
26.437287457491497,1
28.32766553310662,1
25.40108021604321,1
30.848169633926783,1
36.519303860772155,1
34.32086417283457,1
20.654130826165233,1
12.19643928785757,1
31.604320864172834,1
12.994598919783957,1
42.498499699939984,1
23.790758151630325,1
15.417083416683337,1
30.41408281656331,1
10.754150830166033,1
25.54110822164433,1
19.911982396479296,1
36.09921984396879,1
17.86757351470294,1
25.68113622724545,1
13.442688537707541,1
32.738547709541905,1
35.51110222044409,1
32.836567313462695,1
27.15143028605721,1
33.17263452690538,1
15.207041408281656,1
30.428085617123426,1
44.52890578115623,1
45.10302060412082,1
29.937987597519502,1
33.04660932186437,1
27.76755351070214,1
24.58891778355671,1
16.327265453090618,1
25.527105421084215,1
20.458091618323664,1
24.840968193638727,1
24.99499899979996,1
20.444088817763554,1
39.03980796159232,1
26.689337867573514,1
18.02160432086417,1
23.706741348269652,1
44.05281056211242,1
15.011002200440087,1
20.72414482896579,1
34.768953790758154,1
37.44348869773955,1
22.65653130626125,1
15.585117023404681,1
39.23584716943389,1
21.60632126425285,1
28.495699139827966,1
20.948189637927584,1
17.86757351470294,1
26.04520904180836,1
21.592318463692738,1
36.19723944788958,1
30.45609121824365,1
19.18383676735347,1
33.99879975995199,1
32.23444688937788,1
22.64252850570114,1
37.009401880376075,1
21.578315663132624,1
13.442688537707541,1
45.64912982596519,1
51.39027805561112,1
11.482296459291858,1
43.33866773354671,1
30.218043608721743,1
14.002800560112021,1
29.629925985197037,1
9.871974394878976,1
31.366273254650928,1
25.177035407081416,1
29.30786157231446,1
6.931386277255451,1
20.37407481496299,1
19.617923584716944,1
26.689337867573514,1
50.46609321864373,1
15.249049809961992,1
17.53150630126025,1
29.405881176235248,1
11.664332866573314,1
24.16883376675335,1
27.78155631126225,1
22.684536907381474,1
31.016203240648128,1
23.27265453090618,1
15.7251450290058,1
17.601520304060813,1
26.52130426085217,1
24.44888977795559,1
22.78255651130226,1
29.97999599919984,1
14.702940588117624,1
15.921184236847369,1
36.28125625125025,1
15.991198239647929,1
13.680736147229446,1
30.386077215443088,1
24.16883376675335,1
16.0752150430086,1
11.56631326265253,1
16.159231846369273,1
16.439287857571514,1
14.380876175235047,1
38.521704340868176,1
22.124424884976996,1
27.193438687737547,1
28.369673934786956,1
13.652730546109222,1
16.635327065413083,1
30.932186437287456,1
26.087217443488697,1
37.863572714542904,1
29.461892378475696,1
10.054010802160432,1
30.302060412082415,1
51.11022204440888,1
45.117023404680936,1
31.744348869773955,1
13.148629725945188,1
27.22144428885777,1
25.919183836767353,1
30.652130426085215,1
15.081016203240647,1
20.948189637927584,1
12.980596119223845,1
38.22764552910582,1
39.20784156831366,1
37.219443888777754,1
20.99019803960792,1
24.420884176835365,1
27.893578715743146,1
27.879575915183036,1
28.705741148229645,1
48.95379075815163,1
4.592918583716743,1
35.97319463892779,1
31.198239647929586,1
10.894178835767153,1
29.965993198639726,1
24.336867373474693,1
23.18863772754551,1
32.54250850170034,1
10.880176035207041,1
20.388077615523105,1
37.24744948989798,1
10.306061212242447,1
13.918783756751349,1
12.840568113622725,1
20.976195239047808,1
39.38987797559512,1
23.580716143228646,1
30.218043608721743,1
43.61872374474895,1
30.47009401880376,1
37.807561512302456,1
28.915783156631324,1
30.246049209841967,1
27.389477895579116,1
19.30986197239448,1
18.665733146629325,1
33.74674934986997,1
33.21464292858572,1
21.73234646929386,1
16.95739147829566,1
20.23404680936187,1
20.962192438487698,1
29.08381676335267,1
40.23004600920184,1
15.739147829565912,1
24.014802960592117,1
45.971194238847765,1
19.015803160632125,1
49.27585517103421,1
28.159631926385277,1
21.634326865373072,1
13.246649329865972,1
26.983396679335865,1
36.63132626525305,1
17.755551110222044,1
22.558511702340468,1
43.50670134026805,1
10.208041608321665,1
35.70714142828566,1
36.25325065013003,1
20.22004400880176,1
45.01900380076015,1
26.577315463092617,1
34.29285857171434,1
16.229245849169832,1
21.802360472094417,1
21.718343668733745,1
35.721144228845766,1
20.164032806561313,1
24.29485897179436,1
19.673934786957393,1
26.255251050210042,1
23.650730146029204,1
26.549309861972393,1
21.284256851370273,1
32.87857571514303,1
28.06161232246449,1
43.604720944188834,1
21.48029605921184,1
27.4874974994999,1
25.023004600920185,1
29.237847569513903,1
36.365273054610924,1
18.259651930386077,1
10.362072414482896,1
15.067013402680535,1
7.561512302460492,1
42.58251650330066,1
33.98479695939188,1
19.729945989197837,1
29.951990398079616,1
9.983996799359872,1
24.04280856171234,1
32.066413282656534,1
31.520304060812162,1
9.255851170234047,1
11.35627125425085,1
28.915783156631324,1
14.576915383076615,1
15.291058211642328,1
41.53230646129226,1
33.36867373474695,1
31.1002200440088,1
38.64772954590918,1
20.514102820564112,1
24.71494298859772,1
25.989197839567915,1
41.770354070814165,1
12.406481296259251,1
27.879575915183036,1
9.507901580316062,1
14.170834166833366,1
23.510702140428084,1
31.87037407481496,1
19.155831166233245,1
24.798959791958392,1
33.18663732746549,1
21.718343668733745,1
11.300260052010401,1
9.465893178635726,1
11.300260052010401,1
34.20884176835367,1
31.9123824764953,1
35.04900980196039,1
24.85497099419884,1
22.418483696739347,1
10.306061212242447,1
28.69173834766953,1
36.547309461892375,1
25.863172634526904,1
47.6375275055011,1
42.30246049209842,1
10.502100420084016,1
14.40888177635527,1
18.469693938787756,1
16.21524304860972,1
40.52410482096419,1
65.49109821964393,1
22.7125425085017,1
14.89897979595919,1
27.025405081016203,1
9.045809161832366,1
27.039407881576313,1
14.226845369073814,1
35.46909381876375,1
19.93998799759952,1
25.48509701940388,1
26.297259451890376,1
26.101220244048807,1
28.94378875775155,1
21.60632126425285,1
18.2876575315063,1
35.1750350070014,1
17.629525905181037,1
35.51110222044409,1
49.97599519903981,1
11.818363672734547,1
14.33886777355471,1
30.4000800160032,1
36.86937387477495,1
17.04140828165633,1
30.48409681936387,1
34.02680536107221,1
36.09921984396879,1
24.29485897179436,1
26.717343468693738,1
23.11862372474495,1
41.336267253450686,1
28.089617923584715,1
31.212242448489697,1
25.261052210442088,1
27.025405081016203,1
33.28465693138627,1
22.29245849169834,1
17.72754550910182,1
25.233046609321864,1
17.601520304060813,1
37.289457891578316,1
43.07261452290458,1
11.552310462092418,1
29.531906381276254,1
48.32366473294659,1
16.663332666533307,1
28.271654330866173,1
25.135027005401078,1
32.97659531906381,1
31.212242448489697,1
20.248049609921985,1
26.94138827765553,1
40.00600120024005,1
26.11522304460892,1
7.519503900780156,1
28.215643128625725,1
23.930786157231445,1
26.759351870374076,1
24.966993398679737,1
28.87377475495099,1
41.91038207641528,1
28.67773554710942,1
20.822164432886577,1
8.72374474894979,1
25.793158631726346,1
14.982996599319863,1
27.837567513502698,1
24.210842168433686,1
30.12002400480096,1
30.722144428885777,1
36.673334666933386,1
47.14742948589718,1
28.005601120224043,1
32.584516903380674,1
11.888377675535107,1
21.284256851370273,1
28.32766553310662,1
28.159631926385277,1
23.454690938187635,1
14.968993798759751,1
24.9249849969994,1
36.9253850770154,1
41.29425885177035,1
46.68533706741348,1
23.286657331466294,1
30.498099619923984,1
22.83856771354271,1
19.39387877575515,1
15.09501900380076,1
24.980996199239847,1
15.30506101220244,1
24.322864572914582,1
16.28525705141028,1
29.965993198639726,1
29.545909181836368,1
19.477895579115824,1
23.566713342668532,1
22.78255651130226,1
16.74734946989398,1
16.453290658131625,1
13.274654930986197,1
21.592318463692738,1
26.857371474294858,1
47.03540708141628,1
15.0250050010002,1
29.909981996399278,1
23.88877775555111,1
30.596119223844767,1
35.97319463892779,1
20.794158831766353,1
20.206041208241647,1
26.479295859171835,1
14.086817363472694,1
18.119623924784957,1
21.494298859771956,1
26.66133226645329,1
26.843368673734748,1
16.243248649729946,1
24.86897379475895,1
11.300260052010401,1
35.80516103220644,1
14.89897979595919,1
19.26785357071414,1
23.440688137627525,1
34.124824964992996,1
16.173234646929384,1
27.389477895579116,1
19.93998799759952,1
10.46009201840368,1
35.79115823164633,1
25.177035407081416,1
40.482096419283856,1
15.64112822564513,1
22.236447289457892,1
24.826965393078616,1
32.34646929385877,1
41.518303660732144,1
17.601520304060813,1
15.669133826765353,1
24.30886177235447,1
38.605721144228845,1
22.64252850570114,1
37.40148029605921,1
23.384676935387077,1
16.70534106821364,1
10.67013402680536,1
24.126825365073014,1
12.518503700740148,1
40.10402080416083,1
25.849169833966794,1
27.1374274854971,1
28.1876375275055,1
13.890778155631125,1
31.674334866973393,1
23.60872174434887,1
23.790758151630325,1
19.7999599919984,1
20.22004400880176,1
32.31846369273855,1
21.620324064812962,1
31.43628725745149,1
17.2374474894979,1
34.83896779355871,1
22.488497699539906,1
17.81156231246249,1
26.577315463092617,1
17.2374474894979,1
33.74674934986997,1
15.473094618923785,1
18.567713542708542,1
40.076015203040605,1
35.02100420084017,1
14.996999399879975,1
25.513102620524105,1
40.74814962992598,1
26.409281856371273,1
18.16163232646529,1
24.350870174034807,1
10.586117223444688,1
22.824564912982595,1
9.045809161832366,1
10.418083616723344,1
6.847369473894779,1
13.064612922584516,1
28.11762352470494,1
18.53970794158832,1
37.779555911182236,1
11.048209641928386,1
15.179035807161432,1
47.55351070214043,1
27.263452690538106,1
43.058611722344466,1
30.092018403680736,1
21.39627925585117,1
46.307261452290454,1
19.099819963992797,1
30.12002400480096,1
17.335467093418682,1
18.9877975595119,1
34.85297059411882,1
23.25865173034607,1
30.386077215443088,1
25.919183836767353,1
19.81396279255851,1
11.398279655931185,1
46.01320264052811,1
16.719343868773755,1
23.636727345469094,1
21.34026805361072,1
13.820764152830566,1
33.98479695939188,1
35.03500700140028,1
20.164032806561313,1
21.25625125025005,1
33.13062612522504,1
30.61012202440488,1
25.023004600920185,1
30.204040808161633,1
17.685537107421485,1
28.439687937587518,1
12.028405681136228,1
30.13402680536107,1
29.727945589117823,1
13.904780956191237,1
11.370274054810961,1
26.003200640128025,1
32.41648329665933,1
13.540708141628325,1
25.807161432286456,1
17.25145029005801,1
47.259451890378074,1
25.05101020204041,1
24.560912182436486,1
18.00760152030406,1
39.40388077615523,1
24.78495699139828,1
30.078015603120623,1
37.02340468093619,1
22.236447289457892,1
28.57971594318864,1
20.808161632326463,1
28.859771954390876,1
28.481696339267852,1
47.27345469093819,1
12.826565313062613,1
8.765753150630125,1
17.741548309661933,1
30.31606321264253,1
28.73374674934987,1
15.767153430686136,1
31.464292858571714,1
17.909581916383278,1
28.859771954390876,1
19.771954390878175,1
20.962192438487698,1
31.898379675935185,1
36.95339067813563,1
20.332066413282657,1
23.314662932586515,1
10.278055611122225,1
35.203040608121626,1
46.65733146629326,1
28.159631926385277,1
15.263052610522104,1
41.96639327865573,1
25.513102620524105,1
36.32326465293058,1
33.144628925785156,1
20.654130826165233,1
22.558511702340468,1
29.15383076615323,1
24.09881976395279,1
13.84876975395079,1
8.051610322064413,1
31.604320864172834,1
24.000800160032007,1
41.1122224444889,1
5.559111822364473,1
24.43488697739548,1
25.527105421084215,1
24.16883376675335,1
20.738147629525905,1
14.912982596519303,1
23.930786157231445,1
23.398679735947187,1
21.004200840168032,1
18.62372474494899,1
34.11082216443288,1
23.384676935387077,1
33.200640128025604,1
31.63232646529306,1
20.62612522504501,1
28.57971594318864,1
18.889777955591118,1
52.44048809761952,1
25.667133426685336,1
34.44688937787557,1
18.903780756151228,1
53.96679335867173,1
30.82016403280656,1
27.179435887177434,1
29.15383076615323,1
37.625525105021005,1
40.59411882376475,1
5.825165033006601,1
18.76375275055011,1
17.489497899579916,1
31.898379675935185,1
19.995999199839968,1
20.08001600320064,1
23.62272454490898,1
18.945789157831566,1
21.97039407881576,1
20.318063612722543,1
26.66133226645329,1
35.077015403080615,1
34.334866973394675,1
19.841968393678734,1
33.04660932186437,1
22.97859571914383,1
25.191038207641526,1
21.102220444088818,1
36.77135427085417,1
21.634326865373072,1
26.12922584516903,1
20.682136427285457,1
17.79755951190238,1
9.731946389277855,1
24.504900980196037,1
23.18863772754551,1
10.726145229045809,1
30.4000800160032,1
25.093018603720743,1
16.971394278855772,1
30.31606321264253,1
35.357071414282856,1
31.24024804960992,1
32.51450290058011,1
24.99499899979996,1
24.630926185237048,1
11.986397279455892,1
20.024004800960192,1
30.078015603120623,1
20.948189637927584,1
17.71354270854171,1
33.480696139227845,1
16.803360672134428,1
31.99639927985597,1
37.75155031006201,1
17.71354270854171,1
25.653130626125225,1
28.859771954390876,1
36.96739347869574,1
31.4502900580116,1
23.48269653930786,1
19.281856371274255,1
21.452290458091618,1
25.079015803160633,1
32.93458691738348,1
26.059211842368473,1
25.191038207641526,1
15.179035807161432,1
23.74874974994999,1
23.370674134826963,1
27.97759551910382,1
18.609721944388877,1
27.01140228045609,1
35.59511902380476,1
37.317463492698536,1
28.901780356071214,1
24.02880576115223,1
15.249049809961992,1
31.1002200440088,1
16.41128225645129,1
32.94858971794359,1
36.61732346469294,1
34.51690338067613,1
26.297259451890376,1
34.16683336667333,1
10.026005201040208,1
6.665333066613322,1
37.835567113422684,1
22.082416483296658,1
20.584116823364674,1
22.46049209841968,1
24.78495699139828,1
37.835567113422684,1
29.85397079415883,1
29.181836367273455,1
12.322464492898579,1
22.15243048609722,1
24.23884776955391,1
24.826965393078616,1
36.547309461892375,1
29.279855971194237,1
9.157831566313263,1
14.156831366273254,1
12.210442088417683,1
27.403480696139226,1
36.70134026805361,1
13.09261852370474,1
26.717343468693738,1
21.284256851370273,1
14.786957391478296,1
11.370274054810961,1
30.246049209841967,1
26.689337867573514,1
7.029405881176235,1
18.609721944388877,1
21.60632126425285,1
25.709141828365674,1
7.435487097419483,1
23.650730146029204,1
20.962192438487698,1
46.65733146629326,1
23.62272454490898,1
18.67973594718944,1
22.78255651130226,1
19.95399079815963,1
20.402080416083216,1
27.27745549109822,1
22.334466893378675,1
13.722744548909782,1
31.78635727145429,1
27.501500300060012,1
30.652130426085215,1
27.893578715743146,1
21.172234446889377,1
35.441088217643525,1
28.271654330866173,1
9.101820364072815,1
29.29385877175435,1
23.300660132026405,1
24.000800160032007,1
5.19503900780156,1
24.51890378075615,1
17.349469893978796,1
29.545909181836368,1
31.43628725745149,1
26.3252650530106,1
25.68113622724545,1
14.74494898979796,1
15.879175835167032,1
39.19383876775355,1
22.572514502900578,1
19.533906781356272,1
36.98139627925585,1
8.86377275455091,1
30.078015603120623,1
41.12622524504901,1
27.865573114622922,1
25.35907181436287,1
24.462892578515703,1
34.96499299859972,1
18.14762952590518,1
15.86517303460692,1
20.542108421684336,1
14.19883976795359,1
30.45609121824365,1
33.00460092018404,1
16.789357871574314,1
20.108021604320864,1
21.522304460892176,1
50.35407081416283,1
20.37407481496299,1
23.538707741548308,1
28.10362072414483,1
40.72014402880576,1
20.948189637927584,1
36.883376675335064,1
20.64012802560512,1
26.087217443488697,1
26.269253850770152,1
36.42128425685137,1
31.63232646529306,1
40.21604320864173,1
34.54490898179636,1
10.068013602720544,1
34.9369873974795,1
29.895979195839168,1
35.42708541708342,1
19.687937587517503,1
30.792158431686335,1
30.90418083616723,1
28.607721544308863,1
22.85257051410282,1
28.635727145429087,1
41.22424484896979,1
29.65793158631726,1
19.51990398079616,1
20.29005801160232,1
34.29285857171434,1
20.654130826165233,1
34.04080816163233,1
30.722144428885777,1
32.47249449889978,1
25.107021404280854,1
15.123024604920984,1
17.755551110222044,1
31.002200440088018,1
31.24024804960992,1
34.37687537507502,1
20.72414482896579,1
41.028205641128224,1
38.07361472294459,1
37.135427085417085,1
26.549309861972393,1
32.02440488097619,1
25.69513902780556,1
17.2374474894979,1
23.720744148829766,1
15.431086217243449,1
13.1626325265053,1
17.71354270854171,1
20.612122424484895,1
33.92878575715143,1
22.054410882176434,1
38.241648329665935,1
49.56991398279656,1
31.114222844568914,1
34.642928585717144,1
29.629925985197037,1
11.188237647529506,1
34.306861372274454,1
18.441688337667532,1
33.36867373474695,1
14.53490698139628,1
12.756551310262052,1
16.76135227045409,1
16.13122624524905,1
26.297259451890376,1
15.599119823964793,1
18.133626725345067,1
21.74634926985397,1
30.19003800760152,1
31.198239647929586,1
17.909581916383278,1
24.16883376675335,1
34.32086417283457,1
11.384276855371073,1
29.937987597519502,1
21.130226045209042,1
42.288457691538305,1
38.80176035207041,1
12.896579315863173,1
20.92018403680736,1
30.554110822164432,1
30.54010802160432,1
18.805761152230446,1
35.95919183836767,1
10.754150830166033,1
12.112422484496898,1
33.36867373474695,1
9.815963192638527,1
24.126825365073014,1
20.458091618323664,1
27.641528305661133,1
11.580316063212642,1
22.22244448889778,1
20.13602720544109,1
27.739547909581916,1
10.236047209441889,1
40.59411882376475,1
30.17603520704141,1
22.894578915783157,1
33.34066813362672,1
4.6209241848369675,1
36.86937387477495,1
15.0250050010002,1
26.04520904180836,1
23.370674134826963,1
26.843368673734748,1
21.564312862572514,1
40.02000400080016,1
34.642928585717144,1
43.07261452290458,1
18.14762952590518,1
26.829365873174634,1
42.778555711142225,1
29.377875575115024,1
12.966593318663733,1
39.96399279855971,1
13.56871374274855,1
17.629525905181037,1
14.842968593718743,1
15.991198239647929,1
23.692738547709542,1
37.54150830166033,1
21.564312862572514,1
13.596719343868774,1
14.716943388677736,1
30.750150030006,1
31.184236847369473,1
13.106621324264852,1
29.111822364472893,1
25.107021404280854,1
22.866573314662933,1
27.067413482696537,1
23.678735747149428,1
44.654930986197236,1
26.969393878775755,1
15.151030206041208,1
29.769953990798157,1
18.02160432086417,1
32.31846369273855,1
36.28125625125025,1
23.986797359471893,1
18.06361272254451,1
15.86517303460692,1
15.30506101220244,1
14.492898579715943,1
29.65793158631726,1
25.793158631726346,1
28.8877775555111,1
11.048209641928386,1
22.20844168833767,1
42.904580916183235,1
30.204040808161633,1
19.64592918583717,1
35.51110222044409,1
20.752150430086015,1
17.433486697339468,1
22.0124024804961,1
29.237847569513903,1
34.78295659131826,1
20.458091618323664,1
13.750750150030006,1
11.748349669933987,1
32.68253650730146,1
18.931786357271452,1
27.78155631126225,1
23.650730146029204,1
33.80276055211042,1
26.297259451890376,1
39.585917183436685,1
20.248049609921985,1
43.19863972794559,1
27.333466693338668,1
31.59031806361272,1
33.08861772354471,1
37.037407481496295,1
37.709541908381674,1
44.808961792358474,1
29.20984196839368,1
22.614522904580916,1
22.3624724944989,1
18.735747149429887,1
33.9007801560312,1
16.005201040208043,1
9.465893178635726,1
40.202040408081615,1
27.97759551910382,1
41.08421684336867,1
41.42028405681136,1
24.364872974594917,1
17.601520304060813,1
18.455691138227646,1
32.374474894978995,1
26.227245449089818,1
38.8997799559912,1
37.989597919583915,1
25.14902980596119,1
20.90618123624725,1
8.611722344468893,1
23.594718943788756,1
9.815963192638527,1
14.786957391478296,1
21.802360472094417,1
21.998399679935986,1
42.98859771954391,1
34.54490898179636,1
12.756551310262052,1
46.67133426685337,1
44.87897579515903,1
20.752150430086015,1
22.334466893378675,1
24.43488697739548,1
31.548309661932386,1
24.014802960592117,1
24.85497099419884,1
37.835567113422684,1
20.304060812162433,1
25.779155831166232,1
24.99499899979996,1
10.236047209441889,1
25.443088617723543,1
23.55271054210842,1
32.710542108421684,1
8.0376075215043,1
27.515503100620123,1
18.6377275455091,1
21.74634926985397,1
25.513102620524105,1
44.38887777555511,1
20.500100020004002,1
21.410282056411283,1
18.02160432086417,1
19.687937587517503,1
21.172234446889377,1
31.660332066413282,1
16.34126825365073,1
19.81396279255851,1
19.75795159031806,1
42.91858371674335,1
38.269653930786156,1
30.94618923784757,1
25.765153030606122,1
30.708141628325663,1
29.237847569513903,1
32.97659531906381,1
28.32766553310662,1
25.177035407081416,1
11.720344068813763,1
16.229245849169832,1
24.770954190838168,1
23.776755351070214,1
19.967993598719744,1
20.822164432886577,1
11.328265653130625,1
36.50530106021204,1
34.124824964992996,1
55.801160232046406,1
25.583116623324663,1
28.69173834766953,1
17.25145029005801,1
33.270654130826166,1
35.6371274254851,1
33.13062612522504,1
19.74394878975795,1
10.418083616723344,1
20.78015603120624,1
16.159231846369273,1
25.63912782556511,1
22.97859571914383,1
21.11622324464893,1
15.123024604920984,1
14.086817363472694,1
30.80616123224645,1
21.088217643528704,1
36.9253850770154,1
18.48369673934787,1
24.000800160032007,1
22.054410882176434,1
31.562312462492496,1
24.9249849969994,1
45.03300660132026,1
25.765153030606122,1
44.90698139627926,1
41.42028405681136,1
44.626925385077016,1
17.951590318063612,1
12.714542908581716,1
13.1626325265053,1
33.36867373474695,1
22.488497699539906,1
21.18623724744949,1
7.953590718143628,1
14.310862172434486,1
21.018203640728146,1
14.814962992598518,1
15.067013402680535,1
27.22144428885777,1
26.353270654130824,1
18.67973594718944,1
35.14702940588118,1
36.32326465293058,1
27.515503100620123,1
10.502100420084016,1
18.091618323664733,1
32.23444688937788,1
11.804360872174435,1
32.92058411682336,1
18.427685537107422,1
23.18863772754551,1
11.552310462092418,1
32.64052810562112,1
20.822164432886577,1
32.79455891178235,1
39.03980796159232,1
30.232046409281857,1
15.585117023404681,1
11.314262852570513,1
35.70714142828566,1
20.948189637927584,1
25.20504100820164,1
6.147229445889177,1
37.56951390278056,1
15.123024604920984,1
8.639727945589117,1
32.69653930786157,1
41.65833166633327,1
10.544108821764352,1
38.8997799559912,1
23.62272454490898,1
29.06981396279256,1
20.192038407681537,1
26.3252650530106,1
19.46389277855571,1
39.4878975795159,1
14.646929385877176,1
16.355271054210842,1
28.20164032806561,1
38.61972394478896,1
25.443088617723543,1
35.04900980196039,1
23.42668533706741,1
22.79655931186237,1
34.054810962192434,1
28.87377475495099,1
22.20844168833767,1
22.950590118023605,1
15.16503300660132,1
8.779755951190237,1
22.740548109621923,1
27.865573114622922,1
37.45749149829966,1
36.757351470294054,1
19.057811562312462,1
21.46629325865173,1
29.99399879975995,1
21.844368873774755,1
39.249849969993996,1
17.895579115823164,1
25.093018603720743,1
27.179435887177434,1
29.741948389677933,1
20.500100020004002,1
16.48129625925185,1
33.18663732746549,1
26.297259451890376,1
30.45609121824365,1
26.059211842368473,1
15.837167433486696,1
13.918783756751349,1
31.534306861372272,1
16.509301860372073,1
43.81476295259052,1
28.131626325265053,1
16.48129625925185,1
38.46569313862773,1
20.178035607121423,1
8.947789557911582,1
15.081016203240647,1
19.81396279255851,1
29.111822364472893,1
13.84876975395079,1
30.442088417683536,1
33.942788557711545,1
19.001800360072014,1
38.50770154030806,1
27.09541908381676,1
48.729745949189834,1
31.044208841768352,1
20.90618123624725,1
25.849169833966794,1
18.119623924784957,1
13.428685737147429,1
21.73234646929386,1
27.585517103420685,1
12.182436487297458,1
21.04620924184837,1
42.76455291058212,1
24.29485897179436,1
23.94478895779156,1
28.20164032806561,1
22.79655931186237,1
37.79355871174235,1
20.668133626725343,1
22.250450090018003,1
32.528505701140226,1
14.40888177635527,1
26.871374274854972,1
24.000800160032007,1
23.692738547709542,1
50.49409881976395,1
15.44508901780356,1
21.760352070414083,1
31.898379675935185,1
10.46009201840368,1
29.111822364472893,1
33.52270454090818,1
17.881576315263054,1
22.866573314662933,1
16.789357871574314,1
15.655131026205241,1
16.803360672134428,1
20.528105621124226,1
26.241248249649928,1
24.08481696339268,1
40.74814962992598,1
10.950190038007602,1
26.94138827765553,1
10.11002200440088,1
28.565713142628525,1
32.864572914582915,1
12.322464492898579,1
13.764752950590118,1
36.07121424284857,1
19.085817163432687,1
24.938987797559513,1
37.45749149829966,1
8.345669133826766,1
35.38507701540308,1
37.45749149829966,1
32.710542108421684,1
23.398679735947187,1
17.67153430686137,1
39.51590318063612,1
25.625125025005,1
31.73034606921384,1
27.739547909581916,1
28.69173834766953,1
22.250450090018003,1
30.106021204240847,1
38.199639927985594,1
28.901780356071214,1
27.22144428885777,1
25.597119423884777,1
14.884976995399079,1
41.01420284056811,1
45.579115823164635,1
27.599519903980795,1
22.558511702340468,1
25.793158631726346,1
12.350470094018803,1
31.352270454090817,1
31.71634326865373,1
27.55751150230046,1
31.338267653530707,1
46.587317463492695,1
45.04700940188037,1
18.105621124224843,1
11.272254450890177,1
32.9625925185037,1
46.279255851170234,1
16.873374674934986,1
23.398679735947187,1
28.94378875775155,1
14.380876175235047,1
28.705741148229645,1
34.90898179635927,1
25.611122224444888,1
22.69853970794159,1
9.63392678535707,1
25.583116623324663,1
41.04220844168834,1
20.976195239047808,1
33.354670934186835,1
30.498099619923984,1
14.716943388677736,1
12.868573714742949,1
24.09881976395279,1
27.739547909581916,1
32.27645529105821,1
41.82636527305461,1
28.131626325265053,1
25.919183836767353,1
37.933586717343466,1
34.69893978795759,1
45.145029005801156,1
21.354270854170835,1
39.65593118623725,1
33.36867373474695,1
16.355271054210842,1
11.370274054810961,1
29.48989797959592,1
9.717943588717743,1
25.765153030606122,1
36.673334666933386,1
45.789157831566314,1
18.245649129825964,1
26.437287457491497,1
27.55751150230046,1
31.15623124624925,1
15.30506101220244,1
33.91478295659132,1
29.92398479695939,1
31.758351670334065,1
19.911982396479296,1
38.5497099419884,1
42.96059211842368,1
14.240848169633926,1
26.241248249649928,1
22.810562112422485,1
21.38227645529106,1
39.44588917783557,1
31.114222844568914,1
18.16163232646529,1
28.57971594318864,1
24.196839367873572,1
26.12922584516903,1
23.986797359471893,1
39.40388077615523,1
28.075615123024605,1
20.696139227845567,1
47.27345469093819,1
24.014802960592117,1
33.39667933586717,1
42.050410082016406,1
23.370674134826963,1
35.88917783556711,1
22.02640528105621,1
11.958391678335667,1
17.05541108221644,1
34.250850170034006,1
32.57051410282056,1
14.814962992598518,1
23.384676935387077,1
13.764752950590118,1
25.779155831166232,1
22.488497699539906,1
30.48409681936387,1
35.65113022604521,1
37.807561512302456,1
26.675335067013403,1
25.107021404280854,1
31.08621724344869,1
24.5749149829966,1
40.74814962992598,1
38.98379675935187,1
18.651730346069215,1
15.809161832366472,1
33.564712942588514,1
47.67953590718143,1
17.895579115823164,1
27.739547909581916,1
12.168433686737346,1
15.949189837967593,1
18.81976395279056,1
24.742948589717944,1
17.65753150630126,1
18.945789157831566,1
42.52650530106021,1
21.648329665933186,1
54.79295859171834,1
26.241248249649928,1
9.731946389277855,1
44.962992598519705,1
19.841968393678734,1
8.59771954390878,1
35.80516103220644,1
29.601920384076813,1
24.966993398679737,1
30.638127625525104,1
33.354670934186835,1
28.52370474094819,1
15.585117023404681,1
19.16983396679336,1
22.572514502900578,1
22.894578915783157,1
18.427685537107422,1
26.969393878775755,1
48.96779355871174,1
47.623524704940984,1
24.02880576115223,1
25.247049409881974,1
17.71354270854171,1
12.658531706341268,1
18.903780756151228,1
30.246049209841967,1
30.988197639527904,1
23.286657331466294,1
43.800760152030406,1
27.837567513502698,1
18.917783556711342,1
18.651730346069215,1
47.79155831166233,1
33.46669333866773,1
23.27265453090618,1
18.609721944388877,1
33.13062612522504,1
38.33966793358672,1
24.30886177235447,1
16.999399879975996,1
23.440688137627525,1
18.35767153430686,1
36.12722544508902,1
38.815763152630524,1
27.053410682136427,1
30.204040808161633,1
23.972794558911783,1
42.260452090418084,1
30.12002400480096,1
22.586517303460692,1
29.83996799359872,1
16.005201040208043,1
14.422884576915383,1
22.572514502900578,1
25.037007401480295,1
14.12882576515303,1
19.04380876175235,1
34.53090618123625,1
36.09921984396879,1
35.34306861372274,1
31.548309661932386,1
21.032206441288256,1
21.60632126425285,1
27.92158431686337,1
27.4874974994999,1
22.180436087217444,1
17.209441888377675,1
31.64632926585317,1
9.997999599919984,1
31.352270454090817,1
38.143628725745145,1
28.20164032806561,1
20.052010402080416,1
24.126825365073014,1
38.521704340868176,1
23.80476095219044,1
13.526705341068213,1
27.585517103420685,1
17.167433486697337,1
34.81096219243849,1
19.477895579115824,1
25.163032606521302,1
31.898379675935185,1
23.34266853370674,1
25.611122224444888,1
26.563312662532507,1
37.989597919583915,1
36.029205841168235,1
15.44508901780356,1
32.54250850170034,1
28.775755151030204,1
33.480696139227845,1
17.53150630126025,1
14.870974194838967,1
50.3120624124825,1
40.972194438887776,1
44.57091418283657,1
25.373074614922984,1
39.739947989597916,1
16.74734946989398,1
20.122024404880975,1
35.539107821564315,1
42.80656131226245,1
23.7627525505101,1
21.130226045209042,1
18.67973594718944,1
35.51110222044409,1
18.749749949989997,1
33.270654130826166,1
13.400680136027205,1
26.60532106421284,1
26.213242648529704,1
16.13122624524905,1
20.01000200040008,1
25.05101020204041,1
14.170834166833366,1
33.018603720744146,1
28.67773554710942,1
26.3252650530106,1
26.395279055811162,1
37.7375475095019,1
29.237847569513903,1
8.079615923184637,1
45.21504300860172,1
13.30266053210642,1
18.749749949989997,1
14.170834166833366,1
46.57331466293259,1
35.903180636127225,1
26.73134626925385,1
30.0500100020004,1
16.663332666533307,1
29.99399879975995,1
34.950990198039605,1
21.2002400480096,1
16.41128225645129,1
13.56871374274855,1
23.734746949389876,1
40.93018603720744,1
27.725545109021805,1
16.21524304860972,1
26.7873574714943,1
22.558511702340468,1
37.14942988597719,1
28.74774954990998,1
44.836967393478695,1
14.156831366273254,1
32.55651130226045,1
26.269253850770152,1
26.74534906981396,1
15.263052610522104,1
21.284256851370273,1
25.69513902780556,1
16.873374674934986,1
25.49909981996399,1
28.845769153830766,1
15.319063812762552,1
22.22244448889778,1
51.6003200640128,1
24.58891778355671,1
40.00600120024005,1
30.68013602720544,1
29.83996799359872,1
30.498099619923984,1
23.55271054210842,1
10.208041608321665,1
18.049609921984395,1
19.897979595919182,1
28.803760752150428,1
19.11382276455291,1
43.268653730746145,1
36.93938787757551,1
23.300660132026405,1
41.07021404280856,1
28.033606721344267,1
34.08281656331266,1
28.033606721344267,1
33.144628925785156,1
34.23684736947389,1
19.841968393678734,1
28.229645929185835,1
49.16383276655331,1
20.36007201440288,1
35.65113022604521,1
28.565713142628525,1
21.06021204240848,1
20.178035607121423,1
15.333066613322664,1
10.516103220644128,1
39.87997599519904,1
16.327265453090618,1
25.289057811562312,1
28.285657131426284,1
25.247049409881974,1
36.61732346469294,1
17.265453090618124,1
15.417083416683337,1
23.62272454490898,1
26.46529305861172,1
38.98379675935187,1
31.366273254650928,1
33.36867373474695,1
22.93658731746349,1
28.831766353270652,1
36.855371074214844,1
22.572514502900578,1
30.512102420484094,1
23.398679735947187,1
29.111822364472893,1
28.52370474094819,1
24.896979395879175,1
29.29385877175435,1
18.81976395279056,1
29.377875575115024,1
30.13402680536107,1
34.460892178435685,1
28.131626325265053,1
19.95399079815963,1
34.32086417283457,1
28.761752350470093,1
19.701940388077617,1
26.717343468693738,1
24.72894578915783,1
44.12282456491298,1
33.21464292858572,1
28.929785957191438,1
28.38367673534707,1
33.95679135827165,1
13.148629725945188,1
28.509701940388076,1
48.65973194638928,1
25.21904380876175,1
21.298259651930387,1
16.27125425085017,1
32.17843568713743,1
12.112422484496898,1
38.05961192238448,1
17.965593118623723,1
36.393278655731145,1
22.040408081616324,1
19.379875975195038,1
24.896979395879175,1
18.455691138227646,1
26.7873574714943,1
33.634726945389076,1
16.55131026205241,1
25.751150230046008,1
24.686937387477496,1
28.8877775555111,1
35.287057411482294,1
23.32866573314663,1
11.174234846969394,1
33.326665333066614,1
17.223444688937786,1
33.83076615323065,1
40.73414682936587,1
39.375875175035006,1
32.51450290058011,1
9.49389877975595,1
35.80516103220644,1
23.566713342668532,1
38.33966793358672,1
43.17063412682536,1
13.918783756751349,1
27.333466693338668,1
15.501100220044009,1
10.39007801560312,1
20.598119623924784,1
32.82256451290258,1
9.577915583116622,1
10.446089217843568,1
33.85877175435087,1
22.054410882176434,1
30.89017803560712,1
30.13402680536107,1
19.841968393678734,1
24.966993398679737,1
20.878175635127025,1
20.37407481496299,1
22.93658731746349,1
26.199239847969594,1
25.317063412682536,1
23.27265453090618,1
34.65693138627726,1
30.0500100020004,1
18.67973594718944,1
13.414682936587317,1
24.91098219643929,1
31.310262052410483,1
29.419883976795358,1
27.109421884376875,1
16.0752150430086,1
39.90798159631926,1
31.758351670334065,1
19.351870374074814,1
27.655531106221243,1
24.070814162832566,1
17.895579115823164,1
34.29285857171434,1
22.85257051410282,1
16.13122624524905,1
21.04620924184837,1
22.46049209841968,1
45.84516903380676,1
32.038407681536306,1
22.082416483296658,1
25.163032606521302,1
20.612122424484895,1
20.78015603120624,1
40.202040408081615,1
17.279455891178234,1
19.995999199839968,1
26.213242648529704,1
8.653730746149229,1
24.126825365073014,1
26.50730146029206,1
24.336867373474693,1
16.355271054210842,1
26.45129025805161,1
24.546909381876375,1
16.46729345869174,1
6.189237847569514,1
15.977195439087817,1
22.880576115223043,1
35.0630126025205,1
26.03120624124825,1
43.40868173634727,1
18.133626725345067,1
19.981996399279854,1
25.653130626125225,1
23.874774954990997,1
18.6377275455091,1
16.34126825365073,1
32.710542108421684,1
38.29765953190638,1
30.26005201040208,1
13.666733346669334,1
17.951590318063612,1
20.72414482896579,1
33.85877175435087,1
24.39287857571514,1
30.988197639527904,1
25.583116623324663,1
12.896579315863173,1
28.005601120224043,1
36.63132626525305,1
26.759351870374076,1
37.415483096619326,1
35.03500700140028,1
25.82116423284657,1
30.96019203840768,1
15.011002200440087,1
24.420884176835365,1
33.326665333066614,1
12.60252050410082,1
28.845769153830766,1
32.374474894978995,1
12.644528905781156,1
21.214242848569715,1
13.554710942188438,1
25.9751950390078,1
20.78015603120624,1
7.6875375075015,1
30.008001600320064,1
33.942788557711545,1
7.61752350470094,1
9.56391278255651,1
16.90138027605521,1
22.29245849169834,1
13.890778155631125,1
10.278055611122225,1
12.4624924984997,1
20.836167233446687,1
35.105021004200836,1
15.767153430686136,1
22.054410882176434,1
23.986797359471893,1
30.288057611522305,1
43.07261452290458,1
25.06501300260052,1
41.91038207641528,1
25.583116623324663,1
36.645329065813165,1
35.231046209241846,1
21.158231646329266,1
33.354670934186835,1
15.263052610522104,1
25.107021404280854,1
26.367273454690938,1
16.649329865973193,1
12.420484096819363,1
24.896979395879175,1
14.226845369073814,1
31.29625925185037,1
36.56131226245249,1
33.87277455491098,1
37.17743548709742,1
9.115823164632927,1
44.374874974994995,1
27.809561912382474,1
15.09501900380076,1
12.490498099619924,1
37.79355871174235,1
9.521904380876174,1
16.677335467093418,1
20.486097219443888,1
16.173234646929384,1
28.69173834766953,1
19.74394878975795,1
31.072214442888576,1
22.558511702340468,1
18.511702340468094,1
26.283256651330266,1
31.982396479295858,1
24.182836567313462,1
21.942388477695538,1
33.018603720744146,1
39.75395079015803,1
14.632926585317064,1
8.695739147829565,1
23.510702140428084,1
19.60392078415683,1
14.89897979595919,1
29.881976395279054,1
30.428085617123426,1
12.19643928785757,1
37.75155031006201,1
22.754550910182036,1
36.19723944788958,1
20.668133626725343,1
21.312262452490497,1
16.985397079415883,1
17.027405481096217,1
43.96879375875175,1
18.2876575315063,1
13.974794958991797,1
27.69753950790158,1
24.322864572914582,1
27.109421884376875,1
36.32326465293058,1
14.772954590918184,1
31.310262052410483,1
19.785957191438285,1
29.951990398079616,1
37.961592318463694,1
27.193438687737547,1
22.628525705141026,1
25.82116423284657,1
26.99739947989598,1
23.0626125225045,1
25.527105421084215,1
24.952990598119623,1
11.538307661532306,1
12.000400080016004,1
11.062212442488498,1
28.39767953590718,1
13.680736147229446,1
25.597119423884777,1
22.30646129225845,1
36.60332066413282,1
14.05881176235247,1
25.35907181436287,1
28.66373274654931,1
25.037007401480295,1
42.12042408481696,1
30.022004400880174,1
26.073214642928583,1
33.70474094818964,1
43.548709741948386,1
23.202640528105622,1
19.057811562312462,1
32.23444688937788,1
8.513702740548108,1
26.157231446289256,1
34.06881376275255,1
28.019603920784157,1
12.798559711942389,1
37.14942988597719,1
27.43148629725945,1
41.99439887977596,1
13.694738947789558,1
30.26005201040208,1
9.451890378075614,1
38.98379675935187,1
31.184236847369473,1
17.37747549509902,1
30.694138827765553,1
16.90138027605521,1
7.7575515103020605,1
19.295859171834365,1
11.286257251450289,1
26.38127625525105,1
23.202640528105622,1
23.524704940988197,1
17.769553910782157,1
40.42608521704341,1
19.7999599919984,1
15.039007801560311,1
21.298259651930387,1
19.32386477295459,1
52.69253850770154,1
16.775355071014204,1
31.77235447089418,1
10.67013402680536,1
39.431886377275454,1
21.284256851370273,1
33.78875775155031,1
8.681736347269453,1
25.989197839567915,1
19.715943188637727,1
18.67973594718944,1
42.84856971394279,1
33.06061212242449,1
33.38267653530706,1
28.06161232246449,1
32.23444688937788,1
31.39427885577115,1
23.48269653930786,1
14.072814562912582,1
20.948189637927584,1
28.439687937587518,1
22.866573314662933,1
40.076015203040605,1
26.577315463092617,1
18.273654730946188,1
15.515103020604121,1
7.701540308061612,1
18.2876575315063,1
32.66853370674135,1
23.34266853370674,1
17.71354270854171,1
14.282856571314262,1
31.016203240648128,1
27.683536707341467,1
21.228245649129825,1
32.164432886577316,1
20.90618123624725,1
27.837567513502698,1
49.35987197439488,1
43.22664532906581,1
33.018603720744146,1
62.48049609921984,1
22.754550910182036,1
20.738147629525905,1
47.10542108421684,1
42.58251650330066,1
38.731746349269855,1
21.172234446889377,1
7.099419883976795,1
36.25325065013003,1
26.31126225245049,1
22.83856771354271,1
21.900380076015203,1
18.35767153430686,1
17.923584716943388,1
24.16883376675335,1
24.882976595319064,1
29.937987597519502,1
26.409281856371273,1
23.32866573314663,1
8.065613122624525,1
19.673934786957393,1
24.280856171234245,1
10.796159231846369,1
16.047209441888377,1
32.066413282656534,1
32.738547709541905,1
25.261052210442088,1
38.969793958791755,1
23.664732946589318,1
32.36047209441888,1
34.04080816163233,1
36.211242248449686,1
6.37127425485097,1
35.88917783556711,1
22.880576115223043,1
23.80476095219044,1
17.223444688937786,1
21.942388477695538,1
29.965993198639726,1
45.87317463492698,1
23.88877775555111,1
7.001400280056011,1
13.960792158431685,1
54.47089417883576,1
15.7251450290058,1
23.496699339867973,1
17.405481096219244,1
20.27605521104221,1
34.922984596919385,1
15.487097419483897,1
14.954990998199639,1
24.000800160032007,1
11.258251650330065,1
20.108021604320864,1
15.697139427885576,1
28.019603920784157,1
41.924384876975395,1
11.160232046409282,1
20.500100020004002,1
12.952590518103621,1
30.66613322664533,1
19.729945989197837,1
11.860372074414883,1
31.688337667533506,1
26.535307061412283,1
24.840968193638727,1
41.22424484896979,1
34.20884176835367,1
12.8125625125025,1
21.018203640728146,1
20.09401880376075,1
42.30246049209842,1
21.130226045209042,1
26.283256651330266,1
21.368273654730945,1
13.820764152830566,1
12.420484096819363,1
35.03500700140028,1
22.740548109621923,1
19.673934786957393,1
28.25765153030606,1
41.86837367473495,1
15.221044208841768,1
46.96539307861572,1
29.811962392478495,1
15.893178635727145,1
12.280456091218243,1
21.648329665933186,1
18.20364072814563,1
20.934186837367474,1
34.85297059411882,1
18.02160432086417,1
19.491898379675934,1
11.63632726545309,1
28.67773554710942,1
10.152030406081217,1
37.8495699139828,1
16.383276655331066,1
38.35367073414683,1
13.820764152830566,1
20.206041208241647,1
21.172234446889377,1
18.945789157831566,1
32.54250850170034,1
18.805761152230446,1
12.04240848169634,1
14.086817363472694,1
35.65113022604521,1
12.74254850970194,1
26.46529305861172,1
35.259051810362074,1
39.15183036607321,1
26.353270654130824,1
16.0752150430086,1
37.51350270054011,1
28.355671134226846,1
22.068413682736548,1
35.55311062212442,1
30.386077215443088,1
26.983396679335865,1
32.02440488097619,1
7.351470294058812,1
44.192838567713544,1
24.9249849969994,1
37.68153630726145,1
45.63512702540508,1
36.337267453490696,1
10.096019203840768,1
22.908581716343267,1
9.941988397679536,1
26.66133226645329,1
29.02780556111222,1
40.45409081816363,1
29.475895179035806,1
18.245649129825964,1
40.608121624324866,1
22.44648929785957,1
32.17843568713743,1
24.44888977795559,1
30.708141628325663,1
42.17643528705741,1
32.97659531906381,1
27.053410682136427,1
26.03120624124825,1
25.569113822764553,1
21.858371674334865,1
13.63872774554911,1
28.803760752150428,1
18.273654730946188,1
26.03120624124825,1
19.7999599919984,1
31.99639927985597,1
36.07121424284857,1
36.9253850770154,1
28.481696339267852,1
19.32386477295459,1
23.104620924184836,1
38.35367073414683,1
35.161032206441284,1
18.189637927585515,1
41.12622524504901,1
22.600520104020802,1
31.77235447089418,1
49.597919583916784,1
36.44928985797159,1
17.405481096219244,1
53.49069813962792,1
25.513102620524105,1
23.94478895779156,1
36.44928985797159,1
25.2750550110022,1
28.66373274654931,1
30.0500100020004,1
29.139827965593117,1
22.726545309061812,1
14.226845369073814,1
12.74254850970194,1
23.678735747149428,1
14.478895779155831,1
19.001800360072014,1
14.12882576515303,1
10.782156431286257,1
15.487097419483897,1
27.22144428885777,1
33.74674934986997,1
12.868573714742949,1
16.95739147829566,1
15.599119823964793,1
20.962192438487698,1
31.184236847369473,1
32.738547709541905,1
9.857971594318863,1
18.385677135427084,1
32.23444688937788,1
11.314262852570513,1
37.58351670334067,1
37.415483096619326,1
33.144628925785156,1
34.3628725745149,1
35.70714142828566,1
17.083416683336665,1
33.270654130826166,1
25.989197839567915,1
13.946789357871573,1
24.560912182436486,1
36.44928985797159,1
11.188237647529506,1
21.53630726145229,1
21.69033806761352,1
17.125425085017003,1
32.710542108421684,1
28.20164032806561,1
33.78875775155031,1
13.260652130426084,1
11.174234846969394,1
53.44868973794759,1
16.033206641328267,1
34.13882776555311,1
35.21704340868173,1
29.30786157231446,1
43.548709741948386,1
25.40108021604321,1
34.096819363872775,1
33.25665133026605,1
27.96359271854371,1
20.318063612722543,1
6.105221044208841,1
22.83856771354271,1
21.39627925585117,1
34.44688937787557,1
11.132226445289058,1
50.00400080016003,1
45.663132626525304,1
36.267253450690134,1
17.909581916383278,1
20.86417283456691,1
11.510302060412082,1
21.074214842968594,1
46.37727545509102,1
38.885777155431086,1
10.53010602120424,1
18.245649129825964,1
31.4502900580116,1
15.30506101220244,1
15.459091818363673,1
18.665733146629325,1
8.751750350070013,1
24.630926185237048,1
29.405881176235248,1
23.048609721944388,1
25.41508301660332,1
33.25665133026605,1
40.692138427685535,1
15.683136627325464,1
20.402080416083216,1
37.289457891578316,1
36.239247849569914,1
39.54390878175635,1
20.8501700340068,1
29.48989797959592,1
14.394878975795159,1
22.432486497299458,1
12.966593318663733,1
12.714542908581716,1
25.569113822764553,1
23.020604120824164,1
11.244248849769953,1
28.1876375275055,1
46.26525305061012,1
43.25465093018604,1
26.213242648529704,1
23.090618123624726,1
23.580716143228646,1
35.83316663332666,1
17.86757351470294,1
17.223444688937786,1
21.634326865373072,1
46.19523904780956,1
19.715943188637727,1
16.523304660932187,1
24.826965393078616,1
18.48369673934787,1
23.81876375275055,1
19.995999199839968,1
41.952390478095616,1
51.376275255051006,1
20.822164432886577,1
49.51390278055611,1
23.13262652530506,1
20.90618123624725,1
22.83856771354271,1
30.386077215443088,1
27.57151430286057,1
24.71494298859772,1
6.287257451490298,1
18.9877975595119,1
29.909981996399278,1
30.344068813762753,1
18.917783556711342,1
7.407481496299259,1
44.94898979795959,1
28.38367673534707,1
24.420884176835365,1
27.207441488297658,1
17.405481096219244,1
43.2126425285057,1
14.884976995399079,1
23.510702140428084,1
43.32466493298659,1
12.434486897379475,1
32.57051410282056,1
19.771954390878175,1
34.78295659131826,1
27.1374274854971,1
24.65893178635727,1
21.900380076015203,1
26.563312662532507,1
25.54110822164433,1
22.740548109621923,1
19.46389277855571,1
36.07121424284857,1
13.442688537707541,1
30.442088417683536,1
13.764752950590118,1
25.793158631726346,1
18.189637927585515,1
27.123424684936985,1
21.2002400480096,1
43.92678535707141,1
21.452290458091618,1
13.806761352270454,1
36.78535707141428,1
33.3126625325065,1
21.578315663132624,1
24.014802960592117,1
16.313262652530504,1
14.156831366273254,1
18.371674334866974,1
12.434486897379475,1
19.155831166233245,1
15.585117023404681,1
28.52370474094819,1
19.04380876175235,1
25.611122224444888,1
22.15243048609722,1
45.46709341868374,1
55.47909581916383,1
35.62312462492498,1
42.61052210442088,1
26.871374274854972,1
14.702940588117624,1
38.28365673134627,1
34.39087817563512,1
7.981596319263852,1
7.4774954990998195,1
32.654530906181236,1
25.457091418283657,1
23.286657331466294,1
19.869973994798958,1
37.61152230446089,1
39.27785557111422,1
28.467693538707742,1
10.572114422884576,1
25.177035407081416,1
20.78015603120624,1
28.159631926385277,1
23.776755351070214,1
24.056811362272455,1
32.17843568713743,1
36.07121424284857,1
29.251850370074013,1
15.0250050010002,1
25.849169833966794,1
25.68113622724545,1
31.87037407481496,1
38.22764552910582,1
31.534306861372272,1
38.05961192238448,1
35.105021004200836,1
28.705741148229645,1
25.429085817163433,1
31.016203240648128,1
10.6001200240048,1
26.815363072614524,1
29.16783356671334,1
22.97859571914383,1
23.496699339867973,1
23.7627525505101,1
46.37727545509102,1
22.404480896179237,1
26.94138827765553,1
30.54010802160432,1
29.01380276055211,1
17.04140828165633,1
43.114622924584914,1
25.34506901380276,1
30.89017803560712,1
11.930386077215443,1
12.308461692338467,1
38.521704340868176,1
23.46869373874775,1
22.754550910182036,1
20.72414482896579,1
16.733346669333866,1
26.913382676535306,1
8.849769953990798,1
29.55991198239648,1
24.364872974594917,1
20.934186837367474,1
42.23244648929786,1
19.729945989197837,1
32.31846369273855,1
36.729345869173834,1
13.078615723144628,1
20.892178435687136,1
20.08001600320064,1
19.981996399279854,1
33.73274654930986,1
19.155831166233245,1
16.971394278855772,1
35.94518903780756,1
21.760352070414083,1
25.709141828365674,1
8.219643928785757,1
37.07941588317664,1
45.117023404680936,1
23.972794558911783,1
30.932186437287456,1
9.26985397079416,1
26.423284656931386,1
25.919183836767353,1
34.44688937787557,1
41.68633726745349,1
36.08521704340868,1
32.82256451290258,1
16.005201040208043,1
13.470694138827765,1
30.848169633926783,1
21.088217643528704,1
30.512102420484094,1
10.334066813362671,1
21.032206441288256,1
12.700540108021604,1
20.962192438487698,1
14.450890178035607,1
35.94518903780756,1
18.651730346069215,1
22.194438887777554,1
15.57111422284457,1
19.58991798359672,1
21.270254050810163,1
27.23544708941788,1
37.345469093818764,1
10.67013402680536,1
39.19383876775355,1
30.554110822164432,1
41.50430086017203,1
14.982996599319863,1
12.924584916983397,1
9.703940788157631,1
14.926985397079415,1
33.85877175435087,1
23.832766553310663,1
23.720744148829766,1
29.265853170634127,1
18.14762952590518,1
27.851570314062812,1
31.59031806361272,1
28.67773554710942,1
43.32466493298659,1
16.803360672134428,1
23.580716143228646,1
14.380876175235047,1
34.26485297059412,1
27.025405081016203,1
35.04900980196039,1
17.923584716943388,1
22.390478095619123,1
24.546909381876375,1
27.47349469893979,1
36.74334866973395,1
13.624724944988998,1
23.650730146029204,1
39.38987797559512,1
22.15243048609722,1
18.721744348869773,1
13.764752950590118,1
25.303060612122422,1
24.224844968993796,1
35.1750350070014,1
13.120624124824964,1
26.633326665333065,1
25.723144628925784,1
11.384276855371073,1
18.189637927585515,1
36.56131226245249,1
19.421884376875376,1
28.915783156631324,1
21.24224844968994,1
30.94618923784757,1
11.174234846969394,1
15.627125425085017,1
26.773354670934186,1
35.14702940588118,1
17.39147829565913,1
15.039007801560311,1
12.420484096819363,1
30.94618923784757,1
15.599119823964793,1
9.927985597119424,1
23.4126825365073,1
18.62372474494899,1
35.66513302660532,1
20.752150430086015,1
21.34026805361072,1
17.39147829565913,1
17.19543908781756,1
20.206041208241647,1
30.918183636727345,1
18.329665933186636,1
31.800360072014403,1
16.383276655331066,1
28.52370474094819,1
7.3374674934987,1
29.08381676335267,1
35.02100420084017,1
28.859771954390876,1
26.52130426085217,1
32.2624524904981,1
29.727945589117823,1
34.50290058011602,1
19.379875975195038,1
19.75795159031806,1
38.731746349269855,1
23.594718943788756,1
53.63072614522905,1
18.105621124224843,1
19.505901180236048,1
16.14522904580916,1
43.184636927385476,1
49.779955991198236,1
21.494298859771956,1
25.933186637327466,1
18.97379475895179,1
10.992198439687938,1
14.758951790358072,1
21.18623724744949,1
11.594318863772754,1
24.630926185237048,1
35.66513302660532,1
23.076615323064612,1
35.5251050210042,1
7.533506701340268,1
31.492298459691938,1
42.694538907781556,1
14.226845369073814,1
27.193438687737547,1
16.831366273254652,1
18.81976395279056,1
24.980996199239847,1
37.56951390278056,1
24.686937387477496,1
29.43388677735547,1
18.399679935987198,1
22.334466893378675,1
23.538707741548308,1
37.48549709941988,1
37.2754550910182,1
23.510702140428084,1
40.59411882376475,1
31.814362872574513,1
34.69893978795759,1
21.452290458091618,1
17.559511902380475,1
20.584116823364674,1
28.607721544308863,1
26.689337867573514,1
43.66073214642928,1
31.702340468093617,1
23.538707741548308,1
10.404080816163232,1
34.32086417283457,1
11.384276855371073,1
30.834166833366673,1
23.34266853370674,1
21.144228845769153,1
37.05141028205641,1
16.859371874374876,1
20.976195239047808,1
16.915383076615324,1
32.23444688937788,1
28.39767953590718,1
9.885977195439088,1
32.9625925185037,1
23.32866573314663,1
13.554710942188438,1
25.779155831166232,1
21.592318463692738,1
29.6999399879976,1
29.3498699739948,1
21.144228845769153,1
14.954990998199639,1
24.58891778355671,1
44.654930986197236,1
4.718943788757751,1
42.94658931786357,1
37.26145229045809,1
34.08281656331266,1
15.375075015003,1
11.034206841368274,1
10.796159231846369,1
18.67973594718944,1
24.196839367873572,1
26.857371474294858,1
35.749149829965994,1
21.074214842968594,1
27.879575915183036,1
13.554710942188438,1
33.41068213642728,1
32.97659531906381,1
37.3874774954991,1
38.04560912182436,1
27.249449889977996,1
17.09741948389678,1
29.83996799359872,1
18.371674334866974,1
23.356671334266853,1
27.445489097819564,1
34.712942588517706,1
18.76375275055011,1
35.133026605321064,1
27.403480696139226,1
27.319463892778554,1
39.29185837167434,1
13.680736147229446,1
34.306861372274454,1
33.36867373474695,1
22.390478095619123,1
14.366873374674935,1
28.369673934786956,1
19.197839567913583,1
35.287057411482294,1
17.559511902380475,1
11.272254450890177,1
16.187237447489498,1
19.337867573514703,1
37.30346069213843,1
8.779755951190237,1
28.859771954390876,1
24.29485897179436,1
23.398679735947187,1
28.20164032806561,1
32.17843568713743,1
19.099819963992797,1
29.48989797959592,1
9.675935187037407,1
48.925785157031406,1
49.877975595119025,1
30.736147229445887,1
41.42028405681136,1
38.61972394478896,1
23.720744148829766,1
35.931186237247445,1
13.918783756751349,1
18.749749949989997,1
14.702940588117624,1
33.53670734146829,1
27.823564712942588,1
22.138427685537106,1
15.277055411082216,1
28.019603920784157,1
24.602920584116823,1
33.144628925785156,1
14.954990998199639,1
24.112822564512904,1
33.200640128025604,1
20.514102820564112,1
45.63512702540508,1
21.130226045209042,1
40.566113222644525,1
15.809161832366472,1
20.122024404880975,1
23.46869373874775,1
14.814962992598518,1
24.616923384676934,1
21.802360472094417,1
13.134626925385076,1
24.09881976395279,1
17.167433486697337,1
34.642928585717144,1
19.407881576315262,1
13.120624124824964,1
34.922984596919385,1
28.635727145429087,1
21.284256851370273,1
38.15763152630526,1
30.62412482496499,1
46.867373474694936,1
26.31126225245049,1
21.5503100620124,1
44.17883576715343,1
13.078615723144628,1
38.10162032406481,1
23.678735747149428,1
15.249049809961992,1
21.312262452490497,1
14.632926585317064,1
37.55551110222044,1
25.87717543508702,1
21.130226045209042,1
13.428685737147429,1
21.942388477695538,1
19.869973994798958,1
8.387677535507102,1
7.421484296859371,1
8.317663532706542,1
15.221044208841768,1
25.457091418283657,1
28.145629125825163,1
8.485697139427886,1
17.9375875175035,1
44.7249449889978,1
18.931786357271452,1
13.1626325265053,1
31.28225645129026,1
10.362072414482896,1
38.605721144228845,1
23.146629325865174,1
17.069413882776555,1
10.544108821764352,1
33.62072414482896,1
25.387077415483095,1
21.46629325865173,1
36.07121424284857,1
26.52130426085217,1
25.765153030606122,1
33.200640128025604,1
15.837167433486696,1
28.439687937587518,1
35.259051810362074,1
37.009401880376075,1
22.726545309061812,1
40.356071214242846,1
41.3502700540108,1
22.264452890578116,1
22.264452890578116,1
25.14902980596119,1
19.855971194238847,1
11.804360872174435,1
34.48889777955591,1
33.200640128025604,1
32.69653930786157,1
17.265453090618124,1
12.840568113622725,1
17.909581916383278,1
31.92638527705541,1
36.9253850770154,1
24.490898179635927,1
12.826565313062613,1
5.3770754150830165,1
48.50570114022804,1
48.673734746949386,1
21.60632126425285,1
35.95919183836767,1
38.36767353470694,1
17.51750350070014,1
16.089217843568715,1
33.116623324664936,1
34.41888377675535,1
14.53490698139628,1
28.59371874374875,1
23.874774954990997,1
29.447889577915582,1
31.072214442888576,1
23.916783356671335,1
21.81636327265453,1
15.137027405481096,1
25.87717543508702,1
22.99259851970394,1
20.36007201440288,1
25.625125025005,1
35.875175035007,1
30.750150030006,1
34.3628725745149,1
20.934186837367474,1
20.304060812162433,1
32.90658131626325,1
33.564712942588514,1
15.64112822564513,1
20.41608321664333,1
30.022004400880174,1
9.703940788157631,1
24.462892578515703,1
36.309261852370476,1
17.601520304060813,1
28.845769153830766,1
34.26485297059412,1
35.567113422684535,1
47.23144628925785,1
48.729745949189834,1
13.456691338267653,1
46.26525305061012,1
37.7375475095019,1
29.671934386877375,1
17.993598719743947,1
7.029405881176235,1
17.699539907981595,1
34.712942588517706,1
31.128225645129024,1
27.123424684936985,1
32.87857571514303,1
41.08421684336867,1
22.474494898979795,1
21.564312862572514,1
39.78195639127826,1
25.723144628925784,1
39.375875175035006,1
18.231646329265853,1
18.231646329265853,1
21.648329665933186,1
13.84876975395079,1
28.621724344868973,1
18.567713542708542,1
30.45609121824365,1
30.708141628325663,1
26.227245449089818,1
25.289057811562312,1
33.57871574314863,1
19.435887177435486,1
24.056811362272455,1
23.496699339867973,1
37.40148029605921,1
16.733346669333866,1
30.232046409281857,1
18.707741548309663,1
21.158231646329266,1
28.985797159431886,1
32.08041608321664,1
32.20644128825765,1
24.462892578515703,1
24.39287857571514,1
12.490498099619924,1
28.159631926385277,1
25.289057811562312,1
19.65993198639728,1
38.521704340868176,1
26.003200640128025,1
28.957791558311662,1
35.91718343668734,1
28.38367673534707,1
14.436887377475495,1
13.932786557311461,1
35.11902380476095,1
16.74734946989398,1
25.793158631726346,1
26.04520904180836,1
19.855971194238847,1
22.16643328665733,1
23.650730146029204,1
16.523304660932187,1
18.259651930386077,1
32.30446089217843,1
30.17603520704141,1
39.69793958791758,1
46.99339867973595,1
21.774354870974193,1
17.979595919183836,1
34.3628725745149,1
14.394878975795159,1
32.17843568713743,1
37.345469093818764,1
29.55991198239648,1
10.796159231846369,1
19.967993598719744,1
26.633326665333065,1
9.213842768553711,1
13.890778155631125,1
9.801960392078415,1
36.61732346469294,1
19.281856371274255,1
15.09501900380076,1
22.068413682736548,1
14.74494898979796,1
22.320464092818565,1
19.46389277855571,1
35.58111622324465,1
28.313662732546508,1
49.23384676935387,1
30.078015603120623,1
29.08381676335267,1
17.475495099019803,1
23.202640528105622,1
11.97239447889578,1
22.040408081616324,1
25.863172634526904,1
20.934186837367474,1
26.227245449089818,1
26.913382676535306,1
19.81396279255851,1
27.263452690538106,1
10.894178835767153,1
20.598119623924784,1
24.126825365073014,1
21.2002400480096,1
25.34506901380276,1
10.824164832966593,1
25.471094218843767,1
37.037407481496295,1
21.018203640728146,1
25.303060612122422,1
38.57771554310862,1
29.251850370074013,1
17.09741948389678,1
34.41888377675535,1
21.38227645529106,1
9.42388477695539,1
33.116623324664936,1
27.389477895579116,1
27.515503100620123,1
44.864972994598915,1
38.885777155431086,1
19.58991798359672,1
32.59851970394079,1
30.750150030006,1
24.476895379075813,1
19.715943188637727,1
15.053010602120423,1
24.798959791958392,1
39.067813562712544,1
24.812962592518502,1
37.345469093818764,1
17.279455891178234,1
10.558111622324464,1
27.445489097819564,1
26.675335067013403,1
10.586117223444688,1
6.58131626325265,1
15.44508901780356,1
11.874374874974995,1
24.798959791958392,1
12.504500900180036,1
27.067413482696537,1
30.092018403680736,1
15.7251450290058,1
31.688337667533506,1
27.039407881576313,1
27.08141628325665,1
33.62072414482896,1
17.65753150630126,1
20.304060812162433,1
26.46529305861172,1
47.72154430886177,1
28.789757951590317,1
19.967993598719744,1
21.60632126425285,1
38.10162032406481,1
22.572514502900578,1
28.173634726945387,1
25.191038207641526,1
22.586517303460692,1
16.201240248049608,1
18.567713542708542,1
35.749149829965994,1
31.968393678735747,1
7.365473094618924,1
14.05881176235247,1
15.515103020604121,1
32.93458691738348,1
19.561912382476496,1
35.819163832766556,1
8.653730746149229,1
21.2002400480096,1
50.18603720744149,1
23.832766553310663,1
36.09921984396879,1
30.94618923784757,1
46.251250250050006,1
19.65993198639728,1
24.602920584116823,1
39.29185837167434,1
30.022004400880174,1
21.592318463692738,1
25.093018603720743,1
15.291058211642328,1
26.017203440688135,1
35.83316663332666,1
13.470694138827765,1
15.599119823964793,1
26.94138827765553,1
30.47009401880376,1
33.38267653530706,1
27.991598319663932,1
14.814962992598518,1
24.966993398679737,1
28.285657131426284,1
23.720744148829766,1
15.137027405481096,1
26.689337867573514,1
23.048609721944388,1
14.870974194838967,1
24.99499899979996,1
19.25385077015403,1
34.152830566113224,1
40.59411882376475,1
28.425685137027404,1
23.384676935387077,1
19.239847969593917,1
34.41888377675535,1
37.35947189437888,1
12.714542908581716,1
8.541708341668333,1
13.246649329865972,1
18.889777955591118,1
11.818363672734547,1
28.57971594318864,1
28.901780356071214,1
34.22284456891378,1
7.001400280056011,1
26.829365873174634,1
27.501500300060012,1
12.714542908581716,1
16.663332666533307,1
33.760752150430086,1
36.84136827365473,1
20.27605521104221,1
19.687937587517503,1
35.94518903780756,1
38.70374074814963,1
34.460892178435685,1
29.6999399879976,1
41.74234846969394,1
43.49269853970794,1
11.818363672734547,1
29.251850370074013,1
40.902180436087214,1
35.077015403080615,1
37.30346069213843,1
37.89157831566313,1
20.038007601520302,1
44.33286657331466,1
13.70874174834967,1
25.457091418283657,1
18.469693938787756,1
37.59751950390078,1
14.142828565713142,1
20.528105621124226,1
36.239247849569914,1
24.336867373474693,1
34.75495099019804,1
29.937987597519502,1
13.470694138827765,1
15.0250050010002,1
44.23484696939388,1
20.024004800960192,1
15.963192638527705,1
28.845769153830766,1
34.68493698739748,1
18.511702340468094,1
10.824164832966593,1
24.504900980196037,1
30.988197639527904,1
34.54490898179636,1
30.33006601320264,1
11.132226445289058,1
29.251850370074013,1
20.262052410482095,1
30.0500100020004,1
27.361472294458892,1
16.537307461492297,1
33.83076615323065,1
29.377875575115024,1
33.80276055211042,1
19.74394878975795,1
42.14842968593719,1
16.8873774754951,1
35.441088217643525,1
16.635327065413083,1
25.331066213242647,1
19.65993198639728,1
38.70374074814963,1
20.29005801160232,1
26.3252650530106,1
23.104620924184836,1
34.11082216443288,1
34.22284456891378,1
33.39667933586717,1
20.262052410482095,1
23.566713342668532,1
23.48269653930786,1
17.405481096219244,1
32.57051410282056,1
4.816963392678535,1
29.615923184636927,1
21.2002400480096,1
26.227245449089818,1
20.206041208241647,1
20.192038407681537,1
31.78635727145429,1
22.64252850570114,1
24.672934586917382,1
24.86897379475895,1
13.540708141628325,1
7.939587917583516,1
47.175435087017405,1
27.22144428885777,1
29.279855971194237,1
29.195839167833565,1
15.64112822564513,1
41.588317663532706,1
29.181836367273455,1
24.37887577515503,1
25.05101020204041,1
15.207041408281656,1
40.7621524304861,1
20.57011402280456,1
24.798959791958392,1
45.3130626125225,1
15.515103020604121,1
32.6125225045009,1
43.01660332066413,1
23.230646129225846,1
22.194438887777554,1
29.321864372874575,1
9.031806361272254,1
20.752150430086015,1
21.67633526705341,1
20.066013202640526,1
25.919183836767353,1
26.773354670934186,1
38.74574914982996,1
11.77635527105421,1
26.535307061412283,1
38.57771554310862,1
34.27885577115423,1
30.876175235047008,1
41.36427285457091,1
29.881976395279054,1
35.55311062212442,1
26.367273454690938,1
23.384676935387077,1
24.29485897179436,1
22.83856771354271,1
10.950190038007602,1
25.48509701940388,1
14.352870574114823,1
42.94658931786357,1
28.45369073814763,1
30.27405481096219,1
16.8873774754951,1
21.5503100620124,1
14.912982596519303,1
19.575915183036606,1
18.175635127025405,1
31.688337667533506,1
26.633326665333065,1
38.49369873974795,1
36.19723944788958,1
39.20784156831366,1
14.702940588117624,1
4.816963392678535,1
23.146629325865174,1
32.94858971794359,1
31.744348869773955,1
23.006601320264053,1
35.30106021204241,1
21.914382876575313,1
29.22384476895379,1
13.246649329865972,1
10.726145229045809,1
37.94758951790358,1
16.13122624524905,1
23.454690938187635,1
13.820764152830566,1
23.48269653930786,1
19.81396279255851,1
23.55271054210842,1
13.526705341068213,1
31.87037407481496,1
8.513702740548108,1
30.61012202440488,1
27.669533906781357,1
40.14602920584117,1
16.369273854770952,1
25.289057811562312,1
14.758951790358072,1
55.10102020404081,1
14.114822964592918,1
11.216243248649729,1
31.114222844568914,1
26.857371474294858,1
19.74394878975795,1
20.76615323064613,1
19.4498899779956,1
22.894578915783157,1
31.366273254650928,1
19.02980596119224,1
19.785957191438285,1
38.269653930786156,1
21.2002400480096,1
41.924384876975395,1
13.078615723144628,1
35.94518903780756,1
32.10842168433687,1
29.881976395279054,1
40.87417483496699,1
16.8873774754951,1
28.10362072414483,1
12.000400080016004,1
8.051610322064413,1
22.7125425085017,1
27.641528305661133,1
34.81096219243849,1
23.090618123624726,1
25.69513902780556,1
31.478295659131824,1
10.11002200440088,1
24.672934586917382,1
20.164032806561313,1
17.5875175035007,1
16.103220644128825,1
26.577315463092617,1
36.91138227645529,1
12.840568113622725,1
15.963192638527705,1
23.90278055611122,1
30.876175235047008,1
15.515103020604121,1
24.91098219643929,1
15.347069413882776,1
41.12622524504901,1
25.849169833966794,1
15.921184236847369,1
35.04900980196039,1
51.992398479695936,1
15.151030206041208,1
31.408281656331265,1
26.157231446289256,1
43.01660332066413,1
39.31986397279456,1
15.333066613322664,1
10.46009201840368,1
24.71494298859772,1
36.09921984396879,1
9.661932386477295,1
29.265853170634127,1
21.662332466493297,1
29.811962392478495,1
31.63232646529306,1
33.116623324664936,1
20.76615323064613,1
22.0124024804961,1
11.944388877775555,1
16.719343868773755,1
10.824164832966593,1
22.46049209841968,1
45.56511302260452,1
28.67773554710942,1
17.979595919183836,1
34.85297059411882,1
18.805761152230446,1
20.248049609921985,1
23.678735747149428,1
37.2754550910182,1
50.22804560912182,1
13.470694138827765,1
35.105021004200836,1
25.68113622724545,1
25.96119223844769,1
36.43528705741148,1
11.090218043608722,1
23.81876375275055,1
25.41508301660332,1
9.913982796559312,1
18.917783556711342,1
32.75255051010202,1
42.42848569713943,1
42.61052210442088,1
28.831766353270652,1
27.067413482696537,1
28.285657131426284,1
33.634726945389076,1
35.31506301260252,1
18.525705141028205,1
27.389477895579116,1
10.138027605521104,1
20.472094418883778,1
34.642928585717144,1
48.53370674134827,1
38.10162032406481,1
32.33246649329866,1
30.288057611522305,1
25.919183836767353,1
22.950590118023605,1
12.336467293458691,1
27.795559111822364,1
20.64012802560512,1
29.55991198239648,1
23.706741348269652,1
24.86897379475895,1
24.350870174034807,1
11.104220844168834,1
27.207441488297658,1
42.98859771954391,1
26.409281856371273,1
17.57351470294059,1
41.84036807361472,1
24.630926185237048,1
17.18143628725745,1
10.068013602720544,1
27.92158431686337,1
19.25385077015403,1
46.72734546909382,1
30.162032406481295,1
28.52370474094819,1
38.40968193638728,1
26.255251050210042,1
26.479295859171835,1
10.208041608321665,1
24.882976595319064,1
34.740948189637926,1
25.00900180036007,1
10.39007801560312,1
19.729945989197837,1
30.19003800760152,1
22.46049209841968,1
26.59131826365273,1
18.721744348869773,1
22.334466893378675,1
28.607721544308863,1
26.017203440688135,1
20.41608321664333,1
29.97999599919984,1
46.279255851170234,1
29.02780556111222,1
22.558511702340468,1
18.30166033206641,1
31.39427885577115,1
10.572114422884576,1
37.17743548709742,1
23.90278055611122,1
25.765153030606122,1
43.81476295259052,1
16.229245849169832,1
32.9625925185037,1
29.97999599919984,1
24.350870174034807,1
37.709541908381674,1
46.54530906181236,1
33.41068213642728,1
16.56531306261252,1
17.559511902380475,1
32.31846369273855,1
22.404480896179237,1
25.34506901380276,1
24.72894578915783,1
19.855971194238847,1
41.04220844168834,1
13.918783756751349,1
40.44008801760352,1
47.23144628925785,1
12.336467293458691,1
17.265453090618124,1
38.479695939187835,1
30.372074414882977,1
18.049609921984395,1
36.99539907981596,1
21.73234646929386,1
23.202640528105622,1
22.572514502900578,1
25.14902980596119,1
22.572514502900578,1
24.406881376275255,1
14.324864972994598,1
20.108021604320864,1
38.49369873974795,1
44.24884976995399,1
32.69653930786157,1
29.377875575115024,1
43.71674334866973,1
33.606721344268855,1
20.444088817763554,1
35.45509101820364,1
33.83076615323065,1
23.846769353870773,1
17.5875175035007,1
19.155831166233245,1
15.949189837967593,1
8.961792358471694,1
17.881576315263054,1
18.931786357271452,1
23.18863772754551,1
23.18863772754551,1
18.6377275455091,1
22.99259851970394,1
34.334866973394675,1
23.916783356671335,1
25.667133426685336,1
24.644928985797158,1
16.0752150430086,1
10.880176035207041,1
22.684536907381474,1
28.915783156631324,1
36.547309461892375,1
13.932786557311461,1
38.71774354870974,1
33.59271854370874,1
36.96739347869574,1
41.74234846969394,1
18.651730346069215,1
26.17123424684937,1
21.2002400480096,1
22.78255651130226,1
33.21464292858572,1
8.72374474894979,1
25.863172634526904,1
25.919183836767353,1
22.894578915783157,1
30.932186437287456,1
41.19623924784957,1
26.437287457491497,1
27.403480696139226,1
12.574514902980596,1
17.909581916383278,1
14.590918183636727,1
22.614522904580916,1
22.474494898979795,1
40.45409081816363,1
32.30446089217843,1
13.078615723144628,1
16.90138027605521,1
33.29865973194639,1
31.562312462492496,1
32.27645529105821,1
22.15243048609722,1
15.837167433486696,1
21.368273654730945,1
37.30346069213843,1
29.43388677735547,1
6.6933386677335465,1
40.34206841368273,1
36.9253850770154,1
16.579315863172635,1
25.863172634526904,1
15.053010602120423,1
23.90278055611122,1
27.067413482696537,1
19.197839567913583,1
16.733346669333866,1
49.415883176635326,1
10.222044408881777,1
29.419883976795358,1
11.510302060412082,1
36.32326465293058,1
30.372074414882977,1
40.59411882376475,1
24.826965393078616,1
18.931786357271452,1
26.353270654130824,1
27.27745549109822,1
36.6873374674935,1
28.04760952190438,1
35.1750350070014,1
6.1752350470094015,1
23.0626125225045,1
35.721144228845766,1
8.401680336067214,1
19.505901180236048,1
19.841968393678734,1
25.317063412682536,1
18.273654730946188,1
44.55691138227645,1
20.934186837367474,1
36.645329065813165,1
20.36007201440288,1
53.5747149429886,1
43.29665933186637,1
42.89057811562312,1
29.391878375675134,1
29.71394278855771,1
9.717943588717743,1
9.115823164632927,1
29.741948389677933,1
31.114222844568914,1
30.62412482496499,1
25.163032606521302,1
27.529505901180237,1
42.91858371674335,1
29.65793158631726,1
33.00460092018404,1
31.64632926585317,1
17.839567913582716,1
27.823564712942588,1
42.9745949189838,1
31.422284456891376,1
24.16883376675335,1
22.194438887777554,1
22.15243048609722,1
25.191038207641526,1
26.689337867573514,1
13.49869973994799,1
15.403080616123225,1
14.366873374674935,1
19.12782556511302,1
14.464892978595719,1
25.653130626125225,1
25.597119423884777,1
41.924384876975395,1
14.26885377075415,1
12.686537307461492,1
19.687937587517503,1
37.45749149829966,1
28.089617923584715,1
25.82116423284657,1
17.069413882776555,1
29.265853170634127,1
16.41128225645129,1
21.984396879375875,1
21.004200840168032,1
35.819163832766556,1
24.51890378075615,1
26.367273454690938,1
30.876175235047008,1
23.81876375275055,1
41.47629525905181,1
31.15623124624925,1
39.51590318063612,1
22.082416483296658,1
38.87177435487097,1
16.845369073814762,1
18.07761552310462,1
27.809561912382474,1
22.97859571914383,1
37.48549709941988,1
19.74394878975795,1
12.280456091218243,1
33.43868773754751,1
17.881576315263054,1
21.494298859771956,1
15.389077815563112,1
35.875175035007,1
20.752150430086015,1
22.740548109621923,1
14.562912582516503,1
30.344068813762753,1
16.523304660932187,1
48.04360872174435,1
21.25625125025005,1
24.000800160032007,1
25.583116623324663,1
21.298259651930387,1
24.056811362272455,1
13.1626325265053,1
25.751150230046008,1
15.137027405481096,1
29.475895179035806,1
21.60632126425285,1
32.38847769553911,1
29.22384476895379,1
44.40288057611522,1
30.064012802560512,1
18.35767153430686,1
21.900380076015203,1
22.194438887777554,1
34.90898179635927,1
33.116623324664936,1
19.211842368473693,1
19.337867573514703,1
17.349469893978796,1
27.08141628325665,1
22.92258451690338,1
30.582116423284656,1
27.249449889977996,1
12.93858771754351,1
19.02980596119224,1
31.29625925185037,1
29.50390078015603,1
23.874774954990997,1
29.6999399879976,1
26.969393878775755,1
36.00120024004801,1
12.19643928785757,1
23.538707741548308,1
21.942388477695538,1
14.044808961792357,1
20.038007601520302,1
29.825965193038606,1
36.71534306861372,1
24.43488697739548,1
9.549909981996398,1
15.473094618923785,1
27.01140228045609,1
19.64592918583717,1
31.800360072014403,1
16.537307461492297,1
26.17123424684937,1
38.64772954590918,1
21.24224844968994,1
12.168433686737346,1
33.942788557711545,1
34.99299859971994,1
17.167433486697337,1
36.60332066413282,1
16.243248649729946,1
24.78495699139828,1
22.334466893378675,1
26.073214642928583,1
31.39427885577115,1
27.78155631126225,1
22.866573314662933,1
31.702340468093617,1
32.17843568713743,1
18.189637927585515,1
20.458091618323664,1
38.07361472294459,1
17.461492298459692,1
34.27885577115423,1
22.096419283856772,1
45.71914382876575,1
11.07621524304861,1
37.07941588317664,1
18.119623924784957,1
33.52270454090818,1
31.464292858571714,1
18.917783556711342,1
31.198239647929586,1
33.354670934186835,1
31.114222844568914,1
25.05101020204041,1
9.199839967993599,1
32.990598119623925,1
30.442088417683536,1
30.750150030006,1
22.138427685537106,1
21.34026805361072,1
25.107021404280854,1
44.52890578115623,1
12.798559711942389,1
14.89897979595919,1
19.701940388077617,1
31.254250850170035,1
38.143628725745145,1
15.375075015003,1
16.76135227045409,1
30.12002400480096,1
13.806761352270454,1
26.675335067013403,1
9.045809161832366,1
35.95919183836767,1
25.2750550110022,1
17.85357071414283,1
53.308661732346465,1
25.443088617723543,1
10.922184436887378,1
18.49769953990798,1
12.238447689537907,1
34.99299859971994,1
18.469693938787756,1
19.04380876175235,1
37.05141028205641,1
15.7251450290058,1
19.211842368473693,1
28.57971594318864,1
39.64192838567713,1
16.76135227045409,1
38.92778555711142,1
32.62652530506101,1
39.57191438287657,1
26.283256651330266,1
33.15863172634527,1
9.395879175835168,1
38.29765953190638,1
21.522304460892176,1
36.65933186637327,1
14.19883976795359,1
14.548909781956391,1
41.72834566913382,1
32.69653930786157,1
33.00460092018404,1
32.57051410282056,1
24.65893178635727,1
21.34026805361072,1
24.406881376275255,1
33.25665133026605,1
32.12242448489698,1
17.909581916383278,1
13.98879775955191,1
36.365273054610924,1
9.591918383676735,1
10.152030406081217,1
27.01140228045609,1
45.13102620524105,1
17.951590318063612,1
28.67773554710942,1
22.16643328665733,1
17.321464292858572,1
29.909981996399278,1
30.526105221044208,1
18.707741548309663,1
25.40108021604321,1
46.41928385677135,1
24.37887577515503,1
26.577315463092617,1
36.029205841168235,1
26.353270654130824,1
30.61012202440488,1
17.825565113022606,1
22.97859571914383,1
30.80616123224645,1
27.09541908381676,1
39.0258051610322,1
33.9007801560312,1
18.511702340468094,1
17.79755951190238,1
38.143628725745145,1
18.231646329265853,1
22.85257051410282,1
33.326665333066614,1
23.90278055611122,1
20.13602720544109,1
29.79795959191838,1
21.04620924184837,1
19.925985197039406,1
17.405481096219244,1
28.173634726945387,1
23.524704940988197,1
15.0250050010002,1
36.855371074214844,1
28.999799959991996,1
22.93658731746349,1
35.46909381876375,1
26.983396679335865,1
20.192038407681537,1
31.254250850170035,1
49.31786357271454,1
29.895979195839168,1
33.87277455491098,1
28.439687937587518,1
25.905181036207242,1
20.388077615523105,1
17.419483896779354,1
9.577915583116622,1
24.126825365073014,1
28.019603920784157,1
13.344668933786757,1
25.82116423284657,1
35.0630126025205,1
33.74674934986997,1
42.38647729545909,1
33.98479695939188,1
46.153230646129224,1
36.53330666133227,1
33.3126625325065,1
13.70874174834967,1
32.02440488097619,1
42.73654730946189,1
13.582716543308662,1
31.492298459691938,1
37.72354470894179,1
34.334866973394675,1
7.869573914782956,1
32.500500100020005,1
12.504500900180036,1
23.0626125225045,1
16.299259851970394,1
10.698139627925585,1
20.64012802560512,1
22.22244448889778,1
24.140828165633128,1
8.919783956791358,1
17.265453090618124,1
37.59751950390078,1
28.131626325265053,1
20.808161632326463,1
27.207441488297658,1
24.644928985797158,1
31.64632926585317,1
21.67633526705341,1
31.548309661932386,1
34.44688937787557,1
15.627125425085017,1
18.861772354470894,1
46.37727545509102,1
24.25285057011402,1
41.99439887977596,1
14.044808961792357,1
14.562912582516503,1
24.37887577515503,1
32.92058411682336,1
26.03120624124825,1
36.43528705741148,1
24.29485897179436,1
38.74574914982996,1
10.824164832966593,1
29.601920384076813,1
13.470694138827765,1
42.30246049209842,1
20.486097219443888,1
47.86157231446289,1
39.31986397279456,1
27.61352270454091,1
14.814962992598518,1
17.951590318063612,1
5.573114622924585,1
29.615923184636927,1
12.322464492898579,1
15.669133826765353,1
26.269253850770152,1
36.35127025405081,1
31.562312462492496,1
31.57631526305261,1
28.425685137027404,1
29.16783356671334,1
22.320464092818565,1
12.74254850970194,1
38.74574914982996,1
25.429085817163433,1
37.58351670334067,1
23.244648929785956,1
29.055811162232445,1
45.22904580916183,1
33.64872974594919,1
16.70534106821364,1
23.81876375275055,1
29.531906381276254,1
19.04380876175235,1
27.97759551910382,1
16.523304660932187,1
41.47629525905181,1
21.578315663132624,1
16.187237447489498,1
9.997999599919984,1
19.39387877575515,1
29.755951190238047,1
21.270254050810163,1
12.994598919783957,1
12.028405681136228,1
26.297259451890376,1
23.538707741548308,1
12.364472894578915,1
14.352870574114823,1
8.877775555111022,1
25.177035407081416,1
29.78395679135827,1
41.60232046409282,1
20.27605521104221,1
40.27205441088218,1
19.855971194238847,1
24.5749149829966,1
16.635327065413083,1
19.295859171834365,1
31.002200440088018,1
42.91858371674335,1
27.655531106221243,1
26.74534906981396,1
29.671934386877375,1
10.712142428485697,1
58.75575115023005,1
18.091618323664733,1
25.35907181436287,1
23.7627525505101,1
16.76135227045409,1
31.43628725745149,1
12.294458891778355,1
23.4126825365073,1
55.71714342868574,1
43.94078815763152,1
31.940388077615523,1
29.573914782956592,1
23.4126825365073,1
22.950590118023605,1
26.087217443488697,1
9.82996599319864,1
19.729945989197837,1
22.44648929785957,1
14.184836967393478,1
14.226845369073814,1
6.833366673334667,1
34.54490898179636,1
17.335467093418682,1
9.255851170234047,1
24.99499899979996,1
24.686937387477496,1
6.7073414682936585,1
21.564312862572514,1
20.752150430086015,1
23.62272454490898,1
35.83316663332666,1
11.944388877775555,1
37.7375475095019,1
31.268253650730145,1
23.510702140428084,1
25.933186637327466,1
15.23504700940188,1
19.26785357071414,1
15.487097419483897,1
6.497299459891979,1
32.220444088817764,1
25.69513902780556,1
35.79115823164633,1
14.19883976795359,1
24.86897379475895,1
29.671934386877375,1
14.282856571314262,1
29.601920384076813,1
23.314662932586515,1
18.20364072814563,1
11.412282456491297,1
16.047209441888377,1
18.30166033206641,1
30.12002400480096,1
23.95879175835167,1
19.60392078415683,1
20.36007201440288,1
28.495699139827966,1
29.685937187437485,1
20.27605521104221,1
21.858371674334865,1
25.331066213242647,1
11.510302060412082,1
35.49709941988397,1
24.154830966193238,1
41.392278455691134,1
29.97999599919984,1
19.32386477295459,1
35.203040608121626,1
27.053410682136427,1
30.848169633926783,1
15.823164632926584,1
16.257251450290056,1
20.71014202840568,1
36.96739347869574,1
13.610722144428886,1
36.01520304060812,1
30.62412482496499,1
23.384676935387077,1
38.815763152630524,1
10.93618723744749,1
37.87757551510302,1
19.18383676735347,1
32.44448889777956,1
34.614922984596916,1
19.365873174634928,1
30.45609121824365,1
33.34066813362672,1
31.59031806361272,1
12.630526105221044,1
46.433286657331465,1
28.52370474094819,1
16.74734946989398,1
23.006601320264053,1
28.999799959991996,1
24.51890378075615,1
18.34366873374675,1
22.16643328665733,1
18.665733146629325,1
36.63132626525305,1
13.190638127625524,1
45.01900380076015,1
24.65893178635727,1
36.35127025405081,1
11.160232046409282,1
22.79655931186237,1
34.54490898179636,1
35.077015403080615,1
43.702740548109624,1
28.971794358871772,1
24.126825365073014,1
29.43388677735547,1
34.85297059411882,1
36.84136827365473,1
16.383276655331066,1
27.55751150230046,1
19.477895579115824,1
22.250450090018003,1
28.509701940388076,1
24.476895379075813,1
24.420884176835365,1
8.975795159031806,1
4.256851370274054,1
33.73274654930986,1
20.78015603120624,1
34.62892578515703,1
31.1002200440088,1
49.16383276655331,1
34.57291458291658,1
30.232046409281857,1
15.669133826765353,1
24.812962592518502,1
30.12002400480096,1
35.1750350070014,1
30.498099619923984,1
20.304060812162433,1
22.628525705141026,1
10.474094818963792,1
14.576915383076615,1
28.159631926385277,1
34.16683336667333,1
35.04900980196039,1
18.609721944388877,1
32.43048609721944,1
26.871374274854972,1
27.109421884376875,1
46.18123624724945,1
35.60912182436487,1
22.082416483296658,1
46.97939587917583,1
20.542108421684336,1
20.43008601720344,1
22.124424884976996,1
28.635727145429087,1
30.66613322664533,1
14.296859371874374,1
30.778155631126225,1
10.376075215043008,1
17.79755951190238,1
28.94378875775155,1
20.472094418883778,1
20.122024404880975,1
24.896979395879175,1
39.837967593518705,1
29.125825165033007,1
38.31166233246649,1
15.319063812762552,1
29.461892378475696,1
18.76375275055011,1
23.524704940988197,1
16.4252850570114,1
39.585917183436685,1
41.14022804560912,1
29.741948389677933,1
36.547309461892375,1
39.27785557111422,1
16.70534106821364,1
32.36047209441888,1
28.999799959991996,1
16.95739147829566,1
18.567713542708542,1
24.266853370674134,1
15.879175835167032,1
34.68493698739748,1
54.76495299059812,1
13.050610122024404,1
43.84276855371074,1
11.622324464892978,1
33.9007801560312,1
46.50330066013203,1
42.4004800960192,1
8.59771954390878,1
28.789757951590317,1
30.428085617123426,1
36.8133626725345,1
24.742948589717944,1
12.74254850970194,1
15.347069413882776,1
18.48369673934787,1
26.857371474294858,1
23.440688137627525,1
24.616923384676934,1
29.685937187437485,1
12.60252050410082,1
32.27645529105821,1
33.942788557711545,1
44.962992598519705,1
15.627125425085017,1
47.76355271054211,1
24.896979395879175,1
18.62372474494899,1
37.59751950390078,1
26.759351870374076,1
18.189637927585515,1
21.06021204240848,1
23.580716143228646,1
28.20164032806561,1
24.78495699139828,1
22.040408081616324,1
23.020604120824164,1
31.85637127425485,1
23.81876375275055,1
24.65893178635727,1
19.04380876175235,1
40.118023604720946,1
25.667133426685336,1
31.828365673134627,1
16.439287857571514,1
10.852170434086817,1
28.411682336467294,1
40.118023604720946,1
26.38127625525105,1
21.522304460892176,1
24.840968193638727,1
18.30166033206641,1
32.584516903380674,1
26.157231446289256,1
22.79655931186237,1
16.55131026205241,1
15.053010602120423,1
19.771954390878175,1
18.441688337667532,1
36.19723944788958,1
28.20164032806561,1
27.809561912382474,1
32.44448889777956,1
23.7627525505101,1
31.688337667533506,1
20.808161632326463,1
39.27785557111422,1
18.06361272254451,1
24.070814162832566,1
28.971794358871772,1
16.929385877175434,1
18.749749949989997,1
33.29865973194639,1
38.395679135827166,1
20.57011402280456,1
25.863172634526904,1
28.635727145429087,1
31.884376875375075,1
35.777155431086214,1
27.09541908381676,1
36.239247849569914,1
26.11522304460892,1
36.07121424284857,1
25.289057811562312,1
32.2624524904981,1
34.72694538907781,1
9.843968793758751,1
10.278055611122225,1
31.464292858571714,1
21.69033806761352,1
12.434486897379475,1
14.002800560112021,1
11.020204040808162,1
47.03540708141628,1
11.370274054810961,1
13.036607321464292,1
43.28265653130626,1
28.509701940388076,1
26.73134626925385,1
6.427285457091418,1
9.689937987597519,1
17.18143628725745,1
40.21604320864173,1
31.492298459691938,1
33.67673534706941,1
43.78675735147029,1
13.470694138827765,1
36.86937387477495,1
25.709141828365674,1
17.545509101820365,1
26.759351870374076,1
14.170834166833366,1
30.750150030006,1
31.39427885577115,1
25.121024204840968,1
15.655131026205241,1
25.667133426685336,1
8.275655131026205,1
32.87857571514303,1
9.199839967993599,1
31.15623124624925,1
37.709541908381674,1
33.13062612522504,1
30.554110822164432,1
46.16723344668934,1
19.897979595919182,1
22.586517303460692,1
32.47249449889978,1
16.55131026205241,1
27.69753950790158,1
27.263452690538106,1
35.21704340868173,1
25.41508301660332,1
32.55651130226045,1
19.827965593118623,1
18.581716343268653,1
39.0258051610322,1
17.993598719743947,1
28.607721544308863,1
16.06121224244849,1
19.365873174634928,1
22.7125425085017,1
23.146629325865174,1
26.297259451890376,1
14.842968593718743,1
38.84376875375075,1
24.644928985797158,1
22.99259851970394,1
16.033206641328267,1
20.192038407681537,1
15.44508901780356,1
12.630526105221044,1
22.824564912982595,1
28.789757951590317,1
23.776755351070214,1
13.84876975395079,1
19.7999599919984,1
31.492298459691938,1
25.611122224444888,1
29.671934386877375,1
35.5251050210042,1
31.828365673134627,1
23.18863772754551,1
24.896979395879175,1
13.064612922584516,1
19.995999199839968,1
35.42708541708342,1
24.78495699139828,1
35.847169433886776,1
14.492898579715943,1
27.361472294458892,1
23.384676935387077,1
35.18903780756151,1
28.985797159431886,1
47.693538707741546,1
20.500100020004002,1
18.861772354470894,1
20.346069213842767,1
20.36007201440288,1
26.073214642928583,1
19.435887177435486,1
15.44508901780356,1
11.482296459291858,1
11.97239447889578,1
28.411682336467294,1
13.834766953390679,1
28.11762352470494,1
36.827365473094616,1
8.653730746149229,1
28.10362072414483,1
13.610722144428886,1
28.8877775555111,1
20.486097219443888,1
30.442088417683536,1
44.836967393478695,1
28.81776355271054,1
10.026005201040208,1
17.881576315263054,1
31.940388077615523,1
22.082416483296658,1
37.989597919583915,1
19.575915183036606,1
41.61632326465293,1
14.632926585317064,1
22.46049209841968,1
36.1132226445289,1
25.83516703340668,1
13.484696939387877,1
27.78155631126225,1
27.585517103420685,1
26.52130426085217,1
28.215643128625725,1
20.22004400880176,1
38.18563712742549,1
36.43528705741148,1
16.70534106821364,1
45.43908781756351,1
31.520304060812162,1
37.625525105021005,1
17.559511902380475,1
19.785957191438285,1
15.781156231246248,1
26.7873574714943,1
44.164832966593316,1
35.62312462492498,1
24.756951390278054,1
14.072814562912582,1
11.49629925985197,1
36.93938787757551,1
24.056811362272455,1
28.06161232246449,1
15.963192638527705,1
17.39147829565913,1
9.255851170234047,1
18.581716343268653,1
29.08381676335267,1
36.855371074214844,1
30.80616123224645,1
34.57291458291658,1
20.23404680936187,1
19.099819963992797,1
17.069413882776555,1
36.91138227645529,1
39.52990598119624,1
25.317063412682536,1
18.595719143828767,1
26.017203440688135,1
14.618923784756952,1
31.674334866973393,1
34.740948189637926,1
13.064612922584516,1
24.322864572914582,1
20.262052410482095,1
19.995999199839968,1
36.50530106021204,1
19.81396279255851,1
30.27405481096219,1
25.20504100820164,1
20.23404680936187,1
16.27125425085017,1
31.030206041208242,1
24.364872974594917,1
14.40888177635527,1
18.889777955591118,1
17.5875175035007,1
10.334066813362671,1
21.97039407881576,1
31.59031806361272,1
36.46329265853171,1
31.982396479295858,1
26.549309861972393,1
25.807161432286456,1
21.438287657531507,1
28.299659931986398,1
37.863572714542904,1
32.990598119623925,1
13.120624124824964,1
16.313262652530504,1
16.789357871574314,1
14.310862172434486,1
39.87997599519904,1
15.375075015003,1
26.703340668133627,1
25.05101020204041,1
39.011802360472096,1
25.023004600920185,1
27.305461092218444,1
23.174634926985398,1
21.578315663132624,1
19.155831166233245,1
9.773954790958191,1
33.17263452690538,1
15.459091818363673,1
23.496699339867973,1
12.224444888977795,1
21.60632126425285,1
23.146629325865174,1
23.74874974994999,1
6.035207041408282,1
22.614522904580916,1
42.904580916183235,1
26.563312662532507,1
11.286257251450289,1
25.527105421084215,1
29.405881176235248,1
14.016803360672133,1
15.16503300660132,1
21.284256851370273,1
25.317063412682536,1
20.37407481496299,1
28.467693538707742,1
35.09101820364073,1
22.110422084416882,1
28.38367673534707,1
33.70474094818964,1
21.69033806761352,1
21.5503100620124,1
15.809161832366472,1
19.32386477295459,1
19.25385077015403,1
32.374474894978995,1
31.604320864172834,1
21.354270854170835,1
40.88817763552711,1
16.11722344468894,1
24.770954190838168,1
32.05241048209642,1
33.816763352670534,1
22.69853970794159,1
15.44508901780356,1
13.84876975395079,1
16.60732146429286,1
27.22144428885777,1
24.5749149829966,1
21.144228845769153,1
24.056811362272455,1
21.2002400480096,1
33.39667933586717,1
34.40488097619524,1
29.111822364472893,1
34.460892178435685,1
34.950990198039605,1
37.69553910782156,1
29.64392878575715,1
22.768553710742147,1
18.119623924784957,1
22.068413682736548,1
20.402080416083216,1
21.032206441288256,1
15.30506101220244,1
30.848169633926783,1
6.133226645329065,1
24.86897379475895,1
22.180436087217444,1
18.875775155031004,1
20.668133626725343,1
35.73514702940588,1
30.54010802160432,1
20.78015603120624,1
32.27645529105821,1
15.361072214442888,1
50.13002600520104,1
42.55451090218043,1
13.792758551710342,1
31.030206041208242,1
21.914382876575313,1
21.074214842968594,1
10.810162032406481,1
14.562912582516503,1
12.560512102420484,1
26.227245449089818,1
14.688937787557512,1
28.1876375275055,1
37.05141028205641,1
44.10882176435287,1
26.199239847969594,1
25.093018603720743,1
50.704140828165635,1
38.18563712742549,1
16.831366273254652,1
9.115823164632927,1
29.65793158631726,1
18.595719143828767,1
26.38127625525105,1
26.50730146029206,1
24.154830966193238,1
30.736147229445887,1
22.600520104020802,1
18.35767153430686,1
32.066413282656534,1
29.335867173434686,1
24.644928985797158,1
34.44688937787557,1
16.69133826765353,1
31.338267653530707,1
24.182836567313462,1
43.5627125425085,1
13.932786557311461,1
27.333466693338668,1
13.078615723144628,1
10.222044408881777,1
20.500100020004002,1
18.76375275055011,1
16.817363472694538,1
39.61392278455691,1
37.8495699139828,1
15.585117023404681,1
11.860372074414883,1
49.89197839567913,1
20.486097219443888,1
11.160232046409282,1
26.7873574714943,1
18.97379475895179,1
27.333466693338668,1
22.726545309061812,1
28.859771954390876,1
36.71534306861372,1
22.79655931186237,1
42.03640728145629,1
23.27265453090618,1
13.84876975395079,1
41.68633726745349,1
41.40628125625125,1
15.151030206041208,1
44.752950590118026,1
34.51690338067613,1
35.39907981596319,1
37.8495699139828,1
24.02880576115223,1
17.65753150630126,1
27.501500300060012,1
24.39287857571514,1
28.57971594318864,1
30.82016403280656,1
14.254850970194038,1
34.99299859971994,1
21.39627925585117,1
33.10262052410482,1
16.187237447489498,1
20.822164432886577,1
25.121024204840968,1
31.744348869773955,1
23.664732946589318,1
14.842968593718743,1
17.65753150630126,1
25.00900180036007,1
32.780556111222246,1
36.1132226445289,1
33.354670934186835,1
9.745949189837967,1
20.13602720544109,1
38.143628725745145,1
19.911982396479296,1
21.39627925585117,1
30.62412482496499,1
17.67153430686137,1
36.63132626525305,1
33.634726945389076,1
39.62792558511702,1
27.361472294458892,1
8.44368873774755,1
33.9007801560312,1
20.738147629525905,1
39.557911582316464,1
22.236447289457892,1
17.139427885577113,1
22.51650330066013,1
43.730746149229844,1
19.155831166233245,1
32.17843568713743,1
20.948189637927584,1
19.631926385277055,1
15.739147829565912,1
18.735747149429887,1
33.00460092018404,1
21.844368873774755,1
23.104620924184836,1
33.08861772354471,1
17.139427885577113,1
18.049609921984395,1
20.99019803960792,1
29.181836367273455,1
32.458491698339664,1
16.11722344468894,1
23.314662932586515,1
37.905581116223246,1
17.083416683336665,1
43.95479095819164,1
39.85197039407881,1
31.38027605521104,1
11.188237647529506,1
28.439687937587518,1
26.101220244048807,1
28.313662732546508,1
15.417083416683337,1
29.125825165033007,1
22.894578915783157,1
27.851570314062812,1
24.112822564512904,1
27.263452690538106,1
41.04220844168834,1
32.33246649329866,1
14.926985397079415,1
22.040408081616324,1
21.662332466493297,1
32.68253650730146,1
15.319063812762552,1
21.438287657531507,1
13.652730546109222,1
25.49909981996399,1
37.94758951790358,1
14.422884576915383,1
29.111822364472893,1
34.08281656331266,1
14.352870574114823,1
17.9375875175035,1
17.51750350070014,1
39.57191438287657,1
37.709541908381674,1
26.3252650530106,1
28.425685137027404,1
29.405881176235248,1
8.331666333266654,1
42.8625725145029,1
7.099419883976795,1
17.503500700140027,1
34.04080816163233,1
20.388077615523105,1
32.6125225045009,1
30.82016403280656,1
15.991198239647929,1
38.92778555711142,1
35.04900980196039,1
30.76415283056611,1
21.802360472094417,1
19.477895579115824,1
31.016203240648128,1
20.332066413282657,1
34.75495099019804,1
20.55611122224445,1
34.78295659131826,1
47.37147429485897,1
19.687937587517503,1
35.31506301260252,1
30.31606321264253,1
16.999399879975996,1
12.140428085617122,1
32.9625925185037,1
9.927985597119424,1
27.809561912382474,1
32.7245449089818,1
23.706741348269652,1
55.35307061412282,1
24.322864572914582,1
27.92158431686337,1
44.20684136827365,1
27.851570314062812,1
19.337867573514703,1
34.55891178235647,1
35.79115823164633,1
38.5497099419884,1
22.894578915783157,1
14.590918183636727,1
13.008601720344068,1
41.25225045009002,1
31.38027605521104,1
31.29625925185037,1
37.79355871174235,1
18.97379475895179,1
55.07301460292058,1
19.631926385277055,1
40.77615523104621,1
25.709141828365674,1
25.40108021604321,1
22.51650330066013,1
20.612122424484895,1
22.250450090018003,1
21.788357671534307,1
29.629925985197037,1
28.69173834766953,1
42.09241848369674,1
28.999799959991996,1
11.23024604920984,1
22.474494898979795,1
26.059211842368473,1
20.976195239047808,1
13.512702540508101,1
16.803360672134428,1
34.34886977395479,1
27.459491898379675,1
35.441088217643525,1
15.389077815563112,1
31.39427885577115,1
24.08481696339268,1
34.89497899579916,1
18.315663132626526,1
20.584116823364674,1
11.202240448089618,1
28.439687937587518,1
36.32326465293058,1
45.817163432686534,1
27.123424684936985,1
19.785957191438285,1
14.464892978595719,1
22.334466893378675,1
14.002800560112021,1
18.69373874774955,1
32.68253650730146,1
29.20984196839368,1
22.614522904580916,1
29.02780556111222,1
41.74234846969394,1
27.025405081016203,1
37.06541308261652,1
23.300660132026405,1
16.019203840768153,1
39.0258051610322,1
19.841968393678734,1
34.68493698739748,1
17.405481096219244,1
14.870974194838967,1
36.729345869173834,1
17.433486697339468,1
34.57291458291658,1
28.25765153030606,1
36.16923384676935,1
39.96399279855971,1
32.36047209441888,1
39.095819163832765,1
26.60532106421284,1
21.95639127825565,1
13.484696939387877,1
18.77775555111022,1
28.87377475495099,1
16.299259851970394,1
16.873374674934986,1
28.69173834766953,1
29.321864372874575,1
29.195839167833565,1
23.46869373874775,1
42.70854170834167,1
22.474494898979795,1
16.243248649729946,1
33.08861772354471,1
22.51650330066013,1
46.405281056211244,1
14.716943388677736,1
47.6375275055011,1
17.125425085017003,1
27.865573114622922,1
17.153430686137227,1
35.161032206441284,1
17.18143628725745,1
11.944388877775555,1
12.518503700740148,1
12.434486897379475,1
20.8501700340068,1
25.00900180036007,1
17.125425085017003,1
19.071814362872573,1
23.664732946589318,1
20.318063612722543,1
31.016203240648128,1
42.778555711142225,1
16.70534106821364,1
20.976195239047808,1
32.7245449089818,1
40.45409081816363,1
7.715543108621724,1
20.08001600320064,1
27.459491898379675,1
31.842368473694737,1
21.704340868173635,1
23.25865173034607,1
14.26885377075415,1
20.822164432886577,1
35.24504900980196,1
9.171834366873375,1
13.400680136027205,1
33.71874374874975,1
32.54250850170034,1
21.424284856971394,1
11.412282456491297,1
28.915783156631324,1
16.13122624524905,1
14.912982596519303,1
26.99739947989598,1
35.49709941988397,1
26.367273454690938,1
21.802360472094417,1
15.627125425085017,1
18.02160432086417,1
30.45609121824365,1
13.596719343868774,1
35.79115823164633,1
50.99819963992798,1
31.898379675935185,1
27.43148629725945,1
53.42068413682736,1
19.26785357071414,1
27.039407881576313,1
20.43008601720344,1
30.932186437287456,1
23.18863772754551,1
13.400680136027205,1
12.4624924984997,1
27.62752550510102,1
26.339267853570714,1
18.889777955591118,1
36.44928985797159,1
17.363472694538906,1
20.528105621124226,1
27.1374274854971,1
20.836167233446687,1
28.11762352470494,1
15.683136627325464,1
20.64012802560512,1
14.464892978595719,1
12.93858771754351,1
24.546909381876375,1
23.202640528105622,1
42.876575315063015,1
14.016803360672133,1
28.159631926385277,1
17.069413882776555,1
29.79795959191838,1
24.476895379075813,1
13.820764152830566,1
23.104620924184836,1
37.23344668933787,1
15.655131026205241,1
23.034606921384277,1
23.216643328665732,1
26.241248249649928,1
22.866573314662933,1
27.1374274854971,1
37.56951390278056,1
26.74534906981396,1
30.512102420484094,1
15.361072214442888,1
30.62412482496499,1
26.535307061412283,1
12.056411282256452,1
28.1876375275055,1
13.120624124824964,1
9.40988197639528,1
23.664732946589318,1
20.948189637927584,1
8.667733546709341,1
18.35767153430686,1
41.7003400680136,1
34.26485297059412,1
24.280856171234245,1
26.199239847969594,1
22.250450090018003,1
15.053010602120423,1
32.54250850170034,1
19.701940388077617,1
23.230646129225846,1
41.56031206241248,1
45.53710742148429,1
23.566713342668532,1
20.836167233446687,1
41.53230646129226,1
15.93518703740748,1
30.89017803560712,1
33.480696139227845,1
7.4774954990998195,1
25.9751950390078,1
26.829365873174634,1
19.02980596119224,1
24.9249849969994,1
25.96119223844769,1
30.41408281656331,1
27.75355071014203,1
37.19143828765753,1
14.016803360672133,1
19.30986197239448,1
16.27125425085017,1
18.105621124224843,1
16.27125425085017,1
22.684536907381474,1
21.424284856971394,1
21.25625125025005,1
30.106021204240847,1
16.817363472694538,1
8.93378675735147,1
21.942388477695538,1
18.749749949989997,1
16.95739147829566,1
8.541708341668333,1
8.093618723744749,1
34.19483896779356,1
24.71494298859772,1
42.204440888177636,1
44.0248049609922,1
28.355671134226846,1
18.35767153430686,1
16.803360672134428,1
25.429085817163433,1
38.82976595319064,1
16.047209441888377,1
36.32326465293058,1
19.911982396479296,1
16.397279455891177,1
20.066013202640526,1
28.789757951590317,1
45.971194238847765,1
43.82876575315063,1
14.800960192038406,1
33.564712942588514,1
23.202640528105622,1
17.839567913582716,1
24.154830966193238,1
35.79115823164633,1
16.873374674934986,1
13.036607321464292,1
22.0124024804961,1
33.43868773754751,1
24.980996199239847,1
24.196839367873572,1
22.97859571914383,1
15.963192638527705,1
17.643528705741147,1
43.40868173634727,1
14.352870574114823,1
27.865573114622922,1
22.964592918583715,1
16.537307461492297,1
29.48989797959592,1
16.355271054210842,1
36.42128425685137,1
23.300660132026405,1
20.262052410482095,1
35.00700140028005,1
37.863572714542904,1
18.917783556711342,1
29.909981996399278,1
25.793158631726346,1
26.689337867573514,1
23.678735747149428,1
37.345469093818764,1
43.40868173634727,1
29.237847569513903,1
20.738147629525905,1
34.642928585717144,1
41.36427285457091,1
21.69033806761352,1
34.29285857171434,1
27.47349469893979,1
11.328265653130625,1
17.839567913582716,1
27.76755351070214,1
19.11382276455291,1
32.19243848769754,1
39.095819163832765,1
12.140428085617122,1
20.92018403680736,1
22.278455691138227,1
24.37887577515503,1
18.595719143828767,1
22.83856771354271,1
31.618323664732944,1
14.254850970194038,1
12.60252050410082,1
40.42608521704341,1
41.12622524504901,1
21.634326865373072,1
13.876775355071015,1
24.630926185237048,1
31.338267653530707,1
26.367273454690938,1
15.16503300660132,1
38.66173234646929,1
11.370274054810961,1
13.30266053210642,1
30.76415283056611,1
32.55651130226045,1
30.386077215443088,1
12.028405681136228,1
23.440688137627525,1
36.91138227645529,1
20.836167233446687,1
53.7007401480296,1
32.48649729945989,1
40.174034806961394,1
18.371674334866974,1
19.95399079815963,1
21.858371674334865,1
20.668133626725343,1
30.498099619923984,1
32.31846369273855,1
39.75395079015803,1
16.69133826765353,1
39.68393678735747,1
20.486097219443888,1
14.940988197639527,1
31.660332066413282,1
19.771954390878175,1
14.996999399879975,1
47.30146029205841,1
23.636727345469094,1
40.566113222644525,1
14.296859371874374,1
26.759351870374076,1
31.38027605521104,1
12.616523304660932,1
22.69853970794159,1
29.139827965593117,1
36.47729545909182,1
19.211842368473693,1
15.137027405481096,1
10.810162032406481,1
24.196839367873572,1
33.67673534706941,1
29.811962392478495,1
26.11522304460892,1
19.39387877575515,1
34.40488097619524,1
23.7627525505101,1
18.861772354470894,1
35.37107421484297,1
25.69513902780556,1
14.156831366273254,1
13.484696939387877,1
15.277055411082216,1
26.52130426085217,1
10.768153630726145,1
27.22144428885777,1
32.08041608321664,1
21.284256851370273,1
23.454690938187635,1
41.78435687137427,1
7.015403080616123,1
18.329665933186636,1
10.93618723744749,1
13.442688537707541,1
24.840968193638727,1
28.649729945989197,1
19.071814362872573,1
27.90758151630326,1
28.761752350470093,1
27.725545109021805,1
25.583116623324663,1
19.673934786957393,1
30.848169633926783,1
23.300660132026405,1
27.543508701740347,1
26.157231446289256,1
25.779155831166232,1
17.37747549509902,1
29.909981996399278,1
37.68153630726145,1
15.697139427885576,1
29.71394278855771,1
42.162432486497295,1
38.36767353470694,1
9.283856771354271,1
24.896979395879175,1
28.565713142628525,1
20.86417283456691,1
29.965993198639726,1
29.16783356671334,1
16.187237447489498,1
11.328265653130625,1
20.836167233446687,1
30.80616123224645,1
30.66613322664533,1
48.16963392678536,1
19.477895579115824,1
15.23504700940188,1
19.995999199839968,1
35.875175035007,1
24.16883376675335,1
7.127425485097019,1
27.865573114622922,1
47.5255051010202,1
31.058211642328466,1
17.307461492298458,1
35.97319463892779,1
19.533906781356272,1
15.137027405481096,1
25.35907181436287,1
30.092018403680736,1
26.18523704740948,1
37.009401880376075,1
31.464292858571714,1
17.65753150630126,1
20.57011402280456,1
27.683536707341467,1
25.40108021604321,1
38.7877575515103,1
33.4246849369874,1
34.81096219243849,1
42.778555711142225,1
26.255251050210042,1
31.072214442888576,1
31.78635727145429,1
26.297259451890376,1
26.241248249649928,1
35.11902380476095,1
22.082416483296658,1
21.802360472094417,1
30.708141628325663,1
40.566113222644525,1
30.232046409281857,1
18.665733146629325,1
31.85637127425485,1
34.04080816163233,1
23.398679735947187,1
16.355271054210842,1
